index,word0,word1,engine_id,quantity,price,timestamp
0,0x109670ec,0x00133bc5,0,19,153.01,278294764
1,0x109670ec,0x04216ecd,4,33,283.65,278294764
2,0x109670ec,0x05132377,5,19,90.79,278294764
3,0x109670ec,0x073012d8,7,48,48.24,278294764
4,0x109670ec,0x00013bc5,0,1,153.01,278294764
5,0x109670ec,0x013d1128,1,61,43.92,278294764
6,0x109670ec,0x021648ec,2,22,186.68,278294764
7,0x109670ec,0x05082377,5,8,90.79,278294764
8,0x109670ec,0x071f12d8,7,31,48.24,278294764
9,0x10967105,0x00063bc2,0,6,152.98,278294789
10,0x10967108,0x073812d7,7,56,48.23,278294792
11,0x109670fd,0x01051127,1,5,43.91,278294781
12,0x109670fd,0x020248e8,2,2,186.64,278294781
13,0x109670ec,0x031930a7,3,25,124.55,278294764
14,0x10967106,0x041c6ec6,4,28,283.58,278294790
15,0x10967105,0x00353bc2,0,53,152.98,278294789
16,0x10967107,0x052d2375,5,45,90.77,278294791
17,0x109670f2,0x060607a1,6,6,19.53,278294770
18,0x10967120,0x04206ea4,4,32,283.24,278294816
19,0x109670fd,0x01031127,1,3,43.91,278294781
20,0x109670fd,0x023648e8,2,54,186.64,278294781
21,0x1096712c,0x05182375,5,24,90.77,278294828
22,0x10967105,0x00043bc2,0,4,152.98,278294789
23,0x1096710a,0x061307a1,6,19,19.53,278294794
24,0x10967108,0x070912d7,7,9,48.23,278294792
25,0x109670ec,0x034030a7,3,64,124.55,278294764
26,0x1096713c,0x022c48e6,2,44,186.62,278294844
27,0x10967105,0x00023bc2,0,2,152.98,278294789
28,0x109670fd,0x014d1127,1,77,43.91,278294781
29,0x1096712c,0x05092375,5,9,90.77,278294828
30,0x1096714c,0x001a3ba8,0,26,152.72,278294860
31,0x1096713c,0x021048e6,2,16,186.62,278294844
32,0x1096716a,0x05072373,5,7,90.75,278294890
33,0x1096710a,0x060307a1,6,3,19.53,278294794
34,0x10967108,0x071312d7,7,19,48.23,278294792
35,0x109670ec,0x030930a7,3,9,124.55,278294764
36,0x10967120,0x04196ea4,4,25,283.24,278294816
37,0x1096717a,0x024348d8,2,67,186.48,278294906
38,0x10967135,0x071112d7,7,17,48.23,278294837
39,0x1096714c,0x00163ba8,0,22,152.72,278294860
40,0x109670fd,0x030c30a5,3,12,124.53,278294781
41,0x109670fd,0x010a1127,1,10,43.91,278294781
42,0x1096716a,0x05132373,5,19,90.75,278294890
43,0x1096710a,0x063007a1,6,48,19.53,278294794
44,0x1096717a,0x020548d8,2,5,186.48,278294906
45,0x10967135,0x071512d7,7,21,48.23,278294837
46,0x1096714c,0x001c3ba8,0,28,152.72,278294860
47,0x10967120,0x04046ea4,4,4,283.24,278294816
48,0x109670fd,0x030b30a5,3,11,124.53,278294781
49,0x109670fd,0x01011127,1,1,43.91,278294781
50,0x10967167,0x00393b97,0,57,152.55,278294887
51,0x1096716a,0x05212373,5,33,90.75,278294890
52,0x10967135,0x071512d7,7,21,48.23,278294837
53,0x1096717a,0x020348d8,2,3,186.48,278294906
54,0x1096710a,0x060507a1,6,5,19.53,278294794
55,0x109670fd,0x033630a5,3,54,124.53,278294781
56,0x10967120,0x04146ea4,4,20,283.24,278294816
57,0x109671b8,0x022b48c9,2,43,186.33,278294968
58,0x1096719d,0x00473b96,0,71,152.54,278294941
59,0x10967124,0x060b07a1,6,11,19.53,278294820
60,0x109671c3,0x01331123,1,51,43.87,278294979
61,0x10967117,0x032d30a4,3,45,124.52,278294807
62,0x1096716a,0x05062373,5,6,90.75,278294890
63,0x10967160,0x04186e9b,4,24,283.15,278294880
64,0x10967135,0x070112d7,7,1,48.23,278294837
65,0x109671d5,0x0531236b,5,49,90.67,278294997
66,0x1096717c,0x04046e81,4,4,282.89,278294908
67,0x109671e5,0x021648c4,2,22,186.28,278295013
68,0x10967148,0x070c12d6,7,12,48.22,278294856
69,0x10967202,0x0508236b,5,8,90.67,278295042
70,0x1096719d,0x001c3b96,0,28,152.54,278294941
71,0x109671b3,0x04036e7f,4,3,282.87,278294963
72,0x10967124,0x063d07a1,6,61,19.53,278294820
73,0x10967117,0x033030a4,3,48,124.52,278294807
74,0x10967171,0x060707a0,6,7,19.52,278294897
75,0x10967146,0x030830a0,3,8,124.48,278294854
76,0x109671e5,0x020d48c4,2,13,186.28,278295013
77,0x10967202,0x0518236b,5,24,90.67,278295042
78,0x10967148,0x071112d6,7,17,48.22,278294856
79,0x109671fd,0x011b1120,1,27,43.84,278295037
80,0x109671a9,0x060707a0,6,7,19.52,278294953
81,0x109671b8,0x00023b95,0,2,152.53,278294968
82,0x10967260,0x051a2368,5,26,90.64,278295136
83,0x109671b3,0x041e6e7f,4,30,282.87,278294963
84,0x10967175,0x074012d6,7,64,48.22,278294901
85,0x10967200,0x00073b94,0,7,152.52,278295040
86,0x10967146,0x030330a0,3,3,124.48,278294854
87,0x109671e5,0x021d48c4,2,29,186.28,278295013
88,0x10967228,0x022e48c4,2,46,186.28,278295080
89,0x10967260,0x05112368,5,17,90.64,278295136
90,0x109671a9,0x064d07a0,6,77,19.52,278294953
91,0x109671fd,0x01081120,1,8,43.84,278295037
92,0x109671b3,0x042f6e7f,4,47,282.87,278294963
93,0x10967175,0x071412d6,7,20,48.22,278294901
94,0x10967200,0x002d3b94,0,45,152.52,278295040
95,0x10967237,0x011b111e,1,27,43.82,278295095
96,0x10967146,0x031130a0,3,17,124.48,278294854
97,0x109671bb,0x072812d5,7,40,48.21,278294971
98,0x10967260,0x050f2368,5,15,90.64,278295136
99,0x10967228,0x023048c4,2,48,186.28,278295080
100,0x109671c2,0x03183091,3,24,124.33,278294978
101,0x109671e8,0x071212d5,7,18,48.21,278295016
102,0x109671a9,0x060e07a0,6,14,19.52,278294953
103,0x10967257,0x020a48be,2,10,186.22,278295127
104,0x109671b3,0x04036e7f,4,3,282.87,278294963
105,0x10967200,0x00173b94,0,23,152.52,278295040
106,0x109671e0,0x0650079f,6,80,19.51,278295008
107,0x10967237,0x011d111e,1,29,43.82,278295095
108,0x109671c2,0x03423091,3,66,124.33,278294978
109,0x10967260,0x05092368,5,9,90.64,278295136
110,0x1096722d,0x00123b8b,0,18,152.43,278295085
111,0x109671e8,0x072912d5,7,41,48.21,278295016
112,0x109672a0,0x05582362,5,88,90.58,278295200
113,0x10967257,0x022d48be,2,45,186.22,278295127
114,0x109672b2,0x00273b86,0,39,152.38,278295218
115,0x10967215,0x070d12d5,7,13,48.21,278295061
116,0x109671ea,0x042a6e7d,4,42,282.85,278295018
117,0x10967286,0x020f48b6,2,15,186.14,278295174
118,0x109671e0,0x060f079f,6,15,19.51,278295008
119,0x10967259,0x0106111d,1,6,43.81,278295129
120,0x109671c2,0x03023091,3,2,124.33,278294978
121,0x109672a0,0x05022362,5,2,90.58,278295200
122,0x109671f1,0x0326308f,3,38,124.31,278295025
123,0x10967297,0x0106111d,1,6,43.81,278295191
124,0x109672b2,0x00193b86,0,25,152.38,278295218
125,0x109672cd,0x05132362,5,19,90.58,278295245
126,0x10967215,0x070a12d5,7,10,48.21,278295061
127,0x109671ea,0x042c6e7d,4,44,282.85,278295018
128,0x10967312,0x022548aa,2,37,186.02,278295314
129,0x109671e0,0x0602079f,6,2,19.51,278295008
130,0x109672e1,0x00083b6e,0,8,152.14,278295265
131,0x10967259,0x072912d2,7,41,48.18,278295129
132,0x1096726b,0x04326e5b,4,50,282.51,278295147
133,0x1096735b,0x021a48aa,2,26,186.02,278295387
134,0x10967234,0x0634079f,6,52,19.51,278295092
135,0x1096734d,0x001d3b5e,0,29,151.98,278295373
136,0x109672a4,0x070a12d2,7,10,48.18,278295204
137,0x109672cd,0x05192362,5,25,90.58,278295245
138,0x10967297,0x014a111d,1,74,43.81,278295191
139,0x109671f1,0x030c308f,3,12,124.31,278295025
140,0x10967238,0x032f308b,3,47,124.27,278295096
141,0x1096735b,0x021e48aa,2,30,186.02,278295387
142,0x1096726b,0x04306e5b,4,48,282.51,278295147
143,0x109672a4,0x070612d2,7,6,48.18,278295204
144,0x1096734d,0x000e3b5e,0,14,151.98,278295373
145,0x10967234,0x061e079f,6,30,19.51,278295092
146,0x109672cd,0x05122362,5,18,90.58,278295245
147,0x109673ae,0x00173b53,0,23,151.87,278295470
148,0x109672a2,0x04336e56,4,51,282.46,278295202
149,0x109672fe,0x05102360,5,16,90.56,278295294
150,0x1096730c,0x074512d1,7,69,48.17,278295308
151,0x1096729a,0x0624079d,6,36,19.49,278295194
152,0x10967297,0x0114111d,1,20,43.81,278295191
153,0x10967238,0x0307308b,3,7,124.27,278295096
154,0x10967350,0x070412d1,7,4,48.17,278295376
155,0x10967329,0x013e111a,1,62,43.78,278295337
156,0x1096735b,0x020c48aa,2,12,186.02,278295387
157,0x10967285,0x0306308a,3,6,124.26,278295173
158,0x109673ae,0x00293b53,0,41,151.87,278295470
159,0x109672fe,0x05102360,5,16,90.56,278295294
160,0x109672a2,0x042d6e56,4,45,282.46,278295202
161,0x10967350,0x073012d1,7,48,48.17,278295376
162,0x109672b4,0x030d3089,3,13,124.25,278295220
163,0x1096729a,0x0603079d,6,3,19.49,278295194
164,0x109673f9,0x00263b48,0,38,151.76,278295545
165,0x1096735b,0x022248aa,2,34,186.02,278295387
166,0x109672d9,0x04056e45,4,5,282.29,278295257
167,0x10967342,0x0518235b,5,24,90.51,278295362
168,0x10967329,0x011f111a,1,31,43.78,278295337
169,0x109672d1,0x0605079c,6,5,19.48,278295249
170,0x10967389,0x05212358,5,33,90.48,278295433
171,0x109673a5,0x020d489f,2,13,185.91,278295461
172,0x10967350,0x070512d1,7,5,48.17,278295376
173,0x109672b4,0x034c3089,3,76,124.25,278295220
174,0x109673f9,0x000b3b48,0,11,151.76,278295545
175,0x109673dc,0x022c4897,2,44,185.83,278295516
176,0x10967443,0x000e3b43,0,14,151.71,278295619
177,0x109672d9,0x04086e45,4,8,282.29,278295257
178,0x10967389,0x05142358,5,20,90.48,278295433
179,0x10967329,0x0108111a,1,8,43.78,278295337
180,0x109672d1,0x0614079c,6,20,19.48,278295249
181,0x10967350,0x070e12d1,7,14,48.17,278295376
182,0x1096731f,0x04216e25,4,33,281.97,278295327
183,0x10967382,0x010c1119,1,12,43.77,278295426
184,0x10967325,0x0635079c,6,53,19.48,278295333
185,0x109673b2,0x070312d1,7,3,48.17,278295474
186,0x10967301,0x030f3086,3,15,124.22,278295297
187,0x109673dc,0x022b4897,2,43,185.83,278295516
188,0x10967356,0x04196e1a,4,25,281.86,278295382
189,0x10967443,0x00073b43,0,7,151.71,278295619
190,0x10967389,0x051e2358,5,30,90.48,278295433
191,0x1096737f,0x031b307d,3,27,124.13,278295423
192,0x109673a4,0x04106e11,4,16,281.77,278295460
193,0x109673b6,0x050a2352,5,10,90.42,278295478
194,0x10967382,0x010e1119,1,14,43.77,278295426
195,0x10967325,0x0610079c,6,16,19.48,278295333
196,0x109673d1,0x032f307c,3,47,124.12,278295505
197,0x109673b2,0x072a12d1,7,42,48.17,278295474
198,0x109673dc,0x02064897,2,6,185.83,278295516
199,0x1096740d,0x071812cd,7,24,48.13,278295565
200,0x10967443,0x00493b43,0,73,151.71,278295619
201,0x109673a4,0x042f6e11,4,47,281.77,278295460
202,0x1096748d,0x00033b35,0,3,151.57,278295693
203,0x109673fb,0x053c234e,5,60,90.38,278295547
204,0x109673d1,0x0317307c,3,23,124.12,278295505
205,0x10967382,0x01141119,1,20,43.77,278295426
206,0x10967325,0x0605079c,6,5,19.48,278295333
207,0x109674c0,0x000c3b35,0,12,151.57,278295744
208,0x1096740d,0x070612cd,7,6,48.13,278295565
209,0x10967462,0x0528234e,5,40,90.38,278295650
210,0x109673dc,0x02094897,2,9,185.83,278295516
211,0x1096743d,0x0326307c,3,38,124.12,278295613
212,0x1096735c,0x0613079c,6,19,19.48,278295388
213,0x109673a4,0x041c6e11,4,28,281.77,278295460
214,0x10967418,0x02154896,2,21,185.82,278295576
215,0x10967462,0x0523234e,5,35,90.38,278295650
216,0x109674c0,0x001e3b35,0,30,151.57,278295744
217,0x1096743d,0x0316307c,3,22,124.12,278295613
218,0x109673fa,0x04246e09,4,36,281.69,278295546
219,0x109673aa,0x0647079b,6,71,19.47,278295466
220,0x1096747d,0x020c4892,2,12,185.78,278295677
221,0x1096740d,0x072b12cd,7,43,48.13,278295565
222,0x10967382,0x011c1119,1,28,43.77,278295426
223,0x10967520,0x00353b2d,0,53,151.49,278295840
224,0x1096743a,0x073a12cd,7,58,48.13,278295610
225,0x109673ff,0x0605079b,6,5,19.47,278295551
226,0x109673b9,0x01111117,1,17,43.75,278295481
227,0x10967462,0x0514234e,5,20,90.38,278295650
228,0x1096743d,0x031d307c,3,29,124.12,278295613
229,0x109673fa,0x043e6e09,4,62,281.69,278295546
230,0x1096747d,0x022f4892,2,47,185.78,278295677
231,0x1096748f,0x051f234e,5,31,90.38,278295695
232,0x10967520,0x001f3b2d,0,31,151.49,278295840
233,0x10967417,0x01101116,1,16,43.74,278295575
234,0x10967478,0x03073077,3,7,124.07,278295672
235,0x1096743a,0x070d12cd,7,13,48.13,278295610
236,0x10967450,0x04146dea,4,20,281.38,278295632
237,0x10967455,0x0631079a,6,49,19.46,278295637
238,0x10967467,0x070512cb,7,5,48.11,278295655
239,0x10967453,0x01101116,1,16,43.74,278295635
240,0x109674d3,0x040e6dc8,4,14,281.04,278295763
241,0x109674aa,0x06150799,6,21,19.45,278295722
242,0x1096748f,0x0537234e,5,55,90.38,278295695
243,0x1096747d,0x020d4892,2,13,185.78,278295677
244,0x10967478,0x03053077,3,5,124.07,278295672
245,0x1096756a,0x00283b1c,0,40,151.32,278295914
246,0x109674e1,0x06130798,6,19,19.44,278295777
247,0x109674ef,0x02234886,2,35,185.66,278295791
248,0x10967467,0x075d12cb,7,93,48.11,278295655
249,0x109674e3,0x03113073,3,17,124.03,278295779
250,0x10967453,0x011e1116,1,30,43.74,278295635
251,0x109674d3,0x04326dc8,4,50,281.04,278295763
252,0x109674b1,0x070112cb,7,1,48.11,278295729
253,0x1096748f,0x0510234e,5,16,90.38,278295695
254,0x1096750a,0x04046dc2,4,4,280.98,278295818
255,0x1096756a,0x00043b1c,0,4,151.32,278295914
256,0x109674e1,0x06050798,6,5,19.44,278295777
257,0x109674dc,0x051f233f,5,31,90.23,278295772
258,0x109674ef,0x02074886,2,7,185.66,278295791
259,0x109674e3,0x03033073,3,3,124.03,278295779
260,0x10967453,0x01301116,1,48,43.74,278295635
261,0x10967525,0x05262338,5,38,90.16,278295845
262,0x109674b1,0x072812cb,7,40,48.11,278295729
263,0x1096755b,0x020c4882,2,12,185.62,278295899
264,0x10967529,0x0323306f,3,35,123.99,278295849
265,0x109674a7,0x01311116,1,49,43.74,278295719
266,0x1096750a,0x04436dc2,4,67,280.98,278295818
267,0x109674e1,0x061b0798,6,27,19.44,278295777
268,0x10967522,0x070612c9,7,6,48.09,278295842
269,0x1096756a,0x00273b1c,0,39,151.32,278295914
270,0x10967558,0x030f306f,3,15,123.99,278295896
271,0x10967559,0x04026dad,4,2,280.77,278295897
272,0x10967525,0x05392338,5,57,90.16,278295845
273,0x1096756d,0x073612c9,7,54,48.09,278295917
274,0x109675a1,0x00023b18,0,2,151.28,278295969
275,0x109675a3,0x032c3064,3,44,123.88,278295971
276,0x10967597,0x022c4878,2,44,185.52,278295959
277,0x10967554,0x05032337,5,3,90.15,278295892
278,0x109674e1,0x06080798,6,8,19.44,278295777
279,0x109674a7,0x011f1116,1,31,43.74,278295719
280,0x10967559,0x04076dad,4,7,280.77,278295897
281,0x1096756d,0x070512c9,7,5,48.09,278295917
282,0x109675a1,0x00053b18,0,5,151.28,278295969
283,0x109675a3,0x033a3064,3,58,123.88,278295971
284,0x10967554,0x050a2337,5,10,90.15,278295892
285,0x109675c4,0x04016dab,4,1,280.75,278296004
286,0x109675b8,0x070612c8,7,6,48.08,278295992
287,0x10967597,0x02164878,2,22,185.52,278295959
288,0x109675ef,0x03113061,3,17,123.85,278296047
289,0x109674df,0x01291115,1,41,43.73,278295775
290,0x109674e1,0x06030798,6,3,19.44,278295777
291,0x109675fc,0x075212c7,7,82,48.07,278296060
292,0x109675e5,0x02134877,2,19,185.51,278296037
293,0x10967665,0x070112c7,7,1,48.07,278296165
294,0x1096757a,0x062f0798,6,47,19.44,278295930
295,0x109675a1,0x000e3b18,0,14,151.28,278295969
296,0x10967554,0x05182337,5,24,90.15,278295892
297,0x10967671,0x020f4873,2,15,185.47,278296177
298,0x109675ef,0x03273061,3,39,123.85,278296047
299,0x109675c4,0x04146dab,4,20,280.75,278296004
300,0x109675de,0x06150798,6,21,19.44,278296030
301,0x1096759a,0x05032337,5,3,90.15,278295962
302,0x10967614,0x002d3b0c,0,45,151.16,278296084
303,0x10967612,0x041a6daa,4,26,280.74,278296082
304,0x1096751b,0x01211114,1,33,43.72,278295835
305,0x10967660,0x040b6da1,4,11,280.65,278296160
306,0x10967671,0x02384873,2,56,185.47,278296177
307,0x1096759a,0x05412337,5,65,90.15,278295962
308,0x109675ef,0x031b3061,3,27,123.85,278296047
309,0x10967665,0x072712c7,7,39,48.07,278296165
310,0x109675de,0x06280798,6,40,19.44,278296030
311,0x1096766b,0x00103b08,0,16,151.12,278296171
312,0x1096766d,0x03353058,3,53,123.76,278296173
313,0x109676d3,0x072112c7,7,33,48.07,278296275
314,0x1096751b,0x013e1114,1,62,43.72,278295835
315,0x10967615,0x060e0797,6,14,19.43,278296085
316,0x10967660,0x04166da1,4,22,280.65,278296160
317,0x109675b9,0x011c1114,1,28,43.72,278295993
318,0x10967671,0x020c4873,2,12,185.47,278296177
319,0x1096759a,0x05032337,5,3,90.15,278295962
320,0x1096766b,0x002e3b08,0,46,151.12,278296171
321,0x109676d3,0x072912c7,7,41,48.07,278296275
322,0x1096766d,0x031b3058,3,27,123.76,278296173
323,0x109676e1,0x024e4871,2,78,185.45,278296289
324,0x10967615,0x062b0797,6,43,19.43,278296085
325,0x10967660,0x041a6da1,4,26,280.65,278296160
326,0x109675c9,0x05062336,5,6,90.14,278296009
327,0x109676ef,0x071512c7,7,21,48.07,278296303
328,0x109676b6,0x031c3053,3,28,123.71,278296246
329,0x109676ae,0x041b6d99,4,27,280.57,278296238
330,0x10967631,0x05102336,5,16,90.14,278296113
331,0x1096764c,0x062f0797,6,47,19.43,278296140
332,0x109675b9,0x013a1114,1,58,43.72,278295993
333,0x1096771f,0x0202486e,2,2,185.42,278296351
334,0x109676e5,0x03193045,3,25,123.57,278296293
335,0x10967710,0x04196d94,4,25,280.52,278296336
336,0x1096766b,0x000b3b08,0,11,151.12,278296171
337,0x10967683,0x06030796,6,3,19.42,278296195
338,0x10967647,0x011a110e,1,26,43.66,278296135
339,0x109676ef,0x071512c7,7,21,48.07,278296303
340,0x10967631,0x050b2336,5,11,90.14,278296113
341,0x109676a2,0x00053b07,0,5,151.11,278296226
342,0x109676e5,0x03313045,3,49,123.57,278296293
343,0x1096771f,0x0251486e,2,81,185.42,278296351
344,0x109676f6,0x001b3b07,0,27,151.11,278296310
345,0x10967710,0x04446d94,4,68,280.52,278296336
346,0x10967683,0x062d0796,6,45,19.42,278296195
347,0x10967647,0x0113110e,1,19,43.66,278296135
348,0x109676ef,0x073212c7,7,50,48.07,278296303
349,0x10967730,0x00153aff,0,21,151.03,278296368
350,0x10967747,0x040d6d94,4,13,280.52,278296391
351,0x109676ef,0x062e0796,6,46,19.42,278296303
352,0x10967739,0x071112c6,7,17,48.06,278296377
353,0x10967631,0x05022336,5,2,90.14,278296113
354,0x109676e5,0x03043045,3,4,123.57,278296293
355,0x10967795,0x02294850,2,41,185.12,278296469
356,0x10967677,0x05392334,5,57,90.12,278296183
357,0x10967647,0x010f110e,1,15,43.66,278296135
358,0x10967739,0x072012c6,7,32,48.06,278296377
359,0x10967747,0x04026d94,4,2,280.52,278296391
360,0x109676ef,0x06190796,6,25,19.42,278296303
361,0x10967730,0x000b3aff,0,11,151.03,278296368
362,0x109676e5,0x030e3045,3,14,123.57,278296293
363,0x10967677,0x05252334,5,37,90.12,278296183
364,0x1096779a,0x0321303a,3,33,123.46,278296474
365,0x109677f4,0x00263afb,0,38,150.99,278296564
366,0x10967795,0x02254850,2,37,185.12,278296469
367,0x109676a6,0x0505232e,5,5,90.06,278296230
368,0x109676ef,0x06010796,6,1,19.42,278296303
369,0x109677d3,0x022a484f,2,42,185.11,278296531
370,0x10967747,0x04236d94,4,35,280.52,278296391
371,0x10967739,0x071612c6,7,22,48.06,278296377
372,0x109676be,0x0109110c,1,9,43.64,278296254
373,0x10967743,0x061c0796,6,28,19.42,278296387
374,0x109677f5,0x04386d6e,4,56,280.14,278296565
375,0x1096779a,0x030d303a,3,13,123.46,278296474
376,0x10967780,0x074c12c5,7,76,48.05,278296448
377,0x109676fa,0x0115110b,1,21,43.63,278296314
378,0x1096784d,0x00103af9,0,16,150.97,278296653
379,0x109677cd,0x030f303a,3,15,123.46,278296525
380,0x109677af,0x070412c4,7,4,48.04,278296495
381,0x109676a6,0x0552232e,5,82,90.06,278296230
382,0x109677d3,0x021d484f,2,29,185.11,278296531
383,0x10967751,0x011a110a,1,26,43.62,278296401
384,0x1096780e,0x02274849,2,39,185.05,278296590
385,0x109677f5,0x04166d6e,4,22,280.14,278296565
386,0x10967743,0x060a0796,6,10,19.42,278296387
387,0x109677ab,0x0119110a,1,25,43.62,278296491
388,0x109677cd,0x033c303a,3,60,123.46,278296525
389,0x109677af,0x075112c4,7,81,48.04,278296495
390,0x1096788d,0x00353af8,0,53,150.96,278296717
391,0x1096782c,0x04286d62,4,40,280.02,278296620
392,0x109676f3,0x052e232b,5,46,90.03,278296307
393,0x109677aa,0x06380795,6,56,19.41,278296490
394,0x109677fb,0x071512c3,7,21,48.03,278296571
395,0x10967867,0x02434845,2,67,185.01,278296679
396,0x109677cd,0x0315303a,3,21,123.46,278296525
397,0x109676f3,0x0511232b,5,17,90.03,278296307
398,0x1096782c,0x04016d62,4,1,280.02,278296620
399,0x109677ab,0x0122110a,1,34,43.62,278296491
400,0x109677aa,0x06230795,6,35,19.41,278296490
401,0x109677fb,0x073d12c3,7,61,48.03,278296571
402,0x109678cd,0x002f3af1,0,47,150.89,278296781
403,0x109678b5,0x021b4841,2,27,184.97,278296757
404,0x1096787f,0x04426d5e,4,66,279.98,278296703
405,0x109677f8,0x061b0795,6,27,19.41,278296568
406,0x109677e3,0x01301109,1,48,43.61,278296547
407,0x1096782a,0x072712c3,7,39,48.03,278296618
408,0x109677cd,0x0306303a,3,6,123.46,278296525
409,0x109678d1,0x061f0793,6,31,19.39,278296785
410,0x109676f3,0x0502232b,5,2,90.03,278296307
411,0x10967828,0x01121109,1,18,43.61,278296616
412,0x10967800,0x030d3035,3,13,123.41,278296576
413,0x1096787f,0x04226d5e,4,34,279.98,278296703
414,0x1096782a,0x071012c3,7,16,48.03,278296618
415,0x10967916,0x0207483e,2,7,184.94,278296854
416,0x10967722,0x0510232b,5,16,90.03,278296354
417,0x1096784b,0x03133033,3,19,123.39,278296651
418,0x109678ce,0x04416d4a,4,65,279.78,278296782
419,0x109678d1,0x060c0793,6,12,19.39,278296785
420,0x10967792,0x05372325,5,55,89.97,278296466
421,0x10967913,0x001b3aed,0,27,150.85,278296851
422,0x1096794b,0x011c1107,1,28,43.59,278296907
423,0x1096782a,0x070312c3,7,3,48.03,278296618
424,0x10967916,0x025b483e,2,91,184.94,278296854
425,0x1096784b,0x03183033,3,24,123.39,278296651
426,0x10967896,0x072612c2,7,38,48.02,278296726
427,0x1096791c,0x04296d4a,4,41,279.78,278296860
428,0x10967792,0x051c2325,5,28,89.97,278296466
429,0x109678d1,0x06180793,6,24,19.39,278296785
430,0x10967956,0x02024839,2,2,184.89,278296918
431,0x10967894,0x0327302c,3,39,123.32,278296724
432,0x109677c1,0x051d2324,5,29,89.96,278296513
433,0x10967939,0x06140793,6,20,19.39,278296889
434,0x10967896,0x070a12c2,7,10,48.02,278296726
435,0x1096794b,0x01121107,1,18,43.59,278296907
436,0x10967894,0x030a302c,3,10,123.32,278296724
437,0x1096791c,0x04026d4a,4,2,279.78,278296860
438,0x1096793e,0x00343ae3,0,52,150.75,278296894
439,0x10967956,0x020c4839,2,12,184.89,278296918
440,0x10967973,0x04026d25,4,2,279.41,278296947
441,0x10967939,0x062a0793,6,42,19.39,278296889
442,0x109677c1,0x052c2324,5,44,89.96,278296513
443,0x10967896,0x072212c2,7,34,48.02,278296726
444,0x109679aa,0x040d6d1b,4,13,279.31,278297002
445,0x1096780f,0x053a2320,5,58,89.92,278296591
446,0x1096798b,0x01411106,1,65,43.58,278296971
447,0x10967894,0x0322302c,3,34,123.32,278296724
448,0x10967956,0x02264839,2,38,184.89,278296918
449,0x1096793e,0x00063ae3,0,6,150.75,278296894
450,0x109679d2,0x010a1106,1,10,43.58,278297042
451,0x10967939,0x06030793,6,3,19.39,278296889
452,0x1096780f,0x05022320,5,2,89.92,278296591
453,0x109678c3,0x03193027,3,25,123.27,278296771
454,0x109679aa,0x04376d1b,4,55,279.31,278297002
455,0x109678df,0x072812c1,7,40,48.01,278296799
456,0x10967974,0x062e0793,6,46,19.39,278296948
457,0x10967925,0x070f12c1,7,15,48.01,278296869
458,0x10967956,0x021f4839,2,31,184.89,278296918
459,0x109679a2,0x070512be,7,5,47.98,278296994
460,0x10967a12,0x04206cf9,4,32,278.97,278297106
461,0x109678f7,0x03353022,3,53,123.22,278296823
462,0x1096780f,0x05242320,5,36,89.92,278296591
463,0x1096793e,0x00053ae3,0,5,150.75,278296894
464,0x109679b0,0x02064833,2,6,184.83,278297008
465,0x10967966,0x0324301e,3,36,123.18,278296934
466,0x109679c6,0x06060790,6,6,19.36,278297030
467,0x109678cf,0x05182319,5,24,89.85,278296783
468,0x109679a2,0x071312be,7,19,47.98,278296994
469,0x109679fd,0x06340790,6,52,19.36,278297085
470,0x10967a46,0x04276c99,4,39,278.01,278297158
471,0x10967a38,0x013a1105,1,58,43.57,278297144
472,0x109678ff,0x05172311,5,23,89.77,278296831
473,0x10967a79,0x04046c93,4,4,277.95,278297209
474,0x10967a59,0x06120790,6,18,19.36,278297177
475,0x1096793e,0x00213ae3,0,33,150.75,278296894
476,0x10967966,0x0319301e,3,25,123.18,278296934
477,0x109679a2,0x072512be,7,37,47.98,278296994
478,0x1096797e,0x00153ae3,0,21,150.75,278296958
479,0x109679b0,0x021d4833,2,29,184.83,278297008
480,0x109679b1,0x030e301e,3,14,123.18,278297009
481,0x109678ff,0x05142311,5,20,89.77,278296831
482,0x109679d1,0x073812be,7,56,47.98,278297041
483,0x10967abd,0x04136c8f,4,19,277.91,278297277
484,0x10967a61,0x012b1100,1,43,43.52,278297185
485,0x10967976,0x05172311,5,23,89.77,278296950
486,0x10967a59,0x06430790,6,67,19.36,278297177
487,0x109679e1,0x030e3018,3,14,123.12,278297057
488,0x10967aad,0x011210ff,1,18,43.51,278297261
489,0x10967a45,0x03193013,3,25,123.07,278297157
490,0x109679d1,0x070f12be,7,15,47.98,278297041
491,0x1096797e,0x00293ae3,0,41,150.75,278296958
492,0x109679b0,0x02154833,2,21,184.83,278297008
493,0x10967976,0x05182311,5,24,89.77,278296950
494,0x1096713b,0x010801b7,1,8,4.39,278294843
495,0x10967a0f,0x071112bd,7,17,47.97,278297103
496,0x109679a7,0x001c3ad9,0,28,150.65,278296999
497,0x10967a71,0x072612bc,7,38,47.96,278297201
498,0x10967a45,0x03113013,3,17,123.07,278297157
499,0x10967ac5,0x061b078f,6,27,19.35,278297285
500,0x10967a90,0x03263013,3,38,123.07,278297232
501,0x10967976,0x05252311,5,37,89.77,278296950
502,0x109679b0,0x02234833,2,35,184.83,278297008
503,0x10967a71,0x073212bc,7,50,47.96,278297201
504,0x10967b34,0x014c10fd,1,76,43.49,278297396
505,0x109679c1,0x05092308,5,9,89.68,278297025
506,0x109679a7,0x00393ad9,0,57,150.65,278296999
507,0x10967a90,0x03063013,3,6,123.07,278297232
508,0x109679ee,0x02084832,2,8,184.82,278297070
509,0x10967ac5,0x0605078f,6,5,19.35,278297285
510,0x10967b15,0x04126c74,4,18,277.64,278297365
511,0x109679ea,0x00103ad6,0,16,150.62,278297066
512,0x10967a2c,0x02024831,2,2,184.81,278297132
513,0x10967a71,0x070512bc,7,5,47.96,278297201
514,0x10967b00,0x0643078f,6,67,19.35,278297344
515,0x109679c1,0x05472308,5,71,89.68,278297025
516,0x10967a36,0x00113acf,0,17,150.55,278297142
517,0x10967b34,0x011910fd,1,25,43.49,278297396
518,0x10967a90,0x03393013,3,57,123.07,278297232
519,0x10967aa0,0x072e12bb,7,46,47.95,278297248
520,0x10967a13,0x05142306,5,20,89.66,278297107
521,0x10967a81,0x0222482d,2,34,184.77,278297217
522,0x10967b14,0x030d3009,3,13,122.97,278297364
523,0x10967aec,0x070512ba,7,5,47.94,278297324
524,0x10967b00,0x0609078f,6,9,19.35,278297344
525,0x10967a13,0x05162306,5,22,89.66,278297107
526,0x10967a36,0x00213acf,0,33,150.55,278297142
527,0x10967aec,0x071412ba,7,20,47.94,278297324
528,0x10967a81,0x0201482d,2,1,184.77,278297217
529,0x10967b80,0x012a10fc,1,42,43.48,278297472
530,0x10967b14,0x031d3009,3,29,122.97,278297364
531,0x10967b65,0x031e3006,3,30,122.94,278297445
532,0x10967b15,0x04116c74,4,17,277.64,278297365
533,0x10967b00,0x0601078f,6,1,19.35,278297344
534,0x10967aa1,0x020a481f,2,10,184.63,278297249
535,0x10967aec,0x070a12ba,7,10,47.94,278297324
536,0x10967a13,0x050a2306,5,10,89.66,278297107
537,0x10967b22,0x0624078f,6,36,19.35,278297378
538,0x10967a36,0x00153acf,0,21,150.55,278297142
539,0x10967b5c,0x0607078e,6,7,19.34,278297436
540,0x10967a43,0x052d2306,5,45,89.66,278297155
541,0x10967b80,0x010510fc,1,5,43.48,278297472
542,0x10967b65,0x032a3006,3,42,122.94,278297445
543,0x10967bb8,0x060e078e,6,14,19.34,278297528
544,0x10967ab2,0x051a22ff,5,26,89.59,278297266
545,0x10967b9f,0x04276c6e,4,39,277.58,278297503
546,0x10967b94,0x032e3001,3,46,122.89,278297492
547,0x10967a7f,0x00123ace,0,18,150.54,278297215
548,0x10967aa1,0x0201481f,2,1,184.63,278297249
549,0x10967aec,0x071b12ba,7,27,47.94,278297324
550,0x10967bcc,0x012b10fc,1,43,43.48,278297548
551,0x10967ae9,0x0205481f,2,5,184.63,278297321
552,0x10967b4d,0x073112ba,7,49,47.94,278297421
553,0x10967b94,0x03103001,3,16,122.89,278297492
554,0x10967b9f,0x041e6c6e,4,30,277.58,278297503
555,0x10967ab2,0x052222ff,5,34,89.59,278297266
556,0x10967b2d,0x0239480b,2,57,184.43,278297389
557,0x10967bf2,0x0602078d,6,2,19.33,278297586
558,0x10967a7f,0x004b3ace,0,75,150.54,278297215
559,0x10967be0,0x03012fff,3,1,122.87,278297568
560,0x10967afe,0x052022fa,5,32,89.54,278297342
561,0x10967bcc,0x012110fc,1,33,43.48,278297548
562,0x10967bbe,0x04076c6d,4,7,277.57,278297534
563,0x10967b7c,0x072b12b9,7,43,47.93,278297468
564,0x10967ae5,0x00193ac6,0,25,150.46,278297317
565,0x10967c2c,0x030a2ffa,3,10,122.82,278297644
566,0x10967be3,0x072312b8,7,35,47.92,278297571
567,0x10967c18,0x014210fa,1,66,43.46,278297624
568,0x10967be1,0x040c6c69,4,12,277.53,278297569
569,0x10967bf2,0x064d078d,6,77,19.33,278297586
570,0x10967b2d,0x0207480b,2,7,184.43,278297389
571,0x10967afe,0x052d22fa,5,45,89.54,278297342
572,0x10967c78,0x03272ff6,3,39,122.78,278297720
573,0x10967c73,0x060a078d,6,10,19.33,278297715
574,0x10967b2e,0x052e22f8,5,46,89.52,278297390
575,0x10967c34,0x02134806,2,19,184.38,278297652
576,0x10967ae5,0x00433ac6,0,67,150.46,278297317
577,0x10967be3,0x071b12b8,7,27,47.92,278297571
578,0x10967c18,0x010610fa,1,6,43.46,278297624
579,0x10967c12,0x074012b7,7,64,47.91,278297618
580,0x10967be1,0x04346c69,4,52,277.53,278297569
581,0x10967b44,0x000d3ac5,0,13,150.45,278297412
582,0x10967c78,0x031f2ff6,3,31,122.78,278297720
583,0x10967c81,0x013d10f9,1,61,43.45,278297729
584,0x10967c73,0x064f078d,6,79,19.33,278297715
585,0x10967b2e,0x051422f8,5,20,89.52,278297390
586,0x10967c34,0x021a4806,2,26,184.38,278297652
587,0x10967b83,0x050122f7,5,1,89.51,278297475
588,0x10967c12,0x070b12b7,7,11,47.91,278297618
589,0x10967cea,0x011f10f7,1,31,43.43,278297834
590,0x10967cba,0x0603078b,6,3,19.31,278297786
591,0x10967c41,0x072212b7,7,34,47.91,278297665
592,0x10967be1,0x041a6c69,4,26,277.53,278297569
593,0x10967b44,0x00063ac5,0,6,150.45,278297412
594,0x10967c78,0x030e2ff6,3,14,122.78,278297720
595,0x10967b83,0x052b22f7,5,43,89.51,278297475
596,0x10967c2d,0x04306c63,4,48,277.47,278297645
597,0x10967d16,0x030e2fec,3,14,122.68,278297878
598,0x10967c34,0x02074806,2,7,184.38,278297652
599,0x10967c41,0x071612b7,7,22,47.91,278297665
600,0x10967cea,0x013510f7,1,53,43.43,278297834
601,0x10967cba,0x061a078b,6,26,19.31,278297786
602,0x10967b44,0x00483ac5,0,72,150.45,278297412
603,0x10967cb8,0x02394804,2,57,184.36,278297784
604,0x10967d51,0x03252feb,3,37,122.67,278297937
605,0x10967b83,0x050e22f7,5,14,89.51,278297475
606,0x10967c2d,0x040a6c63,4,10,277.47,278297645
607,0x10967c41,0x071612b7,7,22,47.91,278297665
608,0x10967cea,0x011210f7,1,18,43.43,278297834
609,0x10967c01,0x054522f2,5,69,89.46,278297601
610,0x10967cba,0x0620078b,6,32,19.31,278297786
611,0x10967ca0,0x071512b7,7,21,47.91,278297760
612,0x10967cb8,0x02094804,2,9,184.36,278297784
613,0x10967c74,0x050f22f2,5,15,89.46,278297716
614,0x10967b44,0x000a3ac5,0,10,150.45,278297412
615,0x1096713b,0x011501b7,1,21,4.39,278294843
616,0x10967da2,0x03282fe6,3,40,122.62,278298018
617,0x10967c2d,0x04076c63,4,7,277.47,278297645
618,0x10967bc8,0x003f3ac5,0,63,150.45,278297544
619,0x10967168,0x010401b7,1,4,4.39,278294888
620,0x10967ca0,0x073f12b7,7,63,47.91,278297760
621,0x10967cba,0x060a078b,6,10,19.31,278297786
622,0x10967c75,0x044e6c4d,4,78,277.25,278297717
623,0x10967d36,0x071412b4,7,20,47.88,278297910
624,0x10967cb8,0x02044804,2,4,184.36,278297784
625,0x10967c74,0x050522f2,5,5,89.46,278297716
626,0x10967d17,0x060f078b,6,15,19.31,278297879
627,0x10967cca,0x052b22ed,5,43,89.41,278297802
628,0x10967cf2,0x04066c22,4,6,276.82,278297842
629,0x10967d1a,0x02184800,2,24,184.32,278297882
630,0x10967ddd,0x03142fd8,3,20,122.48,278298077
631,0x10967bc8,0x001d3ac5,0,29,150.45,278297544
632,0x10967d36,0x070e12b4,7,14,47.88,278297910
633,0x10967d5d,0x020447fd,2,4,184.29,278297949
634,0x10967e18,0x03272fd8,3,39,122.48,278298136
635,0x10967c0c,0x00263aaf,0,38,150.23,278297612
636,0x10967d17,0x0630078b,6,48,19.31,278297879
637,0x10967cca,0x051822ed,5,24,89.41,278297802
638,0x10967d81,0x074812b4,7,72,47.88,278297985
639,0x10967dc8,0x020747e2,2,7,184.02,278298056
640,0x10967cf2,0x040b6c22,4,11,276.82,278297842
641,0x10967d18,0x051b22ed,5,27,89.41,278297880
642,0x10967e35,0x013610f2,1,54,43.38,278298165
643,0x10967db0,0x070a12b4,7,10,47.88,278298032
644,0x10967e65,0x010210f1,1,2,43.37,278298213
645,0x10967e18,0x03132fd8,3,19,122.48,278298136
646,0x10967c0c,0x003e3aaf,0,62,150.23,278297612
647,0x10967d17,0x0624078b,6,36,19.31,278297879
648,0x10967dc8,0x022447e2,2,36,184.02,278298056
649,0x10967db0,0x070112b4,7,1,47.88,278298032
650,0x10967cf2,0x04176c22,4,23,276.82,278297842
651,0x10967d18,0x051422ed,5,20,89.41,278297880
652,0x10967c79,0x000f3aae,0,15,150.22,278297721
653,0x10967e02,0x073112b3,7,49,47.87,278298114
654,0x10967db7,0x063d0789,6,61,19.29,278298039
655,0x10967d6d,0x054222eb,5,66,89.39,278297965
656,0x10967ed3,0x010b10f0,1,11,43.36,278298323
657,0x10967d9d,0x050c22e9,5,12,89.37,278298013
658,0x10967e02,0x071412b3,7,20,47.87,278298114
659,0x10967dc8,0x022247e2,2,34,184.02,278298056
660,0x10967cf2,0x040b6c22,4,11,276.82,278297842
661,0x10967c79,0x00323aae,0,50,150.22,278297721
662,0x10967e3a,0x03242fd3,3,36,122.43,278298170
663,0x10967db7,0x06140789,6,20,19.29,278298039
664,0x10967d3a,0x04206bfa,4,32,276.42,278297914
665,0x10967e97,0x03032fd2,3,3,122.42,278298263
666,0x10967d9d,0x050822e9,5,8,89.37,278298013
667,0x10967dfe,0x061e0788,6,30,19.28,278298110
668,0x10967ed3,0x015110f0,1,81,43.36,278298323
669,0x10967e02,0x070412b3,7,4,47.87,278298114
670,0x10967da0,0x042a6bf9,4,42,276.41,278298016
671,0x10967dc8,0x020f47e2,2,15,184.02,278298056
672,0x10967e11,0x050922e7,5,9,89.35,278298129
673,0x10967e50,0x073e12b2,7,62,47.86,278298192
674,0x10967c79,0x000c3aae,0,12,150.22,278297721
675,0x10967e66,0x052922e6,5,41,89.34,278298214
676,0x10967e10,0x021c47c4,2,28,183.72,278298128
677,0x10967eb9,0x072412b2,7,36,47.86,278298297
678,0x10967dfe,0x06160788,6,22,19.28,278298110
679,0x10967e97,0x03162fd2,3,22,122.42,278298263
680,0x10967cd9,0x00143aa7,0,20,150.15,278297817
681,0x10967ed3,0x010410f0,1,4,43.36,278298323
682,0x10967da0,0x04346bf9,4,52,276.41,278298016
683,0x10967e5c,0x060b0788,6,11,19.28,278298204
684,0x10967e66,0x050d22e6,5,13,89.34,278298214
685,0x10967eb9,0x073012b2,7,48,47.86,278298297
686,0x10967d3f,0x001a3aa5,0,26,150.13,278297919
687,0x10967de4,0x04176bf7,4,23,276.39,278298084
688,0x10967e10,0x022047c4,2,32,183.72,278298128
689,0x10967eb4,0x054722e5,5,71,89.33,278298292
690,0x10967f03,0x071b12b1,7,27,47.85,278298371
691,0x10967e97,0x033a2fd2,3,58,122.42,278298263
692,0x10967d83,0x00043a9b,0,4,150.03,278297987
693,0x10967e5c,0x06370788,6,55,19.28,278298204
694,0x10967eb4,0x050b22e5,5,11,89.33,278298292
695,0x10967f03,0x071512b1,7,21,47.85,278298371
696,0x10967de4,0x04036bf7,4,3,276.39,278298084
697,0x10967e10,0x020a47c4,2,10,183.72,278298128
698,0x10967f21,0x012110ef,1,33,43.35,278298401
699,0x10967d83,0x00173a9b,0,23,150.03,278297987
700,0x10967e97,0x03062fd2,3,6,122.42,278298263
701,0x10967eab,0x020547c4,2,5,183.72,278298283
702,0x10967e5c,0x06070788,6,7,19.28,278298204
703,0x10967eb4,0x051222e5,5,18,89.33,278298292
704,0x10967f32,0x073612af,7,54,47.83,278298418
705,0x10967efb,0x03252fce,3,37,122.38,278298363
706,0x10967de4,0x04016bf7,4,1,276.39,278298084
707,0x10967f2a,0x053822e3,5,56,89.31,278298410
708,0x10967f33,0x023a47a1,2,58,183.37,278298419
709,0x10967e9f,0x06090786,6,9,19.26,278298271
710,0x10967fa2,0x071212af,7,18,47.83,278298530
711,0x10967d83,0x001d3a9b,0,29,150.03,278297987
712,0x10967f9d,0x0215479b,2,21,183.31,278298525
713,0x10967f05,0x06170786,6,23,19.26,278298373
714,0x10967dc7,0x00053a9a,0,5,150.02,278298055
715,0x10967efb,0x030c2fce,3,12,122.38,278298363
716,0x10967f2a,0x051c22e3,5,28,89.31,278298410
717,0x10967fa2,0x072a12af,7,42,47.83,278298530
718,0x10967f21,0x012b10ef,1,43,43.35,278298401
719,0x10967de4,0x04206bf7,4,32,276.39,278298084
720,0x10967feb,0x070812af,7,8,47.83,278298603
721,0x10967f96,0x050c22e3,5,12,89.31,278298518
722,0x10967f05,0x06120786,6,18,19.26,278298373
723,0x10967f9d,0x021d479b,2,29,183.31,278298525
724,0x10967f6d,0x010910ef,1,9,43.35,278298477
725,0x10967fe8,0x052122e1,5,33,89.29,278298600
726,0x10967dc7,0x00363a9a,0,54,150.02,278298055
727,0x10967efb,0x03262fce,3,38,122.38,278298363
728,0x10967f67,0x060c0785,6,12,19.25,278298471
729,0x10967fe5,0x02014792,2,1,183.22,278298597
730,0x10967feb,0x071212af,7,18,47.83,278298603
731,0x10967de4,0x04186bf7,4,24,276.39,278298084
732,0x10967f63,0x030e2fcc,3,14,122.36,278298467
733,0x10967fc6,0x06270785,6,39,19.25,278298566
734,0x1096808b,0x0204478b,2,4,183.15,278298763
735,0x10967fe8,0x052622e1,5,38,89.29,278298600
736,0x10967e6b,0x04436bf5,4,67,276.37,278298219
737,0x10967f6d,0x010510ef,1,5,43.35,278298477
738,0x10967dc7,0x000a3a9a,0,10,150.02,278298055
739,0x10968018,0x050c22dc,5,12,89.24,278298648
740,0x10967feb,0x072912af,7,41,47.83,278298603
741,0x10967e34,0x00163a96,0,22,149.98,278298164
742,0x10967fb6,0x014d10ef,1,77,43.35,278298550
743,0x10967fc6,0x06020785,6,2,19.25,278298566
744,0x10967f63,0x030b2fcc,3,11,122.36,278298467
745,0x1096806c,0x051c22d6,5,28,89.18,278298732
746,0x10967efc,0x000a3a83,0,10,149.79,278298364
747,0x10967e6b,0x041e6bf5,4,30,276.37,278298219
748,0x10967fab,0x03372fc0,3,55,122.24,278298539
749,0x10967fde,0x010910ed,1,9,43.33,278298590
750,0x10967feb,0x070812af,7,8,47.83,278298603
751,0x1096808b,0x021f478b,2,31,183.15,278298763
752,0x10967eaf,0x041e6bc7,4,30,275.91,278298287
753,0x109680de,0x051422d4,5,20,89.16,278298846
754,0x10968022,0x073112ae,7,49,47.82,278298658
755,0x10967fc6,0x06040785,6,4,19.25,278298566
756,0x1096815a,0x052422d4,5,36,89.16,278298970
757,0x10968073,0x071e12ae,7,30,47.82,278298739
758,0x1096800a,0x06110785,6,17,19.25,278298634
759,0x10967efc,0x00123a83,0,18,149.79,278298364
760,0x10967fab,0x03232fc0,3,35,122.24,278298539
761,0x10967fde,0x011e10ed,1,30,43.33,278298590
762,0x1096808b,0x0218478b,2,24,183.15,278298763
763,0x10968090,0x06400785,6,64,19.25,278298768
764,0x10967f44,0x001c3a7b,0,28,149.71,278298436
765,0x10967eaf,0x04036bc7,4,3,275.91,278298287
766,0x1096815a,0x053a22d4,5,58,89.16,278298970
767,0x10967fef,0x030f2fbf,3,15,122.23,278298607
768,0x1096810f,0x020c4788,2,12,183.12,278298895
769,0x109681a4,0x052122cb,5,33,89.07,278299044
770,0x10968073,0x072312ae,7,35,47.82,278298739
771,0x10967f7a,0x04176bb4,4,23,275.72,278298490
772,0x1096805d,0x03312fae,3,49,122.06,278298717
773,0x109680c5,0x072b12ae,7,43,47.82,278298821
774,0x10968090,0x06080785,6,8,19.25,278298768
775,0x10967fde,0x013110ed,1,49,43.33,278298590
776,0x10967f44,0x00213a7b,0,33,149.71,278298436
777,0x109681a4,0x050922cb,5,9,89.07,278299044
778,0x1096810d,0x06210784,6,33,19.24,278298893
779,0x1096810f,0x02254788,2,37,183.12,278298895
780,0x10967ff8,0x00393a77,0,57,149.67,278298616
781,0x10967f7a,0x04266bb4,4,38,275.72,278298490
782,0x109681ee,0x053522c2,5,53,88.98,278299118
783,0x1096805d,0x030a2fae,3,10,122.06,278298717
784,0x1096802e,0x011510ed,1,21,43.33,278298670
785,0x109680c5,0x070112ae,7,1,47.82,278298821
786,0x10968150,0x06310784,6,49,19.24,278298960
787,0x10967fe0,0x040c6b84,4,12,275.24,278298592
788,0x109680fc,0x071212ad,7,18,47.81,278298876
789,0x1096823d,0x050222bf,5,2,88.95,278299197
790,0x10967ff8,0x00223a77,0,34,149.67,278298616
791,0x109681ac,0x071412a8,7,20,47.76,278299052
792,0x1096805d,0x03212fae,3,33,122.06,278298717
793,0x1096810f,0x021b4788,2,27,183.12,278298895
794,0x10968150,0x060f0784,6,15,19.24,278298960
795,0x1096802e,0x010810ed,1,8,43.33,278298670
796,0x10968206,0x071212a8,7,18,47.76,278299142
797,0x1096803c,0x00283a74,0,40,149.64,278298684
798,0x10967fe0,0x042c6b84,4,44,275.24,278298592
799,0x10968138,0x02014783,2,1,183.07,278298936
800,0x1096805f,0x010510ed,1,5,43.33,278298719
801,0x1096827d,0x050222b9,5,2,88.89,278299261
802,0x10968298,0x070b12a7,7,11,47.75,278299288
803,0x109680db,0x011f10e6,1,31,43.26,278298843
804,0x10968150,0x06050784,6,5,19.24,278298960
805,0x109671a8,0x0517038b,5,23,9.07,278294952
806,0x1096805d,0x03042fae,3,4,122.06,278298717
807,0x1096803c,0x00063a74,0,6,149.64,278298684
808,0x10967fe0,0x041c6b84,4,28,275.24,278298592
809,0x1096785d,0x05140383,5,20,8.99,278296669
810,0x10968138,0x02144783,2,20,183.07,278298936
811,0x10968175,0x010710e5,1,7,43.25,278298997
812,0x109680a1,0x03262fa7,3,38,121.99,278298785
813,0x1096789d,0x051e0383,5,30,8.99,278296733
814,0x10968298,0x072412a7,7,36,47.75,278299288
815,0x10968150,0x06210784,6,33,19.24,278298960
816,0x1096803c,0x00153a74,0,21,149.64,278298684
817,0x10967fe0,0x040b6b84,4,11,275.24,278298592
818,0x10968138,0x024e4783,2,78,183.07,278298936
819,0x109681d0,0x060f0784,6,15,19.24,278299088
820,0x10968301,0x050422b9,5,4,88.89,278299393
821,0x109680a1,0x031c2fa7,3,28,121.99,278298785
822,0x1096809e,0x00273a74,0,39,149.64,278298782
823,0x10968175,0x010210e5,1,2,43.25,278298997
824,0x10968024,0x04356b83,4,53,275.23,278298660
825,0x10968298,0x070612a7,7,6,47.75,278299288
826,0x10968187,0x02164774,2,22,182.92,278299015
827,0x10968107,0x03012fa3,3,1,121.95,278298887
828,0x109682d5,0x071812a5,7,24,47.73,278299349
829,0x10968301,0x054722b9,5,71,88.89,278299393
830,0x109681d0,0x06230784,6,35,19.24,278299088
831,0x1096809e,0x000e3a74,0,14,149.64,278298782
832,0x1096833d,0x051622b4,5,22,88.84,278299453
833,0x10968175,0x011410e5,1,20,43.25,278298997
834,0x10968024,0x04306b83,4,48,275.23,278298660
835,0x10968187,0x02314774,2,49,182.92,278299015
836,0x109682d5,0x070112a5,7,1,47.73,278299349
837,0x10968107,0x031d2fa3,3,29,121.95,278298887
838,0x109680e2,0x00533a73,0,83,149.63,278298850
839,0x10968068,0x04056b52,4,5,274.74,278298728
840,0x109681c8,0x011a10e5,1,26,43.25,278299080
841,0x10968313,0x070412a4,7,4,47.72,278299411
842,0x109681ed,0x02124770,2,18,182.88,278299117
843,0x109681d0,0x062e0784,6,46,19.24,278299088
844,0x109680b4,0x04016b50,4,1,274.72,278298804
845,0x10968367,0x071112a4,7,17,47.72,278299495
846,0x1096833d,0x052a22b4,5,42,88.84,278299453
847,0x10968234,0x0223476d,2,35,182.85,278299188
848,0x10968248,0x06250783,6,37,19.23,278299208
849,0x10968107,0x03412fa3,3,65,121.95,278298887
850,0x109680e2,0x00023a73,0,2,149.63,278298850
851,0x1096823f,0x012010e4,1,32,43.24,278299199
852,0x1096816f,0x03222fa2,3,34,121.94,278298991
853,0x10968367,0x073912a4,7,57,47.72,278299495
854,0x10968392,0x050b22b3,5,11,88.83,278299538
855,0x10968169,0x003f3a71,0,63,149.61,278298985
856,0x109680b4,0x040c6b50,4,12,274.72,278298804
857,0x10968248,0x060f0783,6,15,19.23,278299208
858,0x10968234,0x0209476d,2,9,182.85,278299188
859,0x109683d2,0x070912a4,7,9,47.72,278299602
860,0x109682ef,0x012610e3,1,38,43.23,278299375
861,0x10968121,0x041d6b13,4,29,274.11,278298913
862,0x109682a4,0x020a4762,2,10,182.74,278299300
863,0x1096816f,0x03082fa2,3,8,121.94,278298991
864,0x10968392,0x051422b3,5,20,88.83,278299538
865,0x10968169,0x00013a71,0,1,149.61,278298985
866,0x10968188,0x04296af3,4,41,273.79,278299016
867,0x109683d2,0x072212a4,7,34,47.72,278299602
868,0x10968248,0x06060783,6,6,19.23,278299208
869,0x109683d9,0x050922ad,5,9,88.77,278299609
870,0x109682ef,0x010810e3,1,8,43.23,278299375
871,0x109681d2,0x00053a6f,0,5,149.59,278299090
872,0x1096828b,0x062e0782,6,46,19.22,278299275
873,0x109682a4,0x024b4762,2,75,182.74,278299300
874,0x10968347,0x011110e2,1,17,43.22,278299463
875,0x1096823b,0x004a3a6c,0,74,149.56,278299195
876,0x1096816f,0x03112fa2,3,17,121.94,278298991
877,0x109683d2,0x071b12a4,7,27,47.72,278299602
878,0x109683d9,0x053022ad,5,48,88.77,278299609
879,0x109682ce,0x06120781,6,18,19.21,278299342
880,0x10968188,0x04296af3,4,41,273.79,278299016
881,0x109682eb,0x0206475b,2,6,182.67,278299371
882,0x10968428,0x072e12a4,7,46,47.72,278299688
883,0x109681fa,0x03102f9f,3,16,121.91,278299130
884,0x10968422,0x0602077f,6,2,19.19,278299682
885,0x109681f1,0x04186abd,4,24,273.25,278299121
886,0x10968354,0x02044758,2,4,182.64,278299476
887,0x1096823b,0x000d3a6c,0,13,149.56,278299195
888,0x109683d9,0x052022ad,5,32,88.77,278299609
889,0x10968347,0x012910e2,1,41,43.22,278299463
890,0x109683dd,0x02074755,2,7,182.61,278299613
891,0x10968428,0x071a12a4,7,26,47.72,278299688
892,0x109681fa,0x03322f9f,3,50,121.91,278299130
893,0x109682e1,0x00013a5e,0,1,149.42,278299361
894,0x109681f1,0x04056abd,4,5,273.25,278299121
895,0x10968422,0x0638077f,6,56,19.19,278299682
896,0x10968417,0x052822ac,5,40,88.76,278299671
897,0x10968346,0x001f3a59,0,31,149.37,278299462
898,0x1096823e,0x03012f97,3,1,121.83,278299198
899,0x109684c5,0x0621077f,6,33,19.19,278299845
900,0x109683dd,0x022f4755,2,47,182.61,278299613
901,0x10968428,0x070e12a4,7,14,47.72,278299688
902,0x10968347,0x010310e2,1,3,43.22,278299463
903,0x10968282,0x031b2f96,3,27,121.82,278299266
904,0x109681f1,0x040a6abd,4,10,273.25,278299121
905,0x10968417,0x052422ac,5,36,88.76,278299671
906,0x10968466,0x070912a1,7,9,47.69,278299750
907,0x109683b5,0x010810e1,1,8,43.21,278299573
908,0x10968346,0x00023a59,0,2,149.37,278299462
909,0x109684bb,0x0708129f,7,8,47.67,278299835
910,0x1096829e,0x04156a9c,4,21,272.92,278299294
911,0x109684c5,0x0617077f,6,23,19.19,278299845
912,0x109683dd,0x02084755,2,8,182.61,278299613
913,0x10968282,0x03052f96,3,5,121.82,278299266
914,0x109684f5,0x0739129f,7,57,47.67,278299893
915,0x109682e6,0x04346a69,4,52,272.41,278299366
916,0x10968417,0x051522ac,5,21,88.76,278299671
917,0x109682f3,0x03302f87,3,48,121.67,278299379
918,0x1096846c,0x050d22ac,5,13,88.76,278299756
919,0x10968346,0x002f3a59,0,47,149.37,278299462
920,0x109683b5,0x011710e1,1,23,43.21,278299573
921,0x109684c5,0x0619077f,6,25,19.19,278299845
922,0x109683dd,0x021b4755,2,27,182.61,278299613
923,0x10968360,0x03032f86,3,3,121.66,278299488
924,0x10968591,0x0712129d,7,18,47.65,278300049
925,0x109683af,0x00083a50,0,8,149.28,278299567
926,0x109682e6,0x040f6a69,4,15,272.41,278299366
927,0x109683a4,0x030b2f7d,3,11,121.57,278299556
928,0x10968446,0x02024752,2,2,182.58,278299718
929,0x1096846c,0x050622ac,5,6,88.76,278299756
930,0x109683b5,0x011e10e1,1,30,43.21,278299573
931,0x109684a6,0x052122a9,5,33,88.73,278299814
932,0x109685d2,0x0720129a,7,32,47.62,278300114
933,0x109684ed,0x022a4751,2,42,182.57,278299885
934,0x109684c5,0x060a077f,6,10,19.19,278299845
935,0x109683af,0x00173a50,0,23,149.28,278299567
936,0x109682e6,0x04096a69,4,9,272.41,278299366
937,0x109684e8,0x051722a9,5,23,88.73,278299880
938,0x1096842a,0x013810e1,1,56,43.21,278299690
939,0x1096852f,0x0641077e,6,65,19.18,278299951
940,0x109683a4,0x030a2f7d,3,10,121.57,278299556
941,0x1096834c,0x04596a63,4,89,272.35,278299468
942,0x1096857c,0x0611077d,6,17,19.17,278300028
943,0x10968451,0x03192f6b,3,25,121.39,278299729
944,0x109684ed,0x02054751,2,5,182.57,278299885
945,0x109683af,0x00093a50,0,9,149.28,278299567
946,0x109684e8,0x052322a9,5,35,88.73,278299880
947,0x109684be,0x030a2f6a,3,10,121.38,278299838
948,0x1096842a,0x011310e1,1,19,43.21,278299690
949,0x10968538,0x022c4743,2,44,182.43,278299960
950,0x10968557,0x051222a1,5,18,88.65,278299991
951,0x1096834c,0x040b6a63,4,11,272.35,278299468
952,0x10968548,0x03042f4c,3,4,121.08,278299976
953,0x1096857c,0x0601077d,6,1,19.17,278300028
954,0x109685b1,0x050f229f,5,15,88.63,278300081
955,0x109683d1,0x04216a56,4,33,272.22,278299601
956,0x109683af,0x001d3a50,0,29,149.28,278299567
957,0x109685c4,0x060a077c,6,10,19.16,278300100
958,0x10968538,0x02144743,2,20,182.43,278299960
959,0x10968612,0x07041299,7,4,47.61,278300178
960,0x10968418,0x00333a4e,0,51,149.26,278299672
961,0x1096842a,0x011210e1,1,18,43.21,278299690
962,0x109685b1,0x0533229f,5,51,88.63,278300081
963,0x10968548,0x030c2f4c,3,12,121.08,278299976
964,0x1096857f,0x022c4741,2,44,182.41,278300031
965,0x1096863b,0x071b1299,7,27,47.61,278300219
966,0x109683d1,0x041f6a56,4,31,272.22,278299601
967,0x10968628,0x052d229b,5,45,88.59,278300200
968,0x10968499,0x015210df,1,82,43.19,278299801
969,0x109685c4,0x0610077c,6,16,19.16,278300100
970,0x10968613,0x0203473c,2,3,182.36,278300179
971,0x1096865e,0x07191299,7,25,47.61,278300254
972,0x10968418,0x00233a4e,0,35,149.26,278299672
973,0x10968548,0x033c2f4c,3,60,121.08,278299976
974,0x10968628,0x0537229b,5,55,88.59,278300200
975,0x109683d1,0x041d6a56,4,29,272.22,278299601
976,0x1096849f,0x002d3a4c,0,45,149.24,278299807
977,0x1096869f,0x050f229b,5,15,88.59,278300319
978,0x10968499,0x010210df,1,2,43.19,278299801
979,0x1096865e,0x07261299,7,38,47.61,278300254
980,0x10968613,0x021c473c,2,28,182.36,278300179
981,0x109685c4,0x062d077c,6,45,19.16,278300100
982,0x10968548,0x030b2f4c,3,11,121.08,278299976
983,0x10968650,0x060f077c,6,15,19.16,278300240
984,0x1096869f,0x052e229b,5,46,88.59,278300319
985,0x1096849f,0x00173a4c,0,23,149.24,278299807
986,0x109683d1,0x04016a56,4,1,272.22,278299601
987,0x109685ef,0x033d2f48,3,61,121.04,278300143
988,0x1096865e,0x07141299,7,20,47.61,278300254
989,0x10968499,0x010110df,1,1,43.19,278299801
990,0x10968613,0x021b473c,2,27,182.36,278300179
991,0x1096856a,0x000d3a3d,0,13,149.09,278300010
992,0x10968464,0x04226a4d,4,34,272.13,278299748
993,0x1096869f,0x051b229b,5,27,88.59,278300319
994,0x10968650,0x061e077c,6,30,19.16,278300240
995,0x1096867d,0x07521299,7,82,47.61,278300285
996,0x1096867d,0x0228473c,2,40,182.36,278300285
997,0x109684e9,0x012710de,1,39,43.18,278299881
998,0x109685ef,0x03142f48,3,20,121.04,278300143
999,0x10968566,0x012010dd,1,32,43.17,278300006
1000,0x1096856a,0x000f3a3d,0,15,149.09,278300010
1001,0x10968691,0x03062f45,3,6,121.01,278300305
1002,0x1096869f,0x050a229b,5,10,88.59,278300319
1003,0x109686b9,0x0606077b,6,6,19.15,278300345
1004,0x1096867d,0x070e1299,7,14,47.61,278300285
1005,0x109685ba,0x011210dc,1,18,43.16,278300090
1006,0x10968464,0x04366a4d,4,54,272.13,278299748
1007,0x10968703,0x02174738,2,23,182.32,278300419
1008,0x109685d7,0x00053a35,0,5,149.01,278300119
1009,0x109686ed,0x053d229a,5,61,88.58,278300397
1010,0x109674f5,0x070801e1,7,8,4.81,278295797
1011,0x1096874e,0x022b4735,2,43,182.29,278300494
1012,0x1096850e,0x04166a29,4,22,271.77,278299918
1013,0x10968701,0x0625077b,6,37,19.15,278300417
1014,0x1096865f,0x00273a32,0,39,148.98,278300255
1015,0x10967955,0x070d01e0,7,13,4.80,278296917
1016,0x10968691,0x031d2f45,3,29,121.01,278300305
1017,0x109687b4,0x021b4731,2,27,182.25,278300596
1018,0x10967ce9,0x070601df,7,6,4.79,278297833
1019,0x109685ba,0x010f10dc,1,15,43.16,278300090
1020,0x109686ed,0x0524229a,5,36,88.58,278300397
1021,0x10968138,0x070801de,7,8,4.78,278298936
1022,0x10968701,0x061a077b,6,26,19.15,278300417
1023,0x1096850e,0x044a6a29,4,74,271.77,278299918
1024,0x1096873b,0x05072298,5,7,88.56,278300475
1025,0x1096865f,0x00053a32,0,5,148.98,278300255
1026,0x10968707,0x073001dc,7,48,4.76,278300423
1027,0x1096876e,0x0612077b,6,18,19.15,278300526
1028,0x109687b4,0x02044731,2,4,182.25,278300596
1029,0x10968691,0x03042f45,3,4,121.01,278300305
1030,0x109685ba,0x011410dc,1,20,43.16,278300090
1031,0x109687b2,0x062e077b,6,46,19.15,278300594
1032,0x1096873b,0x05312298,5,49,88.56,278300475
1033,0x1096865f,0x00093a32,0,9,148.98,278300255
1034,0x1096850e,0x04026a29,4,2,271.77,278299918
1035,0x10968772,0x05342297,5,52,88.55,278300530
1036,0x10968878,0x07501297,7,80,47.59,278300792
1037,0x10968691,0x031f2f45,3,31,121.01,278300305
1038,0x109687b4,0x02134731,2,19,182.25,278300596
1039,0x109686ca,0x00033a2e,0,3,148.94,278300362
1040,0x10968599,0x04086a06,4,8,271.42,278300057
1041,0x109688ba,0x07061297,7,6,47.59,278300858
1042,0x10968835,0x0209472f,2,9,182.23,278300725
1043,0x109687b2,0x060c077b,6,12,19.15,278300594
1044,0x109685ba,0x010f10dc,1,15,43.16,278300090
1045,0x10968772,0x05272297,5,39,88.55,278300530
1046,0x1096887c,0x021b4717,2,27,181.99,278300796
1047,0x109687a9,0x051a2297,5,26,88.55,278300585
1048,0x109686ca,0x000e3a2e,0,14,148.94,278300362
1049,0x10968599,0x04116a06,4,17,271.42,278300057
1050,0x10968707,0x071d01dc,7,29,4.76,278300423
1051,0x10968691,0x030e2f45,3,14,121.01,278300305
1052,0x10968819,0x0635077a,6,53,19.14,278300697
1053,0x1096874d,0x071701dc,7,23,4.76,278300493
1054,0x109686d9,0x03092f2e,3,9,120.78,278300377
1055,0x109685ba,0x010910dc,1,9,43.16,278300090
1056,0x109687a9,0x05052297,5,5,88.55,278300585
1057,0x109686ca,0x00013a2e,0,1,148.94,278300362
1058,0x10968599,0x04066a06,4,6,271.42,278300057
1059,0x10968930,0x07071297,7,7,47.59,278300976
1060,0x1096862c,0x010710dc,1,7,43.16,278300204
1061,0x1096879c,0x002b3a26,0,43,148.86,278300572
1062,0x109686d9,0x03372f2e,3,55,120.78,278300377
1063,0x10968819,0x060f077a,6,15,19.14,278300697
1064,0x109685dd,0x04296a02,4,41,271.38,278300125
1065,0x109687a9,0x05102297,5,16,88.55,278300585
1066,0x1096881f,0x00033a25,0,3,148.85,278300703
1067,0x10968930,0x07251297,7,37,47.59,278300976
1068,0x1096889c,0x0610077a,6,16,19.14,278300828
1069,0x1096887c,0x022e4717,2,46,181.99,278300796
1070,0x1096863f,0x041669d5,4,22,270.93,278300223
1071,0x10968807,0x05032295,5,3,88.53,278300679
1072,0x1096862c,0x010e10dc,1,14,43.16,278300204
1073,0x10968904,0x02274716,2,39,181.98,278300932
1074,0x109686d9,0x03132f2e,3,19,120.78,278300377
1075,0x10968862,0x05402293,5,64,88.51,278300770
1076,0x1096881f,0x00133a25,0,19,148.85,278300703
1077,0x109688b5,0x05122291,5,18,88.49,278300853
1078,0x10968930,0x07031297,7,3,47.59,278300976
1079,0x1096878a,0x03202f22,3,32,120.66,278300554
1080,0x1096889c,0x060d077a,6,13,19.14,278300828
1081,0x1096867c,0x010e10da,1,14,43.14,278300284
1082,0x10968999,0x074b1296,7,75,47.58,278301081
1083,0x1096863f,0x041669d5,4,22,270.93,278300223
1084,0x10968867,0x00063a1f,0,6,148.79,278300775
1085,0x109687ef,0x03112f21,3,17,120.65,278300655
1086,0x109688e7,0x0658077a,6,88,19.14,278300903
1087,0x10968904,0x02094716,2,9,181.98,278300932
1088,0x109686a8,0x042569c1,4,37,270.73,278300328
1089,0x109688b5,0x053b2291,5,59,88.49,278300853
1090,0x109689ec,0x07181295,7,24,47.57,278301164
1091,0x1096892d,0x020a4714,2,10,181.96,278300973
1092,0x1096867c,0x013f10da,1,63,43.14,278300284
1093,0x109687ef,0x03252f21,3,37,120.65,278300655
1094,0x10968867,0x00343a1f,0,52,148.79,278300775
1095,0x109688e7,0x060d077a,6,13,19.14,278300903
1096,0x10968959,0x0234470b,2,52,181.87,278301017
1097,0x109688b5,0x05132291,5,19,88.49,278300853
1098,0x109686a8,0x040a69c1,4,10,270.73,278300328
1099,0x109688c9,0x00063a1e,0,6,148.78,278300873
1100,0x1096890b,0x051b2290,5,27,88.48,278300939
1101,0x109689ec,0x07301295,7,48,47.57,278301164
1102,0x109686ec,0x04306990,4,48,270.24,278300396
1103,0x1096890d,0x002c3a1d,0,44,148.77,278300941
1104,0x1096867c,0x010110da,1,1,43.14,278300284
1105,0x10968943,0x0535228e,5,53,88.46,278300995
1106,0x109687ef,0x03152f21,3,21,120.65,278300655
1107,0x10968959,0x020c470b,2,12,181.87,278301017
1108,0x10968a34,0x07251295,7,37,47.57,278301236
1109,0x10968833,0x033d2f1b,3,61,120.59,278300723
1110,0x1096892f,0x062a0778,6,42,19.12,278300975
1111,0x10968943,0x0517228e,5,23,88.46,278300995
1112,0x109686ec,0x04076990,4,7,270.24,278300396
1113,0x1096890d,0x00213a1d,0,33,148.77,278300941
1114,0x10968a34,0x07251295,7,37,47.57,278301236
1115,0x1096867c,0x011810da,1,24,43.14,278300284
1116,0x10968a45,0x020e46de,2,14,181.42,278301253
1117,0x10968730,0x0440697e,4,64,270.06,278300464
1118,0x10968991,0x00203a18,0,32,148.72,278301073
1119,0x10968833,0x03052f1b,3,5,120.59,278300723
1120,0x10968a92,0x070b1295,7,11,47.57,278301330
1121,0x10968943,0x0504228e,5,4,88.46,278300995
1122,0x1096892f,0x06020778,6,2,19.12,278300975
1123,0x1096887f,0x03412f1b,3,65,120.59,278300799
1124,0x109689d8,0x05212289,5,33,88.41,278301144
1125,0x109686f5,0x012910d8,1,41,43.12,278300405
1126,0x1096899c,0x06410778,6,65,19.12,278301084
1127,0x109688c7,0x03022f19,3,2,120.57,278300871
1128,0x10968991,0x00173a18,0,23,148.72,278301073
1129,0x10968a45,0x020746de,2,7,181.42,278301253
1130,0x10968730,0x0402697e,4,2,270.06,278300464
1131,0x10968a92,0x07281295,7,40,47.57,278301330
1132,0x109689fe,0x060d0778,6,13,19.12,278301182
1133,0x109687a2,0x040c6943,4,12,269.47,278300578
1134,0x109689d8,0x051a2289,5,26,88.41,278301144
1135,0x10968745,0x011f10d8,1,31,43.12,278300485
1136,0x10968a0f,0x052d2286,5,45,88.38,278301199
1137,0x109688c7,0x03302f19,3,48,120.57,278300871
1138,0x10968a92,0x070e1295,7,14,47.57,278301330
1139,0x10968991,0x00033a18,0,3,148.72,278301073
1140,0x10968a45,0x020c46de,2,12,181.42,278301253
1141,0x109689fe,0x06180778,6,24,19.12,278301182
1142,0x109687a2,0x04056943,4,5,269.47,278300578
1143,0x10968af0,0x07081294,7,8,47.56,278301424
1144,0x10968934,0x030e2f16,3,14,120.54,278300980
1145,0x10968a7a,0x00253a14,0,37,148.68,278301306
1146,0x10968a0f,0x05022286,5,2,88.38,278301199
1147,0x10968978,0x03162f0f,3,22,120.47,278301048
1148,0x10968745,0x013510d8,1,53,43.12,278300485
1149,0x10968ae3,0x00063a12,0,6,148.66,278301411
1150,0x10968a45,0x023746de,2,55,181.42,278301253
1151,0x10968a83,0x05182285,5,24,88.37,278301315
1152,0x109689fe,0x06160778,6,22,19.12,278301182
1153,0x109687a2,0x04066943,4,6,269.47,278300578
1154,0x10968af0,0x07351294,7,53,47.56,278301424
1155,0x109687f8,0x010d10d8,1,13,43.12,278300664
1156,0x10968aba,0x05382285,5,56,88.37,278301370
1157,0x10968a91,0x021946d3,2,25,181.31,278301329
1158,0x10967131,0x001705f9,0,23,15.29,278294833
1159,0x10968978,0x03042f0f,3,4,120.47,278301048
1160,0x10968848,0x011710d7,1,23,43.11,278300744
1161,0x10967266,0x000b05f4,0,11,15.24,278295142
1162,0x10968aba,0x05242285,5,36,88.37,278301370
1163,0x109689fe,0x06060778,6,6,19.12,278301182
1164,0x109687a2,0x040b6943,4,11,269.47,278300578
1165,0x10968af0,0x07111294,7,17,47.56,278301424
1166,0x10968a91,0x023146d3,2,49,181.31,278301329
1167,0x10968a42,0x060d0778,6,13,19.12,278301250
1168,0x10968b37,0x07211292,7,33,47.54,278301495
1169,0x10968978,0x030a2f0f,3,10,120.47,278301048
1170,0x10968848,0x010410d7,1,4,43.11,278300744
1171,0x10968c03,0x00173a09,0,23,148.57,278301699
1172,0x10968aba,0x05032285,5,3,88.37,278301370
1173,0x109689f9,0x03272f02,3,39,120.34,278301177
1174,0x109687a2,0x04046943,4,4,269.47,278300578
1175,0x10968b14,0x052e2285,5,46,88.37,278301460
1176,0x10968898,0x010610d7,1,6,43.11,278300824
1177,0x10968a42,0x06300778,6,48,19.12,278301250
1178,0x10968b37,0x07311292,7,49,47.54,278301495
1179,0x10968a91,0x020946d3,2,9,181.31,278301329
1180,0x10968b6a,0x05222284,5,34,88.36,278301546
1181,0x10968b94,0x07291292,7,41,47.54,278301588
1182,0x10968c03,0x00023a09,0,2,148.57,278301699
1183,0x109688e8,0x011010d5,1,16,43.09,278300904
1184,0x109689f9,0x030e2f02,3,14,120.34,278301177
1185,0x109687a2,0x041e6943,4,30,269.47,278300578
1186,0x10968bd7,0x07081292,7,8,47.54,278301655
1187,0x10968ae0,0x022b46d1,2,43,181.29,278301408
1188,0x10968966,0x011510d5,1,21,43.09,278301030
1189,0x10968b6a,0x052f2284,5,47,88.36,278301546
1190,0x10968a42,0x06060778,6,6,19.12,278301250
1191,0x10968a3d,0x03452f01,3,69,120.33,278301245
1192,0x10968bdb,0x05152283,5,21,88.35,278301659
1193,0x10968c03,0x00103a09,0,16,148.57,278301699
1194,0x10968a66,0x061f0778,6,31,19.12,278301286
1195,0x10968bd7,0x07141292,7,20,47.54,278301655
1196,0x10968b2c,0x024a46c1,2,74,181.13,278301484
1197,0x109687a2,0x04106943,4,16,269.47,278300578
1198,0x10968aaa,0x06030777,6,3,19.11,278301354
1199,0x10968966,0x010e10d5,1,14,43.09,278301030
1200,0x10968a3d,0x03052f01,3,5,120.33,278301245
1201,0x10968c12,0x05362282,5,54,88.34,278301714
1202,0x10968b3d,0x06220777,6,34,19.11,278301501
1203,0x10968c03,0x00323a09,0,50,148.57,278301699
1204,0x10968818,0x0412693b,4,18,269.39,278300696
1205,0x10968aa3,0x034c2ef6,3,76,120.22,278301347
1206,0x10968bd7,0x07021292,7,2,47.54,278301655
1207,0x10968bc5,0x06190775,6,25,19.09,278301637
1208,0x10968b2c,0x020946c1,2,9,181.13,278301484
1209,0x10968bb7,0x03032ee6,3,3,120.06,278301623
1210,0x10968861,0x042768fa,4,39,268.74,278300769
1211,0x10968c12,0x05192282,5,25,88.34,278301714
1212,0x10968966,0x013d10d5,1,61,43.09,278301030
1213,0x10968be4,0x020d46b8,2,13,181.04,278301668
1214,0x10968bfb,0x03122edc,3,18,119.96,278301691
1215,0x109688ca,0x040b68fa,4,11,268.74,278300874
1216,0x10968c86,0x050c2282,5,12,88.34,278301830
1217,0x10968c03,0x00033a09,0,3,148.57,278301699
1218,0x10968bd7,0x070e1292,7,14,47.54,278301655
1219,0x109689e1,0x010110d2,1,1,43.06,278301153
1220,0x10968bc5,0x060d0775,6,13,19.09,278301637
1221,0x10968c3c,0x073c1292,7,60,47.54,278301756
1222,0x10968c86,0x05182282,5,24,88.34,278301830
1223,0x10968be4,0x024146b8,2,65,181.04,278301668
1224,0x10968c32,0x063d0775,6,61,19.09,278301746
1225,0x10968bfb,0x030b2edc,3,11,119.96,278301691
1226,0x109688ca,0x044b68fa,4,75,268.74,278300874
1227,0x10968cb1,0x071c1291,7,28,47.53,278301873
1228,0x10968c03,0x00063a09,0,6,148.57,278301699
1229,0x10968c2b,0x021946ae,2,25,180.94,278301739
1230,0x10968c64,0x03172edc,3,23,119.96,278301796
1231,0x109689e1,0x011d10d2,1,29,43.06,278301153
1232,0x10968c95,0x00493a00,0,73,148.48,278301845
1233,0x10968c86,0x05022282,5,2,88.34,278301830
1234,0x10968c32,0x06120775,6,18,19.09,278301746
1235,0x10968a31,0x010410d2,1,4,43.06,278301233
1236,0x10968cb1,0x07411291,7,65,47.53,278301873
1237,0x109688ca,0x040a68fa,4,10,268.74,278300874
1238,0x10968c76,0x062b0775,6,43,19.09,278301814
1239,0x10968c64,0x032d2edc,3,45,119.96,278301796
1240,0x10968c2b,0x020946ae,2,9,180.94,278301739
1241,0x1096890e,0x043868f7,4,56,268.71,278300942
1242,0x10968c86,0x05312282,5,49,88.34,278301830
1243,0x10968c95,0x000f3a00,0,15,148.48,278301845
1244,0x10968cc6,0x03072ed1,3,7,119.85,278301894
1245,0x10968cb1,0x07091291,7,9,47.53,278301873
1246,0x109689a2,0x041668de,4,22,268.46,278301090
1247,0x10968a31,0x011b10d2,1,27,43.06,278301233
1248,0x10968ce1,0x002a39ff,0,42,148.47,278301921
1249,0x10968c76,0x060f0775,6,15,19.09,278301814
1250,0x10968cf4,0x07431291,7,67,47.53,278301940
1251,0x10968c2b,0x021146ae,2,17,180.94,278301739
1252,0x10968c86,0x05072282,5,7,88.34,278301830
1253,0x10968d3b,0x07041291,7,4,47.53,278302011
1254,0x10968d2a,0x000439ff,0,4,148.47,278301994
1255,0x10968cc6,0x03112ed1,3,17,119.85,278301894
1256,0x10968cde,0x05242282,5,36,88.34,278301918
1257,0x109689a2,0x040d68de,4,13,268.46,278301090
1258,0x10968dba,0x07011290,7,1,47.52,278302138
1259,0x10968a31,0x012510d2,1,37,43.06,278301233
1260,0x10968c76,0x06050775,6,5,19.09,278301814
1261,0x10968c2b,0x020246ae,2,2,180.94,278301739
1262,0x10968a0b,0x044b68c8,4,75,268.24,278301195
1263,0x10968cc6,0x033e2ed1,3,62,119.85,278301894
1264,0x10968a81,0x011210d0,1,18,43.04,278301313
1265,0x10968cde,0x052b2282,5,43,88.34,278301918
1266,0x10968d2a,0x003339ff,0,51,148.47,278301994
1267,0x10968dba,0x070e1290,7,14,47.52,278302138
1268,0x10968a75,0x040e68c1,4,14,268.17,278301301
1269,0x10968d18,0x0523227f,5,35,88.31,278301976
1270,0x10968dda,0x000939f5,0,9,148.37,278302170
1271,0x10968dfd,0x073c128f,7,60,47.51,278302205
1272,0x10968c2b,0x020e46ae,2,14,180.94,278301739
1273,0x10968c76,0x06130775,6,19,19.09,278301814
1274,0x10968cc6,0x03052ed1,3,5,119.85,278301894
1275,0x10968a81,0x012510d0,1,37,43.04,278301313
1276,0x10968d47,0x06150775,6,21,19.09,278302023
1277,0x10968d18,0x051f227f,5,31,88.31,278301976
1278,0x10968a75,0x040a68c1,4,10,268.17,278301301
1279,0x10968d6e,0x031e2ed0,3,30,119.84,278302062
1280,0x10968dfd,0x0704128f,7,4,47.51,278302205
1281,0x10968dda,0x002139f5,0,33,148.37,278302170
1282,0x10968b18,0x010910cf,1,9,43.03,278301464
1283,0x10968d70,0x051d227d,5,29,88.29,278302064
1284,0x10968db1,0x06010774,6,1,19.08,278302129
1285,0x10968c2b,0x020746ae,2,7,180.94,278301739
1286,0x10968dd0,0x030a2eca,3,10,119.78,278302160
1287,0x10968e8f,0x0710128f,7,16,47.51,278302351
1288,0x10968ae1,0x0405688e,4,5,267.66,278301409
1289,0x10968e75,0x001239f3,0,18,148.35,278302325
1290,0x10968b68,0x010a10cf,1,10,43.03,278301544
1291,0x10968e14,0x061b0774,6,27,19.08,278302228
1292,0x1096874d,0x074b01dc,7,75,4.76,278300493
1293,0x10968b4b,0x04216887,4,33,267.59,278301515
1294,0x10968d70,0x0537227d,5,55,88.29,278302064
1295,0x10968dd0,0x030c2eca,3,12,119.78,278302160
1296,0x10968b8f,0x04086866,4,8,267.26,278301583
1297,0x10968c2b,0x020746ae,2,7,180.94,278301739
1298,0x10968daa,0x050f227a,5,15,88.26,278302122
1299,0x10968e75,0x000639f3,0,6,148.35,278302325
1300,0x1096874d,0x070401dc,7,4,4.76,278300493
1301,0x10968e14,0x06090774,6,9,19.08,278302228
1302,0x10968b68,0x011110cf,1,17,43.03,278301544
1303,0x10968e33,0x03272ea2,3,39,119.38,278302259
1304,0x109687b3,0x074701dc,7,71,4.76,278300595
1305,0x10968cb2,0x020d46a8,2,13,180.88,278301874
1306,0x10968ee7,0x003839e3,0,56,148.19,278302439
1307,0x10968e77,0x03332e57,3,51,118.63,278302327
1308,0x10968eec,0x070c01db,7,12,4.75,278302444
1309,0x10968daa,0x0547227a,5,71,88.26,278302122
1310,0x10968b8f,0x04026866,4,2,267.26,278301583
1311,0x10968bff,0x014810ce,1,72,43.02,278301695
1312,0x10968e14,0x06200774,6,32,19.08,278302228
1313,0x10968bd3,0x0417683e,4,23,266.86,278301651
1314,0x10968cb2,0x020646a8,2,6,180.88,278301874
1315,0x10968e58,0x061a0773,6,26,19.07,278302296
1316,0x10968e77,0x03012e57,3,1,118.63,278302327
1317,0x10968fd1,0x0736128c,7,54,47.48,278302673
1318,0x10968daa,0x0507227a,5,7,88.26,278302122
1319,0x10968f45,0x03272e45,3,39,118.45,278302533
1320,0x10968f50,0x001b39de,0,27,148.14,278302544
1321,0x10968cbe,0x013710cd,1,55,43.01,278301886
1322,0x10968ded,0x050b2279,5,11,88.25,278302189
1323,0x10968bd3,0x041d683e,4,29,266.86,278301651
1324,0x10968fc8,0x03252e45,3,37,118.45,278302664
1325,0x10968e58,0x06060773,6,6,19.07,278302296
1326,0x10968cb2,0x021f46a8,2,31,180.88,278301874
1327,0x10968fd1,0x071e128c,7,30,47.48,278302673
1328,0x10968e2c,0x05352279,5,53,88.25,278302252
1329,0x10968d0e,0x011610cd,1,22,43.01,278301966
1330,0x10968c17,0x0417682a,4,23,266.66,278301719
1331,0x10968e89,0x05102275,5,16,88.21,278302345
1332,0x10969016,0x070f128a,7,15,47.46,278302742
1333,0x10968cfd,0x020e46a3,2,14,180.83,278301949
1334,0x10968f50,0x000239de,0,2,148.14,278302544
1335,0x10968e58,0x06160773,6,22,19.07,278302296
1336,0x10968fc8,0x03072e45,3,7,118.45,278302664
1337,0x10968c17,0x0418682a,4,24,266.66,278301719
1338,0x10968d0e,0x011710cd,1,23,43.01,278301966
1339,0x10968e89,0x05052275,5,5,88.21,278302345
1340,0x10968fb9,0x000339de,0,3,148.14,278302649
1341,0x10969016,0x072d128a,7,45,47.46,278302742
1342,0x10968ea4,0x06100773,6,16,19.07,278302372
1343,0x10968cfd,0x023346a3,2,51,180.83,278301949
1344,0x10969074,0x070c1289,7,12,47.45,278302836
1345,0x10968dcf,0x021b469c,2,27,180.76,278302159
1346,0x1096904c,0x03292e41,3,41,118.41,278302796
1347,0x10968e89,0x05332275,5,51,88.21,278302345
1348,0x10968ea4,0x060b0773,6,11,19.07,278302372
1349,0x10968c17,0x041c682a,4,28,266.66,278301719
1350,0x10968d0e,0x011d10cd,1,29,43.01,278301966
1351,0x10968f5b,0x06190773,6,25,19.07,278302555
1352,0x10968c65,0x0409682a,4,9,266.66,278301797
1353,0x10968fe7,0x000939d2,0,9,148.02,278302695
1354,0x10968d83,0x013d10cd,1,61,43.01,278302083
1355,0x1096904c,0x03232e41,3,35,118.41,278302796
1356,0x10968dcf,0x0237469c,2,55,180.76,278302159
1357,0x10968e89,0x05052275,5,5,88.21,278302345
1358,0x10969074,0x071e1289,7,30,47.45,278302836
1359,0x10968e1a,0x0215469c,2,21,180.76,278302234
1360,0x10968c65,0x0423682a,4,35,266.66,278301797
1361,0x109690d2,0x07131289,7,19,47.45,278302930
1362,0x10968f5b,0x06200773,6,32,19.07,278302555
1363,0x10968d83,0x011410cd,1,20,43.01,278302083
1364,0x10968ee2,0x051b2273,5,27,88.19,278302434
1365,0x10968fe7,0x000839d2,0,8,148.02,278302695
1366,0x1096904c,0x030b2e41,3,11,118.41,278302796
1367,0x10968fa7,0x06020772,6,2,19.06,278302631
1368,0x10968f3b,0x05082273,5,8,88.19,278302523
1369,0x10968e48,0x010210cb,1,2,42.99,278302280
1370,0x10968e1a,0x0201469c,2,1,180.76,278302234
1371,0x109690d2,0x071b1289,7,27,47.45,278302930
1372,0x10969129,0x03222e09,3,34,117.85,278303017
1373,0x10968c65,0x0429682a,4,41,266.66,278301797
1374,0x10968e61,0x0250469c,2,80,180.76,278302305
1375,0x109690fb,0x070e1288,7,14,47.44,278302971
1376,0x10968fa7,0x06250772,6,37,19.06,278302631
1377,0x10968cae,0x04086802,4,8,266.26,278301870
1378,0x1096911b,0x002739c7,0,39,147.91,278303003
1379,0x10968f3b,0x051c2273,5,28,88.19,278302523
1380,0x10968e48,0x010510cb,1,5,42.99,278302280
1381,0x10968f98,0x052b2272,5,43,88.18,278302616
1382,0x10968e61,0x0201469c,2,1,180.76,278302305
1383,0x109690fb,0x07221288,7,34,47.44,278302971
1384,0x10968fa7,0x061b0772,6,27,19.06,278302631
1385,0x10968ebd,0x013010cb,1,48,42.99,278302397
1386,0x10968cae,0x04036802,4,3,266.26,278301870
1387,0x1096919d,0x032f2df4,3,47,117.64,278303133
1388,0x1096911b,0x002139c7,0,33,147.91,278303003
1389,0x10968f58,0x011210c9,1,18,42.97,278302552
1390,0x10968f98,0x052c2272,5,44,88.18,278302616
1391,0x10968d6f,0x043967fd,4,57,266.21,278302063
1392,0x109690fb,0x07021288,7,2,47.44,278302971
1393,0x10968fd3,0x05172271,5,23,88.17,278302675
1394,0x10968fa7,0x060b0772,6,11,19.06,278302631
1395,0x10969176,0x000339c4,0,3,147.88,278303094
1396,0x10968db3,0x042767be,4,39,265.58,278302131
1397,0x10968e61,0x0213469c,2,19,180.76,278302305
1398,0x1096915b,0x072a1288,7,42,47.44,278303067
1399,0x1096919d,0x030a2df4,3,10,117.64,278303133
1400,0x10969072,0x0507226b,5,7,88.11,278302834
1401,0x10969009,0x06170771,6,23,19.05,278302729
1402,0x109691d3,0x002a39bd,0,42,147.81,278303187
1403,0x10968f58,0x012a10c9,1,42,42.97,278302552
1404,0x109691bb,0x071d1287,7,29,47.43,278303163
1405,0x10968db3,0x041367be,4,19,265.58,278302131
1406,0x10968eac,0x024a4698,2,74,180.72,278302380
1407,0x10969072,0x0538226b,5,56,88.11,278302834
1408,0x1096919d,0x032c2df4,3,44,117.64,278303133
1409,0x10969009,0x06170771,6,23,19.05,278302729
1410,0x109691bb,0x072a1287,7,42,47.43,278303163
1411,0x109691cd,0x03202de3,3,32,117.47,278303181
1412,0x10968f58,0x010210c9,1,2,42.97,278302552
1413,0x109691d3,0x001c39bd,0,28,147.81,278303187
1414,0x1096904d,0x060c0771,6,12,19.05,278302797
1415,0x10968db3,0x040f67be,4,15,265.58,278302131
1416,0x10969072,0x051a226b,5,26,88.11,278302834
1417,0x10968fe3,0x013a10c6,1,58,42.94,278302691
1418,0x10968eac,0x02044698,2,4,180.72,278302380
1419,0x10968e45,0x040167b7,4,1,265.51,278302277
1420,0x109690ad,0x0528226b,5,40,88.11,278302893
1421,0x109691bb,0x07111287,7,17,47.43,278303163
1422,0x109691cd,0x03322de3,3,50,117.47,278303181
1423,0x1096904d,0x06040771,6,4,19.05,278302797
1424,0x10968ed4,0x041367b4,4,19,265.48,278302420
1425,0x10968ef3,0x0230468e,2,48,180.62,278302451
1426,0x10969201,0x07111286,7,17,47.42,278303233
1427,0x109691d3,0x000f39bd,0,15,147.81,278303187
1428,0x109690ad,0x0508226b,5,8,88.11,278302893
1429,0x10968f43,0x020b4685,2,11,180.53,278302531
1430,0x10968fe3,0x010510c6,1,5,42.94,278302691
1431,0x1096927a,0x003a39a5,0,58,147.57,278303354
1432,0x109690e8,0x05402263,5,64,88.03,278302952
1433,0x1096904d,0x064c0771,6,76,19.05,278302797
1434,0x109691cd,0x03082de3,3,8,117.47,278303181
1435,0x10968ed4,0x041f67b4,4,31,265.48,278302420
1436,0x10969201,0x07461286,7,70,47.42,278303233
1437,0x1096905c,0x011810c6,1,24,42.94,278302812
1438,0x109690b5,0x06050770,6,5,19.04,278302901
1439,0x10968f43,0x02074685,2,7,180.53,278302531
1440,0x1096921c,0x033c2dd4,3,60,117.32,278303260
1441,0x10968f91,0x0415679f,4,21,265.27,278302609
1442,0x109690ac,0x010310c4,1,3,42.92,278302892
1443,0x109690e8,0x05152263,5,21,88.03,278302952
1444,0x1096927a,0x000339a5,0,3,147.57,278303354
1445,0x10968ffa,0x0421679b,4,33,265.23,278302714
1446,0x10969267,0x030d2d61,3,13,116.17,278303335
1447,0x10969201,0x07061286,7,6,47.42,278303233
1448,0x10969130,0x0505225f,5,5,87.99,278303024
1449,0x109690b5,0x06560770,6,86,19.04,278302901
1450,0x1096918f,0x0517225c,5,23,87.96,278303119
1451,0x10968f43,0x023b4685,2,59,180.53,278302531
1452,0x109690ac,0x015c10c4,1,92,42.92,278302892
1453,0x10969114,0x0604076f,6,4,19.03,278302996
1454,0x10968ffa,0x0418679b,4,24,265.23,278302714
1455,0x10969201,0x07081286,7,8,47.42,278303233
1456,0x10969267,0x03052d61,3,5,116.17,278303335
1457,0x1096927a,0x001339a5,0,19,147.57,278303354
1458,0x10969121,0x010810c3,1,8,42.91,278303009
1459,0x1096918f,0x0501225c,5,1,87.96,278303119
1460,0x10969283,0x07131285,7,19,47.41,278303363
1461,0x109692d7,0x00023993,0,2,147.39,278303447
1462,0x10968f43,0x02104685,2,16,180.53,278302531
1463,0x10969114,0x061c076f,6,28,19.03,278302996
1464,0x109693b6,0x07051283,7,5,47.39,278303670
1465,0x10968ffa,0x041d679b,4,29,265.23,278302714
1466,0x1096918f,0x0502225c,5,2,87.96,278303119
1467,0x10968fb7,0x020d4680,2,13,180.48,278302647
1468,0x10969267,0x03412d61,3,65,116.17,278303335
1469,0x10969121,0x013010c3,1,48,42.91,278303009
1470,0x10969316,0x03122d0b,3,18,115.31,278303510
1471,0x10969114,0x060f076f,6,15,19.03,278302996
1472,0x109692d7,0x00203993,0,32,147.39,278303447
1473,0x10969063,0x042f6786,4,47,265.02,278302819
1474,0x109693b6,0x072c1283,7,44,47.39,278303670
1475,0x1096918f,0x051c225c,5,28,87.96,278303119
1476,0x109693b4,0x03092cf8,3,9,115.12,278303668
1477,0x1096917c,0x0603076f,6,3,19.03,278303100
1478,0x10968fb7,0x021f4680,2,31,180.48,278302647
1479,0x10969121,0x011510c3,1,21,42.91,278303009
1480,0x10969003,0x0205467c,2,5,180.44,278302723
1481,0x109693b6,0x071e1283,7,30,47.39,278303670
1482,0x109690a7,0x040a6779,4,10,264.89,278302887
1483,0x1096918f,0x0507225c,5,7,87.96,278303119
1484,0x109692d7,0x00173993,0,23,147.39,278303447
1485,0x109690e1,0x0211466f,2,17,180.31,278302945
1486,0x109692f5,0x012610bf,1,38,42.87,278303477
1487,0x1096926d,0x052a2255,5,42,87.89,278303341
1488,0x1096917c,0x060d076f,6,13,19.03,278303100
1489,0x1096943d,0x07361282,7,54,47.38,278303805
1490,0x10969115,0x040a6776,4,10,264.86,278302997
1491,0x10969355,0x0043398f,0,67,147.35,278303573
1492,0x1096914d,0x02274665,2,39,180.21,278303053
1493,0x109693b4,0x03252cf8,3,37,115.12,278303668
1494,0x1096925b,0x04036757,4,3,264.55,278303323
1495,0x1096925e,0x02074656,2,7,180.06,278303326
1496,0x1096926d,0x05312255,5,49,87.89,278303341
1497,0x1096943d,0x072a1282,7,42,47.38,278303805
1498,0x109692f5,0x010610bf,1,6,42.87,278303477
1499,0x1096917c,0x0651076f,6,81,19.03,278303100
1500,0x109692a8,0x051c2253,5,28,87.87,278303400
1501,0x10969355,0x001b398f,0,27,147.35,278303573
1502,0x1096925b,0x04176757,4,23,264.55,278303323
1503,0x10969487,0x070d1282,7,13,47.38,278303879
1504,0x109691c0,0x060c076e,6,12,19.02,278303168
1505,0x10969396,0x010610be,1,6,42.86,278303638
1506,0x109693b4,0x03202cf8,3,32,115.12,278303668
1507,0x1096925e,0x022f4656,2,47,180.06,278303326
1508,0x10969429,0x003c397b,0,60,147.15,278303785
1509,0x10969403,0x03052cf1,3,5,115.05,278303747
1510,0x109692a8,0x050c2253,5,12,87.87,278303400
1511,0x1096925b,0x041e6757,4,30,264.55,278303323
1512,0x10969487,0x07051282,7,5,47.38,278303879
1513,0x109691c0,0x0623076e,6,35,19.02,278303168
1514,0x10969396,0x013a10be,1,58,42.86,278303638
1515,0x1096925e,0x02024656,2,2,180.06,278303326
1516,0x109694f1,0x070e1280,7,14,47.36,278303985
1517,0x10969208,0x0614076d,6,20,19.01,278303240
1518,0x109692a8,0x05112253,5,17,87.87,278303400
1519,0x10969403,0x030b2cf1,3,11,115.05,278303747
1520,0x10969429,0x0004397b,0,4,147.15,278303785
1521,0x109692a5,0x020a464f,2,10,179.99,278303397
1522,0x1096955b,0x07071280,7,7,47.36,278304091
1523,0x10969307,0x051e2251,5,30,87.85,278303495
1524,0x1096925b,0x04136757,4,19,264.55,278303323
1525,0x10969396,0x010210be,1,2,42.86,278303638
1526,0x1096929f,0x040d6756,4,13,264.54,278303391
1527,0x10969208,0x0637076d,6,55,19.01,278303240
1528,0x10969403,0x03222cf1,3,34,115.05,278303747
1529,0x1096955b,0x07291280,7,41,47.36,278304091
1530,0x109692a5,0x0206464f,2,6,179.99,278303397
1531,0x10969307,0x052a2251,5,42,87.85,278303495
1532,0x10969429,0x0006397b,0,6,147.15,278303785
1533,0x10969272,0x0612076d,6,18,19.01,278303346
1534,0x10969499,0x03022ced,3,2,115.01,278303897
1535,0x109695e2,0x07011280,7,1,47.36,278304226
1536,0x1096935d,0x0535224f,5,53,87.83,278303581
1537,0x109694fe,0x001e3975,0,30,147.09,278303998
1538,0x10969396,0x010210be,1,2,42.86,278303638
1539,0x1096929f,0x040c6756,4,12,264.54,278303391
1540,0x109692db,0x060d076d,6,13,19.01,278303451
1541,0x109692a5,0x021f464f,2,31,179.99,278303397
1542,0x1096949e,0x060c076b,6,12,18.99,278303902
1543,0x10969323,0x041a6700,4,26,263.68,278303523
1544,0x109695e2,0x074a1280,7,74,47.36,278304226
1545,0x1096935d,0x050a224f,5,10,87.83,278303581
1546,0x10969499,0x032b2ced,3,43,115.01,278303897
1547,0x10969396,0x010a10be,1,10,42.86,278303638
1548,0x109694fe,0x00073975,0,7,147.09,278303998
1549,0x10969646,0x07151280,7,21,47.36,278304326
1550,0x109693b2,0x040266dd,4,2,263.33,278303666
1551,0x109694c7,0x03122ceb,3,18,114.99,278303943
1552,0x109693d8,0x0527224a,5,39,87.78,278303704
1553,0x109692a5,0x0208464f,2,8,179.99,278303397
1554,0x1096949e,0x0609076b,6,9,18.99,278303902
1555,0x10969483,0x041866b7,4,24,262.95,278303875
1556,0x10969414,0x0534223e,5,52,87.66,278303764
1557,0x10969413,0x010a10bd,1,10,42.85,278303763
1558,0x10969349,0x0222464f,2,34,179.99,278303561
1559,0x10969467,0x011710ba,1,23,42.82,278303847
1560,0x109694c7,0x03262ceb,3,38,114.99,278303943
1561,0x109694fe,0x003e3975,0,62,147.09,278303998
1562,0x1096949e,0x0611076b,6,17,18.99,278303902
1563,0x10969414,0x0506223e,5,6,87.66,278303764
1564,0x10969483,0x041166b7,4,17,262.95,278303875
1565,0x109694e5,0x012010ba,1,32,42.82,278303973
1566,0x10969514,0x032a2c96,3,42,114.14,278304020
1567,0x1096957c,0x00183971,0,24,147.05,278304124
1568,0x10969516,0x040966a3,4,9,262.75,278304022
1569,0x1096944f,0x050c223e,5,12,87.66,278303823
1570,0x10969349,0x0211464f,2,17,179.99,278303561
1571,0x10969585,0x030d2c90,3,13,114.08,278304133
1572,0x10969646,0x071b1280,7,27,47.36,278304326
1573,0x1096948e,0x054c223c,5,76,87.64,278303886
1574,0x1096949e,0x0622076b,6,34,18.99,278303902
1575,0x10969390,0x0206464d,2,6,179.97,278303632
1576,0x109694e5,0x012d10ba,1,45,42.82,278303973
1577,0x1096957c,0x00173971,0,23,147.05,278304124
1578,0x10969516,0x043a66a3,4,58,262.75,278304022
1579,0x109694ef,0x060e076a,6,14,18.98,278303983
1580,0x109693dc,0x02364648,2,54,179.92,278303708
1581,0x10969585,0x03192c90,3,25,114.08,278304133
1582,0x109696aa,0x0715127f,7,21,47.35,278304426
1583,0x1096948e,0x0518223c,5,24,87.64,278303886
1584,0x10969563,0x010710ba,1,7,42.82,278304099
1585,0x1096955a,0x04076692,4,7,262.58,278304090
1586,0x109695d5,0x00073968,0,7,146.96,278304213
1587,0x109694ee,0x0513223c,5,19,87.64,278303982
1588,0x109696d3,0x0707127f,7,7,47.35,278304467
1589,0x109693dc,0x02264648,2,38,179.92,278303708
1590,0x109694ef,0x0622076a,6,34,18.98,278303983
1591,0x10969701,0x0714127f,7,20,47.35,278304513
1592,0x10969585,0x033b2c90,3,59,114.08,278304133
1593,0x1096955a,0x043a6692,4,58,262.58,278304090
1594,0x10969450,0x02024648,2,2,179.92,278303824
1595,0x10969561,0x06370769,6,55,18.97,278304097
1596,0x109694ee,0x0503223c,5,3,87.64,278303982
1597,0x10969563,0x010b10ba,1,11,42.82,278304099
1598,0x109695d5,0x00083968,0,8,146.96,278304213
1599,0x109695ce,0x03012c7b,3,1,113.87,278304206
1600,0x10969586,0x05232237,5,35,87.59,278304134
1601,0x10969701,0x0705127f,7,5,47.35,278304513
1602,0x1096955a,0x04076692,4,7,262.58,278304090
1603,0x10969561,0x06040769,6,4,18.97,278304097
1604,0x10969450,0x020a4648,2,10,179.92,278303824
1605,0x109695d5,0x001d3968,0,29,146.96,278304213
1606,0x10969608,0x011310b7,1,19,42.79,278304264
1607,0x1096959e,0x044a666e,4,74,262.22,278304158
1608,0x10969586,0x05202237,5,32,87.59,278304134
1609,0x109695cc,0x06130769,6,19,18.97,278304204
1610,0x109695ce,0x030e2c7b,3,14,113.87,278304206
1611,0x10969525,0x02194647,2,25,179.91,278304037
1612,0x10969740,0x031c2c30,3,28,113.12,278304576
1613,0x109695e7,0x05202237,5,32,87.59,278304231
1614,0x10969653,0x00033964,0,3,146.92,278304339
1615,0x10969746,0x0720127b,7,32,47.31,278304582
1616,0x10969647,0x05172233,5,23,87.55,278304327
1617,0x109695cc,0x060b0769,6,11,18.97,278304204
1618,0x10969525,0x02234647,2,35,179.91,278304037
1619,0x1096959e,0x041c666e,4,28,262.22,278304158
1620,0x10969608,0x010110b7,1,1,42.79,278304264
1621,0x1096960c,0x041f666b,4,31,262.19,278304268
1622,0x10969740,0x03272c30,3,39,113.12,278304576
1623,0x10969653,0x002b3964,0,43,146.92,278304339
1624,0x10969647,0x05072233,5,7,87.55,278304327
1625,0x10969746,0x0743127b,7,67,47.31,278304582
1626,0x1096978d,0x030d2bf0,3,13,112.48,278304653
1627,0x109695cc,0x06050769,6,5,18.97,278304204
1628,0x10969608,0x013210b7,1,50,42.79,278304264
1629,0x10969525,0x02224647,2,34,179.91,278304037
1630,0x109697d5,0x070e127b,7,14,47.31,278304725
1631,0x1096960c,0x040a666b,4,10,262.19,278304268
1632,0x10969647,0x05182233,5,24,87.55,278304327
1633,0x1096967d,0x06070769,6,7,18.97,278304381
1634,0x1096956c,0x02344641,2,52,179.85,278304108
1635,0x1096965d,0x012f10b7,1,47,42.79,278304349
1636,0x10969653,0x000a3964,0,10,146.92,278304339
1637,0x1096978d,0x03522bf0,3,82,112.48,278304653
1638,0x109696c6,0x06160769,6,22,18.97,278304454
1639,0x1096960c,0x0414666b,4,20,262.19,278304268
1640,0x109697d5,0x0731127b,7,49,47.31,278304725
1641,0x10969647,0x051b2233,5,27,87.55,278304327
1642,0x109697fb,0x030e2be4,3,14,112.36,278304763
1643,0x10969724,0x00263957,0,38,146.79,278304548
1644,0x1096956c,0x02014641,2,1,179.85,278304108
1645,0x1096970a,0x06170768,6,23,18.96,278304522
1646,0x109696cc,0x051b2232,5,27,87.54,278304460
1647,0x1096965d,0x011110b7,1,17,42.79,278304349
1648,0x1096979e,0x00363956,0,54,146.78,278304670
1649,0x1096977f,0x060f0767,6,15,18.95,278304639
1650,0x109697fb,0x03242be4,3,36,112.36,278304763
1651,0x1096960c,0x041e666b,4,30,262.19,278304268
1652,0x109697d5,0x0726127b,7,38,47.31,278304725
1653,0x109696cc,0x050d2232,5,13,87.54,278304460
1654,0x109697ec,0x06030765,6,3,18.93,278304748
1655,0x109696c9,0x04286665,4,40,262.13,278304457
1656,0x1096956c,0x021b4641,2,27,179.85,278304108
1657,0x10969822,0x0728127b,7,40,47.31,278304802
1658,0x1096965d,0x010e10b7,1,14,42.79,278304349
1659,0x1096979e,0x00033956,0,3,146.78,278304670
1660,0x109697fb,0x03212be4,3,33,112.36,278304763
1661,0x10969732,0x04016646,4,1,261.82,278304562
1662,0x109696cc,0x050d2232,5,13,87.54,278304460
1663,0x109697ec,0x06250765,6,37,18.93,278304748
1664,0x10969719,0x010610b7,1,6,42.79,278304537
1665,0x109697ae,0x054c222a,5,76,87.46,278304686
1666,0x1096979b,0x040c662b,4,12,261.55,278304667
1667,0x1096966d,0x020a4635,2,10,179.73,278304365
1668,0x1096984b,0x06100765,6,16,18.93,278304843
1669,0x10969822,0x0711127b,7,17,47.31,278304802
1670,0x10969796,0x010110b5,1,1,42.77,278304662
1671,0x1096979e,0x00193956,0,25,146.78,278304670
1672,0x109696e1,0x021b462e,2,27,179.66,278304481
1673,0x10969879,0x072b127b,7,43,47.31,278304889
1674,0x109697fb,0x03092be4,3,9,112.36,278304763
1675,0x109697ae,0x0512222a,5,18,87.46,278304686
1676,0x109697f3,0x000c3955,0,12,146.77,278304755
1677,0x1096979b,0x0446662b,4,70,261.55,278304667
1678,0x1096984b,0x06070765,6,7,18.93,278304843
1679,0x109698ed,0x07291279,7,41,47.29,278305005
1680,0x1096986a,0x030c2bdf,3,12,112.31,278304874
1681,0x10969807,0x050b2225,5,11,87.41,278304775
1682,0x10969796,0x010d10b5,1,13,42.77,278304662
1683,0x109696e1,0x0229462e,2,41,179.66,278304481
1684,0x109697df,0x041a6627,4,26,261.51,278304735
1685,0x1096988f,0x060c0763,6,12,18.91,278304911
1686,0x109698d8,0x03172bd0,3,23,112.16,278304984
1687,0x10969885,0x051f2225,5,31,87.41,278304901
1688,0x10969785,0x020d462b,2,13,179.63,278304645
1689,0x109697ee,0x013510b5,1,53,42.77,278304750
1690,0x109698ed,0x07201279,7,32,47.29,278305005
1691,0x109697f3,0x000f3955,0,15,146.77,278304755
1692,0x1096988f,0x061b0763,6,27,18.91,278304911
1693,0x10969847,0x011610b4,1,22,42.76,278304839
1694,0x109697df,0x04166627,4,22,261.51,278304735
1695,0x10969885,0x05232225,5,35,87.41,278304901
1696,0x109698d8,0x030b2bd0,3,11,112.16,278304984
1697,0x10969940,0x07131279,7,19,47.29,278305088
1698,0x1096986c,0x001d3951,0,29,146.73,278304876
1699,0x10969848,0x041c6620,4,28,261.44,278304840
1700,0x10969785,0x024b462b,2,75,179.63,278304645
1701,0x109698ff,0x051f221f,5,31,87.35,278305023
1702,0x10969946,0x03212bce,3,33,112.14,278305094
1703,0x109698bc,0x002e394c,0,46,146.68,278304956
1704,0x1096995b,0x051d221b,5,29,87.31,278305115
1705,0x1096988f,0x062d0763,6,45,18.91,278304911
1706,0x109697e7,0x0207461f,2,7,179.51,278304743
1707,0x10969847,0x012a10b4,1,42,42.76,278304839
1708,0x10969996,0x05042218,5,4,87.28,278305174
1709,0x10969848,0x040b6620,4,11,261.44,278304840
1710,0x10969940,0x07121279,7,18,47.29,278305088
1711,0x10969970,0x00023946,0,2,146.62,278305136
1712,0x10969850,0x020a461d,2,10,179.49,278304848
1713,0x1096989f,0x010310b3,1,3,42.75,278304927
1714,0x10969946,0x03082bce,3,8,112.14,278305094
1715,0x1096988f,0x06090763,6,9,18.91,278304911
1716,0x1096990d,0x011010b3,1,16,42.75,278305037
1717,0x109699d3,0x03162bb3,3,22,111.87,278305235
1718,0x10969996,0x05222218,5,34,87.28,278305174
1719,0x10969848,0x04096620,4,9,261.44,278304840
1720,0x10969850,0x0236461d,2,54,179.49,278304848
1721,0x10969997,0x06180763,6,24,18.91,278305175
1722,0x10969940,0x072d1279,7,45,47.29,278305088
1723,0x109699fa,0x05292217,5,41,87.27,278305274
1724,0x10969970,0x004b3946,0,75,146.62,278305136
1725,0x109698b7,0x04046602,4,4,261.14,278304951
1726,0x10969897,0x02204617,2,32,179.43,278304919
1727,0x1096990d,0x010c10b3,1,12,42.75,278305037
1728,0x109699d3,0x03472bb3,3,71,111.87,278305235
1729,0x109699fa,0x050c2217,5,12,87.27,278305274
1730,0x109698fb,0x040965f9,4,9,261.05,278305019
1731,0x10969997,0x06350763,6,53,18.91,278305175
1732,0x10969940,0x07131279,7,19,47.29,278305088
1733,0x10969970,0x00043946,0,4,146.62,278305136
1734,0x10969a79,0x05082216,5,8,87.26,278305401
1735,0x109699fc,0x040265d9,4,2,260.73,278305276
1736,0x10969897,0x020a4617,2,10,179.43,278304919
1737,0x109699bc,0x074a1278,7,74,47.28,278305212
1738,0x10969a41,0x001c3940,0,28,146.56,278305345
1739,0x10969b11,0x050a2215,5,10,87.25,278305553
1740,0x10969960,0x010110b2,1,1,42.74,278305120
1741,0x10969ade,0x032d2b7f,3,45,111.35,278305502
1742,0x10969997,0x06150763,6,21,18.91,278305175
1743,0x10969897,0x02034617,2,3,179.43,278304919
1744,0x109699fc,0x043665d9,4,54,260.73,278305276
1745,0x10969a10,0x012810b2,1,40,42.74,278305296
1746,0x10969a05,0x06070763,6,7,18.91,278305285
1747,0x10969b11,0x05202215,5,32,87.25,278305553
1748,0x109699bc,0x070c1278,7,12,47.28,278305212
1749,0x10969a41,0x00293940,0,41,146.56,278305345
1750,0x10969a68,0x041665d2,4,22,260.66,278305384
1751,0x10969be9,0x0540220f,5,64,87.19,278305769
1752,0x10969aad,0x062d0761,6,45,18.89,278305453
1753,0x10969ade,0x03012b7f,3,1,111.35,278305502
1754,0x10969a4f,0x07011278,7,1,47.28,278305359
1755,0x10969ad1,0x041665d0,4,22,260.64,278305489
1756,0x10969b17,0x001b3932,0,27,146.42,278305559
1757,0x10969897,0x02064617,2,6,179.43,278304919
1758,0x10969a10,0x010710b2,1,7,42.74,278305296
1759,0x10969b53,0x031a2b7d,3,26,111.33,278305619
1760,0x1096990a,0x024a4612,2,74,179.38,278305034
1761,0x10969ab0,0x010510b2,1,5,42.74,278305456
1762,0x10969aad,0x06010761,6,1,18.89,278305453
1763,0x10969baa,0x03082b74,3,8,111.24,278305706
1764,0x10969a4f,0x072f1278,7,47,47.28,278305359
1765,0x10969ad1,0x040365d0,4,3,260.64,278305489
1766,0x10969afe,0x063b0761,6,59,18.89,278305534
1767,0x10969b17,0x00293932,0,41,146.42,278305559
1768,0x10969b52,0x011c10b2,1,28,42.74,278305618
1769,0x10969be9,0x050c220f,5,12,87.19,278305769
1770,0x1096990a,0x02084612,2,8,179.38,278305034
1771,0x10969b15,0x040765cd,4,7,260.61,278305557
1772,0x10969c4a,0x0503220f,5,3,87.19,278305866
1773,0x10969ba7,0x012210b2,1,34,42.74,278305703
1774,0x10969bcf,0x041065b7,4,16,260.39,278305743
1775,0x10969951,0x02064611,2,6,179.37,278305105
1776,0x10969bfb,0x030f2b71,3,15,111.21,278305787
1777,0x10969c20,0x010610b1,1,6,42.73,278305824
1778,0x10969afe,0x060c0761,6,12,18.89,278305534
1779,0x10969a4f,0x070e1278,7,14,47.28,278305359
1780,0x10969c62,0x042665b6,4,38,260.38,278305890
1781,0x10969b17,0x000c3932,0,12,146.42,278305559
1782,0x10969b6d,0x0657075f,6,87,18.87,278305645
1783,0x10969c4a,0x050c220f,5,12,87.19,278305866
1784,0x10969ca7,0x03292b63,3,41,111.07,278305959
1785,0x10969ac3,0x07221277,7,34,47.27,278305475
1786,0x10969c73,0x050f220c,5,15,87.16,278305907
1787,0x10969951,0x02374611,2,55,179.37,278305105
1788,0x10969b74,0x00423931,0,66,146.41,278305652
1789,0x10969b16,0x072c1276,7,44,47.26,278305558
1790,0x10969c20,0x014810b1,1,72,42.73,278305824
1791,0x10969c62,0x041c65b6,4,28,260.38,278305890
1792,0x109699bb,0x02054609,2,5,179.29,278305211
1793,0x10969be8,0x0008392c,0,8,146.36,278305768
1794,0x10969b6d,0x0604075f,6,4,18.87,278305645
1795,0x10969ca7,0x031a2b63,3,26,111.07,278305959
1796,0x10969c65,0x0005392b,0,5,146.35,278305893
1797,0x10969bb6,0x0619075e,6,25,18.86,278305718
1798,0x10969c73,0x052d220c,5,45,87.16,278305907
1799,0x10969b16,0x07071276,7,7,47.26,278305558
1800,0x10969c62,0x040865b6,4,8,260.38,278305890
1801,0x10969d29,0x03042b53,3,4,110.91,278306089
1802,0x109699bb,0x02014609,2,1,179.29,278305211
1803,0x10969c4c,0x0616075e,6,22,18.86,278305868
1804,0x10969b6e,0x07471276,7,71,47.26,278305646
1805,0x10969d07,0x013410b0,1,52,42.72,278306055
1806,0x10969be6,0x070e1276,7,14,47.26,278305766
1807,0x10969cdc,0x05592209,5,89,87.13,278306012
1808,0x10969c62,0x040665b6,4,6,260.38,278305890
1809,0x10969c65,0x000b392b,0,11,146.35,278305893
1810,0x109699bb,0x02284609,2,40,179.29,278305211
1811,0x10969c4c,0x0610075e,6,16,18.86,278305868
1812,0x10969d29,0x032d2b53,3,45,110.91,278306089
1813,0x10969d13,0x042265b2,4,34,260.34,278306067
1814,0x10969cba,0x063b075c,6,59,18.84,278305978
1815,0x10969dab,0x032a2b26,3,42,110.46,278306219
1816,0x10969d45,0x054d2208,5,77,87.12,278306117
1817,0x10969d07,0x012210b0,1,34,42.72,278306055
1818,0x10969be6,0x071e1276,7,30,47.26,278305766
1819,0x10969c65,0x0042392b,0,66,146.35,278305893
1820,0x109699bb,0x020d4609,2,13,179.29,278305211
1821,0x10969d13,0x041e65b2,4,30,260.34,278306067
1822,0x10969da0,0x05022207,5,2,87.11,278306208
1823,0x10969d58,0x012b10b0,1,43,42.72,278306136
1824,0x10969d5f,0x040b6585,4,11,259.89,278306143
1825,0x10969cba,0x060c075c,6,12,18.84,278305978
1826,0x10969a24,0x020c45ff,2,12,179.19,278305316
1827,0x10969d89,0x010510b0,1,5,42.72,278306185
1828,0x10969dab,0x03192b26,3,25,110.46,278306219
1829,0x10969be6,0x07131276,7,19,47.26,278305766
1830,0x10969d26,0x061f075c,6,31,18.84,278306086
1831,0x10969a86,0x024745fb,2,71,179.15,278305414
1832,0x10969da0,0x05342207,5,52,87.11,278306208
1833,0x10969c65,0x0005392b,0,5,146.35,278305893
1834,0x10969c5e,0x071a1276,7,26,47.26,278305886
1835,0x10969e2d,0x03482af6,3,72,109.98,278306349
1836,0x10969d5f,0x045b6585,4,91,259.89,278306143
1837,0x10969deb,0x05142207,5,20,87.11,278306283
1838,0x10969cbb,0x00163920,0,22,146.24,278305979
1839,0x10969cb1,0x07031276,7,3,47.26,278305969
1840,0x10969da7,0x04036583,4,3,259.87,278306215
1841,0x10969d89,0x011f10b0,1,31,42.72,278306185
1842,0x10969d26,0x0603075c,6,3,18.84,278306086
1843,0x10969d94,0x00063918,0,6,146.16,278306196
1844,0x10969a86,0x020845fb,2,8,179.15,278305414
1845,0x10969ddd,0x011610ab,1,22,42.67,278306269
1846,0x10969db7,0x0622075b,6,34,18.83,278306231
1847,0x10969deb,0x05052207,5,5,87.11,278306283
1848,0x10969eaf,0x03482ad9,3,72,109.69,278306479
1849,0x10969df1,0x00123916,0,18,146.14,278306289
1850,0x10969b21,0x022a45f8,2,42,179.12,278305569
1851,0x10969e0c,0x04116565,4,17,259.57,278306316
1852,0x10969cb1,0x070a1276,7,10,47.26,278305969
1853,0x10969ddd,0x012510ab,1,37,42.67,278306269
1854,0x10969db7,0x060a075b,6,10,18.83,278306231
1855,0x10969deb,0x050f2207,5,15,87.11,278306283
1856,0x10969b21,0x022345f8,2,35,179.12,278305569
1857,0x10969e0c,0x04076565,4,7,259.57,278306316
1858,0x10969e83,0x012210ab,1,34,42.67,278306435
1859,0x10969eaf,0x03092ad9,3,9,109.69,278306479
1860,0x10969e25,0x0601075b,6,1,18.83,278306341
1861,0x10969df1,0x00113916,0,17,146.14,278306289
1862,0x10969cb1,0x07011276,7,1,47.26,278305969
1863,0x10969e72,0x040b6560,4,11,259.52,278306418
1864,0x10969e4a,0x001e3913,0,30,146.11,278306378
1865,0x10969f11,0x03272ad2,3,39,109.62,278306577
1866,0x10969deb,0x050a2207,5,10,87.11,278306283
1867,0x10969b21,0x021645f8,2,22,179.12,278305569
1868,0x10969e25,0x060a075b,6,10,18.83,278306341
1869,0x10969f00,0x010c10aa,1,12,42.66,278306560
1870,0x10969cb1,0x07181276,7,24,47.26,278305969
1871,0x10969b8d,0x020d45f8,2,13,179.12,278305677
1872,0x10969ed7,0x0407655c,4,7,259.48,278306519
1873,0x10969e93,0x060f075a,6,15,18.82,278306451
1874,0x10969e4a,0x00223913,0,34,146.11,278306378
1875,0x10969deb,0x05182207,5,24,87.11,278306283
1876,0x10969f11,0x030c2ad2,3,12,109.62,278306577
1877,0x10969bd4,0x021245f5,2,18,179.09,278305748
1878,0x10969f09,0x05402205,5,64,87.09,278306569
1879,0x10969f98,0x030d2ac9,3,13,109.53,278306712
1880,0x10969f00,0x010a10aa,1,10,42.66,278306560
1881,0x10969ed7,0x042e655c,4,46,259.48,278306519
1882,0x10969e93,0x0613075a,6,19,18.82,278306451
1883,0x10969cb1,0x07211276,7,33,47.26,278305969
1884,0x10969bd4,0x020545f5,2,5,179.09,278305748
1885,0x10969f22,0x04046557,4,4,259.43,278306594
1886,0x10969e4a,0x00143913,0,20,146.11,278306378
1887,0x10969d56,0x073f1273,7,63,47.23,278306134
1888,0x10969f09,0x05212205,5,33,87.09,278306569
1889,0x10969f87,0x0413654b,4,19,259.31,278306695
1890,0x10969f15,0x000c3911,0,12,146.09,278306581
1891,0x10969f58,0x05142204,5,20,87.08,278306648
1892,0x10969e93,0x0639075a,6,57,18.82,278306451
1893,0x10969bd4,0x022745f5,2,39,179.09,278305748
1894,0x10969f01,0x0628075a,6,40,18.82,278306561
1895,0x10969fa3,0x050f2202,5,15,87.06,278306723
1896,0x10969d56,0x07191273,7,25,47.23,278306134
1897,0x1096a046,0x03332a96,3,51,109.02,278306886
1898,0x10969f00,0x010a10aa,1,10,42.66,278306560
1899,0x10969fdb,0x041a6523,4,26,258.91,278306779
1900,0x10969f15,0x00113911,0,17,146.09,278306581
1901,0x10969de9,0x07131273,7,19,47.23,278306281
1902,0x10969f6e,0x010510aa,1,5,42.66,278306670
1903,0x10969bd4,0x020745f5,2,7,179.09,278305748
1904,0x10969fa3,0x05212202,5,33,87.06,278306723
1905,0x10969f01,0x063e075a,6,62,18.82,278306561
1906,0x10969c1b,0x023645f3,2,54,179.07,278305819
1907,0x10969f70,0x0618075a,6,24,18.82,278306672
1908,0x1096a0a5,0x03062a93,3,6,108.99,278306981
1909,0x10969fdb,0x043c6523,4,60,258.91,278306779
1910,0x10969de9,0x071b1273,7,27,47.23,278306281
1911,0x10969f15,0x001d3911,0,29,146.09,278306581
1912,0x10969f6e,0x010f10aa,1,15,42.66,278306670
1913,0x10969fa3,0x05222202,5,34,87.06,278306723
1914,0x10969e40,0x071d1273,7,29,47.23,278306368
1915,0x1096a013,0x050a2201,5,10,87.05,278306835
1916,0x10969c1b,0x020745f3,2,7,179.07,278305819
1917,0x10969f70,0x0606075a,6,6,18.82,278306672
1918,0x1096a066,0x0456651c,4,86,258.84,278306918
1919,0x1096a104,0x03152a89,3,21,108.89,278307076
1920,0x10969c8e,0x020a45f2,2,10,179.06,278305934
1921,0x10969f6e,0x014810aa,1,72,42.66,278306670
1922,0x10969f15,0x000a3911,0,10,146.09,278306581
1923,0x10969e40,0x07061273,7,6,47.23,278306368
1924,0x1096a013,0x05262201,5,38,87.05,278306835
1925,0x10969cf7,0x022945ee,2,41,179.02,278306039
1926,0x10969fde,0x064c0759,6,76,18.81,278306782
1927,0x10969f97,0x00253910,0,37,146.08,278306711
1928,0x1096a066,0x0404651c,4,4,258.84,278306918
1929,0x10969fc9,0x010410a9,1,4,42.65,278306761
1930,0x1096a104,0x03072a89,3,7,108.89,278307076
1931,0x1096a0c1,0x0405651a,4,5,258.82,278307009
1932,0x1096a06b,0x000d3902,0,13,145.94,278306923
1933,0x1096a013,0x05062201,5,6,87.05,278306835
1934,0x10969e40,0x071f1273,7,31,47.23,278306368
1935,0x10969cf7,0x023945ee,2,57,179.02,278306039
1936,0x1096a10e,0x0442651a,4,66,258.82,278307086
1937,0x1096a166,0x03132a89,3,19,108.89,278307174
1938,0x1096a0c4,0x00143900,0,20,145.92,278307012
1939,0x10969fde,0x06040759,6,4,18.81,278306782
1940,0x10969ed3,0x073b1272,7,59,47.22,278306515
1941,0x10969d69,0x020545eb,2,5,178.99,278306153
1942,0x1096a020,0x011b10a7,1,27,42.63,278306848
1943,0x1096a028,0x06320759,6,50,18.81,278306856
1944,0x10969db0,0x022845df,2,40,178.87,278306224
1945,0x1096a013,0x050c2201,5,12,87.05,278306835
1946,0x1096a056,0x010110a6,1,1,42.62,278306902
1947,0x1096a15e,0x061e0757,6,30,18.79,278307166
1948,0x1096a162,0x040664fd,4,6,258.53,278307170
1949,0x1096a166,0x03032a89,3,3,108.89,278307174
1950,0x1096a0c4,0x000b3900,0,11,145.92,278307012
1951,0x10969ed3,0x07011272,7,1,47.22,278306515
1952,0x1096a121,0x004338ff,0,67,145.91,278307105
1953,0x1096a1ee,0x03012a7a,3,1,108.74,278307310
1954,0x10969db0,0x020845df,2,8,178.87,278306224
1955,0x1096a013,0x05202201,5,32,87.05,278306835
1956,0x1096a056,0x010b10a6,1,11,42.62,278306902
1957,0x1096a15e,0x061a0757,6,26,18.79,278307166
1958,0x10969e00,0x022745de,2,39,178.86,278306304
1959,0x1096a162,0x041f64fd,4,31,258.53,278307170
1960,0x1096a096,0x051221ff,5,18,87.03,278306966
1961,0x10969ed3,0x07101272,7,16,47.22,278306515
1962,0x1096a0d4,0x011f10a5,1,31,42.61,278307028
1963,0x1096a1ab,0x060a0756,6,10,18.78,278307243
1964,0x10969f26,0x073c1272,7,60,47.22,278306598
1965,0x1096a1ee,0x03552a7a,3,85,108.74,278307310
1966,0x10969e00,0x020b45de,2,11,178.86,278306304
1967,0x1096a162,0x040f64fd,4,15,258.53,278307170
1968,0x1096a096,0x054c21ff,5,76,87.03,278306966
1969,0x1096a277,0x03062a78,3,6,108.72,278307447
1970,0x1096a0d4,0x012410a5,1,36,42.61,278307028
1971,0x1096a1ab,0x060b0756,6,11,18.78,278307243
1972,0x1096a1f7,0x001838fc,0,24,145.88,278307319
1973,0x1096a129,0x010710a2,1,7,42.58,278307113
1974,0x10969f26,0x07141272,7,20,47.22,278306598
1975,0x10969e00,0x021745de,2,23,178.86,278306304
1976,0x1096a276,0x001538fb,0,21,145.87,278307446
1977,0x1096a096,0x050121ff,5,1,87.03,278306966
1978,0x1096a1ab,0x062d0756,6,45,18.78,278307243
1979,0x1096a162,0x042e64fd,4,46,258.53,278307170
1980,0x1096a14d,0x052521fb,5,37,86.99,278307149
1981,0x1096a277,0x03382a78,3,56,108.72,278307447
1982,0x1096a1ed,0x040164fc,4,1,258.52,278307309
1983,0x10969e00,0x020e45de,2,14,178.86,278306304
1984,0x10969f26,0x070a1272,7,10,47.22,278306598
1985,0x1096a276,0x001338fb,0,19,145.87,278307446
1986,0x1096a198,0x051621fb,5,22,86.99,278307224
1987,0x1096a2ff,0x03062a77,3,6,108.71,278307583
1988,0x10969ea0,0x020145d6,2,1,178.78,278306464
1989,0x1096a1ab,0x06020756,6,2,18.78,278307243
1990,0x1096a248,0x041d64ed,4,29,258.37,278307400
1991,0x1096a1df,0x051321f9,5,19,86.97,278307295
1992,0x10969f79,0x07051272,7,5,47.22,278306681
1993,0x1096a129,0x013810a2,1,56,42.58,278307113
1994,0x1096a241,0x061e0755,6,30,18.77,278307393
1995,0x1096a1bd,0x010610a2,1,6,42.58,278307261
1996,0x1096a276,0x001238fb,0,18,145.87,278307446
1997,0x1096a2b6,0x06160755,6,22,18.77,278307510
1998,0x1096a2ff,0x030b2a77,3,11,108.71,278307583
1999,0x10969ea0,0x021545d6,2,21,178.78,278306464
2000,0x1096a248,0x041464ed,4,20,258.37,278307400
2001,0x10969f79,0x07201272,7,32,47.22,278306681
2002,0x1096a1df,0x052521f9,5,37,86.97,278307295
2003,0x10969f18,0x020d45d6,2,13,178.78,278306584
2004,0x1096a233,0x051921f7,5,25,86.95,278307379
2005,0x10969fd4,0x071d1271,7,29,47.21,278306772
2006,0x1096a1bd,0x011910a2,1,25,42.58,278307261
2007,0x1096a051,0x0704126f,7,4,47.19,278306897
2008,0x1096a276,0x002338fb,0,35,145.87,278307446
2009,0x10969f5f,0x020245d0,2,2,178.72,278306655
2010,0x1096a2ff,0x03222a77,3,34,108.71,278307583
2011,0x1096a248,0x043264ed,4,50,258.37,278307400
2012,0x1096a237,0x011010a2,1,16,42.58,278307383
2013,0x10969ffb,0x020145bf,2,1,178.55,278306811
2014,0x1096a0c6,0x0705126e,7,5,47.18,278307014
2015,0x1096a2ac,0x000538fa,0,5,145.86,278307500
2016,0x1096a303,0x061f0754,6,31,18.76,278307587
2017,0x1096a233,0x050f21f7,5,15,86.95,278307379
2018,0x1096a388,0x03362a68,3,54,108.56,278307720
2019,0x1096a29f,0x041f64e4,4,31,258.28,278307487
2020,0x1096a2a8,0x051821f0,5,24,86.88,278307496
2021,0x1096a237,0x012910a2,1,41,42.58,278307383
2022,0x10969ffb,0x022e45bf,2,46,178.55,278306811
2023,0x1096a303,0x061b0754,6,27,18.76,278307587
2024,0x1096a0c6,0x070b126e,7,11,47.18,278307014
2025,0x1096a2ac,0x000938fa,0,9,145.86,278307500
2026,0x1096a388,0x03222a68,3,34,108.56,278307720
2027,0x1096a29f,0x040964e4,4,9,258.28,278307487
2028,0x1096a34c,0x06080754,6,8,18.76,278307660
2029,0x1096a042,0x020545bb,2,5,178.51,278306882
2030,0x1096a3e8,0x03242a67,3,36,108.55,278307816
2031,0x1096a2f2,0x040564d1,4,5,258.09,278307570
2032,0x1096a237,0x012d10a2,1,45,42.58,278307383
2033,0x1096a0c6,0x0730126e,7,48,47.18,278307014
2034,0x1096a2f4,0x054321ee,5,67,86.86,278307572
2035,0x1096a34c,0x064b0754,6,75,18.76,278307660
2036,0x1096a2ac,0x001938fa,0,25,145.86,278307500
2037,0x1096a042,0x023c45bb,2,60,178.51,278306882
2038,0x1096a13e,0x070d126e,7,13,47.18,278307134
2039,0x1096a2af,0x012410a1,1,36,42.57,278307503
2040,0x1096a37e,0x000438e8,0,4,145.68,278307710
2041,0x1096a3e8,0x03012a67,3,1,108.55,278307816
2042,0x1096a2f2,0x040264d1,4,2,258.09,278307570
2043,0x1096a191,0x071e126d,7,30,47.17,278307217
2044,0x1096a2f4,0x050721ee,5,7,86.86,278307572
2045,0x1096a042,0x021c45bb,2,28,178.51,278306882
2046,0x1096a34c,0x060d0754,6,13,18.76,278307660
2047,0x1096a469,0x030d2a64,3,13,108.52,278307945
2048,0x1096a3a5,0x051721ee,5,23,86.86,278307749
2049,0x1096a2af,0x011510a1,1,21,42.57,278307503
2050,0x1096a37e,0x001238e8,0,18,145.68,278307710
2051,0x1096a3e7,0x06410754,6,65,18.76,278307815
2052,0x1096a2f2,0x040664d1,4,6,258.09,278307570
2053,0x1096a089,0x022645bb,2,38,178.51,278306953
2054,0x1096a4ea,0x03022a63,3,2,108.51,278308074
2055,0x1096a191,0x0729126d,7,41,47.17,278307217
2056,0x1096a327,0x012510a1,1,37,42.57,278307623
2057,0x1096a3db,0x002d38e1,0,45,145.61,278307803
2058,0x1096a101,0x021c45b9,2,28,178.49,278307073
2059,0x1096a39b,0x040764ce,4,7,258.06,278307739
2060,0x1096a3a5,0x051221ee,5,18,86.86,278307749
2061,0x1096a3e7,0x06090754,6,9,18.76,278307815
2062,0x1096a3f2,0x040264ce,4,2,258.06,278307826
2063,0x1096a416,0x052321ee,5,35,86.86,278307862
2064,0x1096a191,0x0706126d,7,6,47.17,278307217
2065,0x1096a590,0x03062a50,3,6,108.32,278308240
2066,0x1096a327,0x010d10a1,1,13,42.57,278307623
2067,0x1096a3db,0x000338e1,0,3,145.61,278307803
2068,0x1096a470,0x040864c6,4,8,257.98,278307952
2069,0x1096a101,0x023145b9,2,49,178.49,278307073
2070,0x1096a486,0x050521ee,5,5,86.86,278307974
2071,0x1096a3e7,0x06030754,6,3,18.76,278307815
2072,0x1096a45d,0x001c38db,0,28,145.55,278307933
2073,0x1096a19d,0x022b45b6,2,43,178.46,278307229
2074,0x1096a4b2,0x050e21ed,5,14,86.85,278308018
2075,0x1096a191,0x0716126d,7,22,47.17,278307217
2076,0x1096a590,0x032f2a50,3,47,108.32,278308240
2077,0x1096a470,0x040664c6,4,6,257.98,278307952
2078,0x1096a327,0x012110a1,1,33,42.57,278307623
2079,0x1096a20d,0x0716126b,7,22,47.15,278307341
2080,0x1096a19d,0x020845b6,2,8,178.46,278307229
2081,0x1096a3e7,0x060c0754,6,12,18.76,278307815
2082,0x1096a45d,0x000438db,0,4,145.55,278307933
2083,0x1096a4b2,0x051a21ed,5,26,86.85,278308018
2084,0x1096a352,0x013910a1,1,57,42.57,278307666
2085,0x1096a260,0x07151268,7,21,47.12,278307424
2086,0x1096a232,0x021045b5,2,16,178.45,278307378
2087,0x1096a414,0x06440754,6,68,18.76,278307860
2088,0x1096a4fe,0x051d21e9,5,29,86.81,278308094
2089,0x1096a590,0x03292a50,3,41,108.32,278308240
2090,0x1096a470,0x041564c6,4,21,257.98,278307952
2091,0x1096a45e,0x06100753,6,16,18.75,278307934
2092,0x1096a45d,0x001f38db,0,31,145.55,278307933
2093,0x1096a4ed,0x042464b7,4,36,257.83,278308077
2094,0x1096a232,0x020745b5,2,7,178.45,278307378
2095,0x1096a352,0x010310a1,1,3,42.57,278307666
2096,0x1096a260,0x07471268,7,71,47.12,278307424
2097,0x1096a4fe,0x050321e9,5,3,86.81,278308094
2098,0x1096a4b2,0x000238da,0,2,145.54,278308018
2099,0x1096a45e,0x06170753,6,23,18.75,278307934
2100,0x1096a328,0x07051265,7,5,47.09,278307624
2101,0x1096a5ef,0x035f2a4c,3,95,108.28,278308335
2102,0x1096a3d6,0x012810a0,1,40,42.56,278307798
2103,0x1096a629,0x050d21e5,5,13,86.77,278308393
2104,0x1096a232,0x021c45b5,2,28,178.45,278307378
2105,0x1096a3a6,0x07161265,7,22,47.09,278307750
2106,0x1096a64c,0x03022a4c,3,2,108.28,278308428
2107,0x1096a452,0x010210a0,1,2,42.56,278307922
2108,0x1096a4ed,0x040c64b7,4,12,257.83,278308077
2109,0x1096a4b2,0x003338da,0,51,145.54,278308018
2110,0x1096a45e,0x06040753,6,4,18.75,278307934
2111,0x1096a4a5,0x0105109f,1,5,42.55,278308005
2112,0x1096a693,0x051421e3,5,20,86.75,278308499
2113,0x1096a4ca,0x06480752,6,72,18.74,278308042
2114,0x1096a232,0x021d45b5,2,29,178.45,278307378
2115,0x1096a3a6,0x07251265,7,37,47.09,278307750
2116,0x1096a4ed,0x043664b7,4,54,257.83,278308077
2117,0x1096a64c,0x030c2a4c,3,12,108.28,278308428
2118,0x1096a50e,0x060c0752,6,12,18.74,278308110
2119,0x1096a29e,0x021f45b1,2,31,178.41,278307486
2120,0x1096a4b2,0x000e38da,0,14,145.54,278308018
2121,0x1096a4a5,0x013f109f,1,63,42.55,278308005
2122,0x1096a545,0x0421648b,4,33,257.39,278308165
2123,0x1096a2e5,0x020c45b1,2,12,178.41,278307557
2124,0x1096a3a6,0x07251265,7,37,47.09,278307750
2125,0x1096a534,0x003a38d7,0,58,145.51,278308148
2126,0x1096a50e,0x06570752,6,87,18.74,278308110
2127,0x1096a64c,0x03142a4c,3,20,108.28,278308428
2128,0x1096a32c,0x020545b1,2,5,178.41,278307628
2129,0x1096a693,0x052c21e3,5,44,86.75,278308499
2130,0x1096a45b,0x07081264,7,8,47.08,278307931
2131,0x1096a587,0x06080751,6,8,18.73,278308231
2132,0x1096a4a5,0x0115109f,1,21,42.55,278308005
2133,0x1096a545,0x0435648b,4,53,257.39,278308165
2134,0x1096a70f,0x051f21e2,5,31,86.74,278308623
2135,0x1096a534,0x000e38d7,0,14,145.51,278308148
2136,0x1096a75e,0x050121e2,5,1,86.74,278308702
2137,0x1096a523,0x0133109f,1,51,42.55,278308131
2138,0x1096a651,0x04046477,4,4,257.19,278308433
2139,0x1096a32c,0x020945b1,2,9,178.41,278307628
2140,0x1096a45b,0x07271264,7,39,47.08,278307931
2141,0x1096a64c,0x03212a4c,3,33,108.28,278308428
2142,0x1096a587,0x06030751,6,3,18.73,278308231
2143,0x1096a5a9,0x001d38d5,0,29,145.49,278308265
2144,0x1096a398,0x022245ae,2,34,178.38,278307736
2145,0x1096a5d0,0x06180751,6,24,18.73,278308304
2146,0x1096a4ae,0x07251263,7,37,47.07,278308014
2147,0x1096a6a5,0x03202a3e,3,32,108.14,278308517
2148,0x1096a61e,0x000538d3,0,5,145.47,278308382
2149,0x1096a75e,0x052221e2,5,34,86.74,278308702
2150,0x1096a523,0x0101109f,1,1,42.55,278308131
2151,0x1096a6d2,0x040a645d,4,10,256.93,278308562
2152,0x1096a788,0x050921e1,5,9,86.73,278308744
2153,0x1096a66e,0x001f38cb,0,31,145.39,278308462
2154,0x1096a398,0x020645ae,2,6,178.38,278307736
2155,0x1096a5d0,0x063b0751,6,59,18.73,278308304
2156,0x1096a72e,0x041d645c,4,29,256.92,278308654
2157,0x1096a6a5,0x033a2a3e,3,58,108.14,278308517
2158,0x1096a4ae,0x072f1263,7,47,47.07,278308014
2159,0x1096a45a,0x023245ae,2,50,178.38,278307930
2160,0x1096a823,0x04096456,4,9,256.86,278308899
2161,0x1096a523,0x0118109f,1,24,42.55,278308131
2162,0x1096a788,0x054021e1,5,64,86.73,278308744
2163,0x1096a726,0x030e2a39,3,14,108.09,278308646
2164,0x1096a5d0,0x06020751,6,2,18.73,278308304
2165,0x1096a66e,0x000a38cb,0,10,145.39,278308462
2166,0x1096a4ae,0x070c1263,7,12,47.07,278308014
2167,0x1096a614,0x06360750,6,54,18.72,278308372
2168,0x1096a45a,0x022245ae,2,34,178.38,278307930
2169,0x1096a523,0x0110109f,1,16,42.55,278308131
2170,0x1096a823,0x043c6456,4,60,256.86,278308899
2171,0x1096a547,0x070f1262,7,15,47.06,278308167
2172,0x1096a726,0x03052a39,3,5,108.09,278308646
2173,0x1096a788,0x050221e1,5,2,86.73,278308744
2174,0x1096a4cb,0x020545ab,2,5,178.35,278308043
2175,0x1096a66e,0x000f38cb,0,15,145.39,278308462
2176,0x1096a59f,0x0113109f,1,19,42.55,278308255
2177,0x1096a81f,0x052721e1,5,39,86.73,278308895
2178,0x1096a5b0,0x021f45a5,2,31,178.29,278308272
2179,0x1096a614,0x061e0750,6,30,18.72,278308372
2180,0x1096a547,0x070e1262,7,14,47.06,278308167
2181,0x1096a823,0x04216456,4,33,256.86,278308899
2182,0x1096a726,0x030a2a39,3,10,108.09,278308646
2183,0x1096a6ac,0x06340750,6,52,18.72,278308524
2184,0x1096a66e,0x002238cb,0,34,145.39,278308462
2185,0x1096a59f,0x0109109f,1,9,42.55,278308255
2186,0x1096a59a,0x070f1262,7,15,47.06,278308250
2187,0x1096a5b0,0x020145a5,2,1,178.29,278308272
2188,0x1096a8d4,0x051421dc,5,20,86.68,278309076
2189,0x1096a6f0,0x060c0750,6,12,18.72,278308592
2190,0x1096a8c6,0x0412644b,4,18,256.75,278309062
2191,0x1096a6e9,0x000638cb,0,6,145.39,278308585
2192,0x1096a5f2,0x0133109e,1,51,42.54,278308338
2193,0x1096a94f,0x051b21dc,5,27,86.68,278309199
2194,0x1096a5ed,0x07091261,7,9,47.05,278308333
2195,0x1096a91e,0x042c643f,4,44,256.63,278309150
2196,0x1096a726,0x03242a39,3,36,108.09,278308646
2197,0x1096a5b0,0x020845a5,2,8,178.29,278308272
2198,0x1096a6f0,0x062b0750,6,43,18.72,278308592
2199,0x1096a6e9,0x001b38cb,0,27,145.39,278308585
2200,0x1096a620,0x0216459d,2,22,178.21,278308384
2201,0x1096a94f,0x050221dc,5,2,86.68,278309199
2202,0x1096a785,0x063a074f,6,58,18.71,278308741
2203,0x1096a5ed,0x075d1261,7,93,47.05,278308333
2204,0x1096a5f2,0x0114109e,1,20,42.54,278308338
2205,0x1096a91e,0x042f643f,4,47,256.63,278309150
2206,0x1096a9c0,0x053f21d7,5,63,86.63,278309312
2207,0x1096a68c,0x0235459b,2,53,178.19,278308492
2208,0x1096a739,0x004738ca,0,71,145.38,278308665
2209,0x1096a687,0x0706125d,7,6,47.01,278308487
2210,0x1096a67a,0x0101109d,1,1,42.53,278308474
2211,0x1096a726,0x030c2a39,3,12,108.09,278308646
2212,0x1096a785,0x0605074f,6,5,18.71,278308741
2213,0x1096a782,0x03262a2c,3,38,107.96,278308738
2214,0x1096aa2d,0x054421d6,5,68,86.62,278309421
2215,0x1096a68c,0x0204459b,2,4,178.19,278308492
2216,0x1096a687,0x0726125d,7,38,47.01,278308487
2217,0x1096a739,0x000d38ca,0,13,145.38,278308665
2218,0x1096a67a,0x0101109d,1,1,42.53,278308474
2219,0x1096a7da,0x03102a2b,3,16,107.95,278308826
2220,0x1096a7eb,0x062d074f,6,45,18.71,278308843
2221,0x1096a6d3,0x021a459a,2,26,178.18,278308563
2222,0x1096a9c6,0x041e6409,4,30,256.09,278309318
2223,0x1096a71d,0x0713125d,7,19,47.01,278308637
2224,0x1096a7be,0x000138c8,0,1,145.36,278308798
2225,0x1096aa10,0x0621074c,6,33,18.68,278309392
2226,0x1096a71a,0x02454596,2,69,178.14,278308634
2227,0x1096aa2d,0x051121d6,5,17,86.62,278309421
2228,0x1096aa1a,0x040a6409,4,10,256.09,278309402
2229,0x1096a67a,0x0119109d,1,25,42.53,278308474
2230,0x1096a7da,0x03092a2b,3,9,107.95,278308826
2231,0x1096aa7b,0x051321d3,5,19,86.59,278309499
2232,0x1096a7be,0x005238c8,0,82,145.36,278308798
2233,0x1096a71d,0x0702125d,7,2,47.01,278308637
2234,0x1096aa10,0x0616074c,6,22,18.68,278309392
2235,0x1096a71a,0x02064596,2,6,178.14,278308634
2236,0x1096a893,0x000938ac,0,9,145.08,278309011
2237,0x1096aa1a,0x040b6409,4,11,256.09,278309402
2238,0x1096aa7b,0x050521d3,5,5,86.59,278309499
2239,0x1096a67a,0x0115109d,1,21,42.53,278308474
2240,0x1096a7da,0x03072a2b,3,7,107.95,278308826
2241,0x1096a71d,0x0721125d,7,33,47.01,278308637
2242,0x1096a74f,0x0133109c,1,51,42.52,278308687
2243,0x1096a7db,0x02344591,2,52,178.09,278308827
2244,0x1096a893,0x001e38ac,0,30,145.08,278309011
2245,0x1096aa1a,0x04206409,4,32,256.09,278309402
2246,0x1096a770,0x0702125d,7,2,47.01,278308720
2247,0x1096aa7b,0x050e21d3,5,14,86.59,278309499
2248,0x1096aab2,0x0606074b,6,6,18.67,278309554
2249,0x1096a7da,0x03162a2b,3,22,107.95,278308826
2250,0x1096aa4b,0x04016409,4,1,256.09,278309451
2251,0x1096a74f,0x0120109c,1,32,42.52,278308687
2252,0x1096a7db,0x02154591,2,21,178.09,278308827
2253,0x1096ab0a,0x062e074b,6,46,18.67,278309642
2254,0x1096a85e,0x03032a27,3,3,107.91,278308958
2255,0x1096a893,0x000c38ac,0,12,145.08,278309011
2256,0x1096a770,0x0723125d,7,35,47.01,278308720
2257,0x1096aa7b,0x050c21d3,5,12,86.59,278309499
2258,0x1096a84b,0x02034586,2,3,177.98,278308939
2259,0x1096a7a7,0x0113109c,1,19,42.52,278308775
2260,0x1096a8ec,0x000138aa,0,1,145.06,278309100
2261,0x1096aa4b,0x04306409,4,48,256.09,278309451
2262,0x1096a8bb,0x02054579,2,5,177.85,278309051
2263,0x1096a85e,0x03172a27,3,23,107.91,278308958
2264,0x1096ab0a,0x060a074b,6,10,18.67,278309642
2265,0x1096a770,0x0713125d,7,19,47.01,278308720
2266,0x1096aa7b,0x052f21d3,5,47,86.59,278309499
2267,0x1096a8d6,0x030c2a25,3,12,107.89,278309078
2268,0x1096a7a7,0x0129109c,1,41,42.52,278308775
2269,0x1096a8ec,0x002338aa,0,35,145.06,278309100
2270,0x1096aae9,0x050e21d1,5,14,86.57,278309609
2271,0x1096a8bb,0x02414579,2,65,177.85,278309051
2272,0x1096a7e5,0x0716125d,7,22,47.01,278308837
2273,0x1096aa4b,0x04336409,4,51,256.09,278309451
2274,0x1096a8c8,0x012a1099,1,42,42.49,278309064
2275,0x1096a952,0x02074571,2,7,177.77,278309202
2276,0x1096ab0a,0x0610074b,6,16,18.67,278309642
2277,0x1096aacd,0x040b63f3,4,11,255.87,278309581
2278,0x1096a8d6,0x030a2a25,3,10,107.89,278309078
2279,0x1096aae9,0x051a21d1,5,26,86.57,278309609
2280,0x1096ab3b,0x0626074b,6,38,18.67,278309691
2281,0x1096a8ec,0x001c38aa,0,28,145.06,278309100
2282,0x1096a7e5,0x071f125d,7,31,47.01,278308837
2283,0x1096ab26,0x041263f0,4,18,255.84,278309670
2284,0x1096ab35,0x052a21d1,5,42,86.57,278309685
2285,0x1096a952,0x02124571,2,18,177.77,278309202
2286,0x1096a8c8,0x01361099,1,54,42.49,278309064
2287,0x1096a9b6,0x002338a2,0,35,144.98,278309302
2288,0x1096a8af,0x0709125b,7,9,46.99,278309039
2289,0x1096a943,0x01261097,1,38,42.47,278309187
2290,0x1096a99e,0x021b4570,2,27,177.76,278309278
2291,0x1096a8d6,0x031e2a25,3,30,107.89,278309078
2292,0x1096ab3b,0x0631074b,6,49,18.67,278309691
2293,0x1096a927,0x071e1259,7,30,46.97,278309159
2294,0x1096ab35,0x053321d1,5,51,86.57,278309685
2295,0x1096ab26,0x040a63f0,4,10,255.84,278309670
2296,0x1096aa2f,0x02114570,2,17,177.76,278309423
2297,0x1096abbc,0x0608074a,6,8,18.66,278309820
2298,0x1096a9b6,0x001738a2,0,23,144.98,278309302
2299,0x1096aba3,0x043d63c0,4,61,255.36,278309795
2300,0x1096a943,0x01071097,1,7,42.47,278309187
2301,0x1096ac15,0x06180749,6,24,18.65,278309909
2302,0x1096a927,0x07061259,7,6,46.97,278309159
2303,0x1096a8d6,0x03072a25,3,7,107.89,278309078
2304,0x1096aa30,0x000a389e,0,10,144.94,278309424
2305,0x1096ab35,0x050721d1,5,7,86.57,278309685
2306,0x1096aa2f,0x02474570,2,71,177.76,278309423
2307,0x1096a9be,0x01261095,1,38,42.45,278309310
2308,0x1096ab86,0x051b21d1,5,27,86.57,278309766
2309,0x1096aac4,0x0213456b,2,19,177.71,278309572
2310,0x1096aba3,0x041f63c0,4,31,255.36,278309795
2311,0x1096abd3,0x051821d0,5,24,86.56,278309843
2312,0x1096ac15,0x06220749,6,34,18.65,278309909
2313,0x1096a927,0x07011259,7,1,46.97,278309159
2314,0x1096aa30,0x0005389e,0,5,144.94,278309424
2315,0x1096a8d6,0x03262a25,3,38,107.89,278309078
2316,0x1096abf8,0x040963bf,4,9,255.35,278309880
2317,0x1096ac41,0x051821c9,5,24,86.49,278309953
2318,0x1096a9be,0x01221095,1,34,42.45,278309310
2319,0x1096aac4,0x020b456b,2,11,177.71,278309572
2320,0x1096a929,0x030b2a22,3,11,107.86,278309161
2321,0x1096ac9e,0x040a63a9,4,10,255.13,278310046
2322,0x1096ab22,0x0227455b,2,39,177.55,278309666
2323,0x1096ac15,0x06080749,6,8,18.65,278309909
2324,0x1096aa30,0x0013389e,0,19,144.94,278309424
2325,0x1096ad1b,0x0402639f,4,2,255.03,278310171
2326,0x1096a927,0x07161259,7,22,46.97,278309159
2327,0x1096ac41,0x054521c9,5,69,86.49,278309953
2328,0x1096ab69,0x020d4553,2,13,177.47,278309737
2329,0x1096ac8f,0x06130748,6,19,18.64,278310031
2330,0x1096aab1,0x00123894,0,18,144.84,278309553
2331,0x1096a9be,0x01131095,1,19,42.45,278309310
2332,0x1096a929,0x03212a22,3,33,107.86,278309161
2333,0x1096acaa,0x052121c9,5,33,86.49,278310058
2334,0x1096aa3a,0x01301094,1,48,42.44,278309434
2335,0x1096ad1b,0x042c639f,4,44,255.03,278310171
2336,0x1096a927,0x07021259,7,2,46.97,278309159
2337,0x1096ab69,0x02324553,2,50,177.47,278309737
2338,0x1096ac8f,0x063e0748,6,62,18.64,278310031
2339,0x1096aab1,0x003b3894,0,59,144.84,278309553
2340,0x1096a9c4,0x070c1258,7,12,46.96,278309316
2341,0x1096a929,0x031b2a22,3,27,107.86,278309161
2342,0x1096acaa,0x053421c9,5,52,86.49,278310058
2343,0x1096ad31,0x06260748,6,38,18.64,278310193
2344,0x1096ab23,0x00083884,0,8,144.68,278309667
2345,0x1096acee,0x050a21c6,5,10,86.46,278310126
2346,0x1096aa3a,0x011e1094,1,30,42.44,278309434
2347,0x1096ad1b,0x040c639f,4,12,255.03,278310171
2348,0x1096ab69,0x02204553,2,32,177.47,278309737
2349,0x1096ab73,0x00233875,0,35,144.53,278309747
2350,0x1096a9c4,0x07031258,7,3,46.96,278309316
2351,0x1096abfc,0x0208454e,2,8,177.42,278309884
2352,0x1096aa8d,0x01071092,1,7,42.42,278309517
2353,0x1096a929,0x03122a22,3,18,107.86,278309161
2354,0x1096ad31,0x06020748,6,2,18.64,278310193
2355,0x1096aa39,0x072b1258,7,43,46.96,278309433
2356,0x1096acee,0x051f21c6,5,31,86.46,278310126
2357,0x1096aae5,0x01031092,1,3,42.42,278309605
2358,0x1096a97c,0x03292a18,3,41,107.76,278309244
2359,0x1096ad1b,0x0406639f,4,6,255.03,278310171
2360,0x1096ab73,0x00313875,0,49,144.53,278309747
2361,0x1096aaae,0x07371258,7,55,46.96,278309550
2362,0x1096ada7,0x052121c5,5,33,86.45,278310311
2363,0x1096abfc,0x021d454e,2,29,177.42,278309884
2364,0x1096ab61,0x01181091,1,24,42.41,278309729
2365,0x1096ade2,0x04526396,4,82,254.94,278310370
2366,0x1096ae18,0x050121c2,5,1,86.42,278310424
2367,0x1096ac68,0x02224545,2,34,177.33,278309992
2368,0x1096ad8a,0x06170745,6,23,18.61,278310282
2369,0x1096a97c,0x032c2a18,3,44,107.76,278309244
2370,0x1096ab73,0x00033875,0,3,144.53,278309747
2371,0x1096aaae,0x07231258,7,35,46.96,278309550
2372,0x1096ab61,0x01201091,1,32,42.41,278309729
2373,0x1096a9dc,0x030b2a0f,3,11,107.67,278309340
2374,0x1096ade2,0x04096396,4,9,254.94,278310370
2375,0x1096ae18,0x054121c2,5,65,86.42,278310424
2376,0x1096acba,0x00383856,0,56,144.22,278310074
2377,0x1096ac68,0x02274545,2,39,177.33,278309992
2378,0x1096ad8a,0x062a0745,6,42,18.61,278310282
2379,0x1096ab01,0x072b1257,7,43,46.95,278309633
2380,0x1096abe0,0x01321091,1,50,42.41,278309856
2381,0x1096acfd,0x0234453d,2,52,177.25,278310141
2382,0x1096ad3b,0x0018383b,0,24,143.95,278310203
2383,0x1096ac5f,0x0111108d,1,17,42.37,278309983
2384,0x1096ae18,0x051221c2,5,18,86.42,278310424
2385,0x1096a9dc,0x032c2a0f,3,44,107.67,278309340
2386,0x1096ade2,0x04096396,4,9,254.94,278310370
2387,0x1096ab01,0x07231257,7,35,46.95,278309633
2388,0x1096ad8a,0x06110745,6,17,18.61,278310282
2389,0x1096acfd,0x021b453d,2,27,177.25,278310141
2390,0x1096ad3b,0x0027383b,0,39,143.95,278310203
2391,0x1096ae3a,0x04076384,4,7,254.76,278310458
2392,0x1096ae04,0x06020745,6,2,18.61,278310404
2393,0x1096ad8c,0x00273837,0,39,143.91,278310284
2394,0x1096ac5f,0x0119108d,1,25,42.37,278309983
2395,0x1096ae18,0x050821c2,5,8,86.42,278310424
2396,0x1096ae97,0x0407637f,4,7,254.71,278310551
2397,0x1096ab7f,0x07351256,7,53,46.94,278309759
2398,0x1096a9dc,0x03292a0f,3,41,107.67,278309340
2399,0x1096ae89,0x051e21c1,5,30,86.41,278310537
2400,0x1096acfd,0x0215453d,2,21,177.25,278310141
2401,0x1096aa90,0x03062a0a,3,6,107.62,278309520
2402,0x1096ad6e,0x02194530,2,25,177.12,278310254
2403,0x1096ad8c,0x001b3837,0,27,143.91,278310284
2404,0x1096ac5f,0x010f108d,1,15,42.37,278309983
2405,0x1096ae97,0x0451637f,4,81,254.71,278310551
2406,0x1096ae04,0x06200745,6,32,18.61,278310404
2407,0x1096abd2,0x07171256,7,23,46.94,278309842
2408,0x1096ae89,0x050e21c1,5,14,86.41,278310537
2409,0x1096adfc,0x02124528,2,18,177.04,278310396
2410,0x1096ae05,0x001e3834,0,30,143.88,278310405
2411,0x1096acdb,0x01131088,1,19,42.32,278310107
2412,0x1096ac4a,0x07051255,7,5,46.93,278309962
2413,0x1096ae7e,0x06240745,6,36,18.61,278310526
2414,0x1096aa90,0x031d2a0a,3,29,107.62,278309520
2415,0x1096aea5,0x00053829,0,5,143.77,278310565
2416,0x1096ad56,0x01101088,1,16,42.32,278310230
2417,0x1096ace5,0x07261255,7,38,46.93,278310117
2418,0x1096aed3,0x06010745,6,1,18.61,278310611
2419,0x1096ae89,0x050821c1,5,8,86.41,278310537
2420,0x1096ae97,0x040c637f,4,12,254.71,278310551
2421,0x1096aef5,0x000b3827,0,11,143.75,278310645
2422,0x1096adfc,0x020b4528,2,11,177.04,278310396
2423,0x1096aae8,0x03192a00,3,25,107.52,278309608
2424,0x1096ada9,0x011c1088,1,28,42.32,278310313
2425,0x1096af1f,0x053a21be,5,58,86.38,278310687
2426,0x1096af15,0x0424635a,4,36,254.34,278310677
2427,0x1096af92,0x022a451d,2,42,176.93,278310802
2428,0x1096ab3b,0x030829fb,3,8,107.47,278309691
2429,0x1096ae35,0x01031088,1,3,42.32,278310453
2430,0x1096af6c,0x051121b4,5,17,86.28,278310764
2431,0x1096ace5,0x071d1255,7,29,46.93,278310117
2432,0x1096af6a,0x0401634d,4,1,254.21,278310762
2433,0x1096aed3,0x06070745,6,7,18.61,278310611
2434,0x1096abc0,0x031529f7,3,21,107.43,278309824
2435,0x1096aef5,0x00473827,0,71,143.75,278310645
2436,0x1096ad38,0x07401254,7,64,46.92,278310200
2437,0x1096b010,0x04046347,4,4,254.15,278310928
2438,0x1096af92,0x0233451d,2,51,176.93,278310802
2439,0x1096ac35,0x030f29e9,3,15,107.29,278309941
2440,0x1096af93,0x000a3805,0,10,143.41,278310803
2441,0x1096af6c,0x050f21b4,5,15,86.28,278310764
2442,0x1096b066,0x04016346,4,1,254.14,278311014
2443,0x1096ae35,0x010d1088,1,13,42.32,278310453
2444,0x1096afe2,0x022a450f,2,42,176.79,278310882
2445,0x1096afb5,0x050121b2,5,1,86.26,278310837
2446,0x1096aed3,0x060c0745,6,12,18.61,278310611
2447,0x1096ad38,0x070f1254,7,15,46.92,278310200
2448,0x1096afaf,0x01111085,1,17,42.29,278310831
2449,0x1096ac35,0x031c29e9,3,28,107.29,278309941
2450,0x1096af93,0x00193805,0,25,143.41,278310803
2451,0x1096ad8b,0x07211254,7,33,46.92,278310283
2452,0x1096b066,0x040c6346,4,12,254.14,278311014
2453,0x1096afe2,0x021c450f,2,28,176.79,278310882
2454,0x1096afb5,0x052621b2,5,38,86.26,278310837
2455,0x1096ac88,0x031429e3,3,20,107.23,278310024
2456,0x1096aed3,0x063f0745,6,63,18.61,278310611
2457,0x1096b153,0x0421633a,4,33,254.02,278311251
2458,0x1096b078,0x0248450c,2,72,176.76,278311032
2459,0x1096b02a,0x050321af,5,3,86.23,278310954
2460,0x1096af93,0x00333805,0,51,143.41,278310803
2461,0x1096af7e,0x060e0743,6,14,18.59,278310782
2462,0x1096afaf,0x01011085,1,1,42.29,278310831
2463,0x1096ad8b,0x07271254,7,39,46.92,278310283
2464,0x1096ac88,0x030329e3,3,3,107.23,278310024
2465,0x1096b008,0x00143803,0,20,143.39,278310920
2466,0x1096ade3,0x07191254,7,25,46.92,278310371
2467,0x1096b078,0x0201450c,2,1,176.76,278311032
2468,0x1096b02a,0x051121af,5,17,86.23,278310954
2469,0x1096b153,0x0414633a,4,20,254.02,278311251
2470,0x1096b0cb,0x001237fc,0,18,143.32,278311115
2471,0x1096acdd,0x031629d9,3,22,107.13,278310109
2472,0x1096af7e,0x06390743,6,57,18.59,278310782
2473,0x1096ae63,0x07111254,7,17,46.92,278310499
2474,0x1096b009,0x01171085,1,23,42.29,278310921
2475,0x1096b02a,0x051821af,5,24,86.23,278310954
2476,0x1096b078,0x020f450c,2,15,176.76,278311032
2477,0x1096b153,0x0407633a,4,7,254.02,278311251
2478,0x1096b0cb,0x000637fc,0,6,143.32,278311115
2479,0x1096acdd,0x030729d9,3,7,107.13,278310109
2480,0x1096ae63,0x07251254,7,37,46.92,278310499
2481,0x1096af7e,0x060c0743,6,12,18.59,278310782
2482,0x1096b0ed,0x021e44ff,2,30,176.63,278311149
2483,0x1096b009,0x010e1085,1,14,42.29,278310921
2484,0x1096b1cc,0x0458632f,4,88,253.91,278311372
2485,0x1096ad39,0x033729ce,3,55,107.02,278310201
2486,0x1096b02a,0x050a21af,5,10,86.23,278310954
2487,0x1096b0b5,0x07311251,7,49,46.89,278311093
2488,0x1096b161,0x021544f7,2,21,176.55,278311265
2489,0x1096b007,0x06250741,6,37,18.57,278310919
2490,0x1096b224,0x04046327,4,4,253.83,278311460
2491,0x1096b0cb,0x002c37fc,0,44,143.32,278311115
2492,0x1096b06e,0x052021ae,5,32,86.22,278311022
2493,0x1096b009,0x010d1085,1,13,42.29,278310921
2494,0x1096b145,0x002537fb,0,37,143.31,278311237
2495,0x1096b16b,0x050321ab,5,3,86.19,278311275
2496,0x1096ad39,0x030d29ce,3,13,107.02,278310201
2497,0x1096b0b5,0x07231251,7,35,46.89,278311093
2498,0x1096b1d5,0x021f44f3,2,31,176.51,278311381
2499,0x1096b007,0x06270741,6,39,18.57,278310919
2500,0x1096b224,0x042f6327,4,47,253.83,278311460
2501,0x1096b0fc,0x01031083,1,3,42.27,278311164
2502,0x1096b19a,0x001537f3,0,21,143.23,278311322
2503,0x1096adba,0x033d29ce,3,61,107.02,278310330
2504,0x1096b12d,0x071e1250,7,30,46.88,278311213
2505,0x1096b16b,0x055d21ab,5,93,86.19,278311275
2506,0x1096b007,0x06080741,6,8,18.57,278310919
2507,0x1096b1a5,0x0703124f,7,3,46.87,278311333
2508,0x1096b1d5,0x020844f3,2,8,176.51,278311381
2509,0x1096b0fc,0x01451083,1,69,42.27,278311164
2510,0x1096b224,0x042d6327,4,45,253.83,278311460
2511,0x1096b19a,0x001837f3,0,24,143.23,278311322
2512,0x1096b0bb,0x06180741,6,24,18.57,278311099
2513,0x1096adba,0x032929ce,3,41,107.02,278310330
2514,0x1096b2c3,0x023644ef,2,54,176.47,278311619
2515,0x1096b2cb,0x041d631e,4,29,253.74,278311627
2516,0x1096b16b,0x050221ab,5,2,86.19,278311275
2517,0x1096b1a5,0x0724124f,7,36,46.87,278311333
2518,0x1096b287,0x003837ee,0,56,143.18,278311559
2519,0x1096ae0e,0x031929b1,3,25,106.73,278310414
2520,0x1096b1d9,0x054f21a7,5,79,86.15,278311385
2521,0x1096b242,0x0705124f,7,5,46.87,278311490
2522,0x1096b329,0x000a37ea,0,10,143.14,278311721
2523,0x1096b0fc,0x01151083,1,21,42.27,278311164
2524,0x1096b0bb,0x06140741,6,20,18.57,278311099
2525,0x1096b314,0x020f44ed,2,15,176.45,278311700
2526,0x1096b17e,0x01271082,1,39,42.26,278311294
2527,0x1096b11b,0x06080741,6,8,18.57,278311195
2528,0x1096ae0e,0x032b29b1,3,43,106.73,278310414
2529,0x1096b1d9,0x050521a7,5,5,86.15,278311385
2530,0x1096b242,0x0707124f,7,7,46.87,278311490
2531,0x1096b1f0,0x0103107f,1,3,42.23,278311408
2532,0x1096b173,0x060c0740,6,12,18.56,278311283
2533,0x1096ae66,0x03142996,3,20,106.46,278310502
2534,0x1096b329,0x003937ea,0,57,143.14,278311721
2535,0x1096b323,0x041d6315,4,29,253.65,278311715
2536,0x1096b266,0x050b21a0,5,11,86.08,278311526
2537,0x1096b390,0x020a44df,2,10,176.31,278311824
2538,0x1096b2c2,0x073a124e,7,58,46.86,278311618
2539,0x1096b3a5,0x041e6313,4,30,253.63,278311845
2540,0x1096b1f0,0x012e107f,1,46,42.23,278311408
2541,0x1096b173,0x061d0740,6,29,18.56,278311283
2542,0x1096b266,0x050521a0,5,5,86.08,278311526
2543,0x1096b3d8,0x04086301,4,8,253.45,278311896
2544,0x1096b3d2,0x004137dd,0,65,143.01,278311890
2545,0x1096ae66,0x030d2996,3,13,106.46,278310502
2546,0x1096b1ee,0x06360740,6,54,18.56,278311406
2547,0x1096b2c2,0x0716124e,7,22,46.86,278311618
2548,0x1096b463,0x023e44dc,2,62,176.28,278312035
2549,0x1096b266,0x050321a0,5,3,86.08,278311526
2550,0x1096b3d8,0x04416301,4,65,253.45,278311896
2551,0x1096b1f0,0x0102107f,1,2,42.23,278311408
2552,0x1096b360,0x0706124e,7,6,46.86,278311776
2553,0x1096b308,0x050721a0,5,7,86.08,278311688
2554,0x1096b3d2,0x000337dd,0,3,143.01,278311890
2555,0x1096aee5,0x030a298f,3,10,106.39,278310629
2556,0x1096b1ee,0x06300740,6,48,18.56,278311406
2557,0x1096b248,0x0112107e,1,18,42.22,278311496
2558,0x1096b3d1,0x0735124e,7,53,46.86,278311889
2559,0x1096b432,0x001237db,0,18,142.99,278311986
2560,0x1096b463,0x020744dc,2,7,176.28,278312035
2561,0x1096b241,0x062f073e,6,47,18.54,278311489
2562,0x1096b4cf,0x041862ed,4,24,253.25,278312143
2563,0x1096b308,0x050321a0,5,3,86.08,278311688
2564,0x1096b2a4,0x0134107e,1,52,42.22,278311588
2565,0x1096b492,0x002e37d9,0,46,142.97,278312082
2566,0x1096aee5,0x0342298f,3,66,106.39,278310629
2567,0x1096b3d1,0x0707124e,7,7,46.86,278311889
2568,0x1096b355,0x050b219e,5,11,86.06,278311765
2569,0x1096af64,0x03122977,3,18,106.15,278310756
2570,0x1096b241,0x061b073e,6,27,18.54,278311489
2571,0x1096b3c4,0x0546219d,5,70,86.05,278311876
2572,0x1096b519,0x025544c6,2,85,176.06,278312217
2573,0x1096b4cf,0x041c62ed,4,28,253.25,278312143
2574,0x1096b328,0x013b107d,1,59,42.21,278311720
2575,0x1096b2c5,0x0638073e,6,56,18.54,278311621
2576,0x1096b492,0x001e37d9,0,30,142.97,278312082
2577,0x1096b3d1,0x070e124e,7,14,46.86,278311889
2578,0x1096af64,0x03242977,3,36,106.15,278310756
2579,0x1096b3c4,0x0506219d,5,6,86.05,278311876
2580,0x1096b2c5,0x062a073e,6,42,18.54,278311621
2581,0x1096b519,0x021044c6,2,16,176.06,278312217
2582,0x1096b328,0x0103107d,1,3,42.21,278311720
2583,0x1096b4cf,0x041262ed,4,18,253.25,278312143
2584,0x1096b492,0x001a37d9,0,26,142.97,278312082
2585,0x1096b3d1,0x070f124e,7,15,46.86,278311889
2586,0x1096b318,0x060a073b,6,10,18.51,278311704
2587,0x1096b57b,0x020c44c3,2,12,176.03,278312315
2588,0x1096b3c4,0x0502219d,5,2,86.05,278311876
2589,0x1096b423,0x0117107b,1,23,42.19,278311971
2590,0x1096af64,0x031c2977,3,28,106.15,278310756
2591,0x1096b52c,0x042f62df,4,47,253.11,278312236
2592,0x1096b53b,0x000837d6,0,8,142.94,278312251
2593,0x1096b442,0x072e124e,7,46,46.86,278312002
2594,0x1096afb7,0x0301296b,3,1,106.03,278310839
2595,0x1096b476,0x0136107b,1,54,42.19,278312054
2596,0x1096b58c,0x041662d0,4,22,252.96,278312332
2597,0x1096b044,0x03352969,3,53,106.01,278310980
2598,0x1096b318,0x063e073b,6,62,18.51,278311704
2599,0x1096b3c4,0x050f219d,5,15,86.05,278311876
2600,0x1096b57b,0x021244c3,2,18,176.03,278312315
2601,0x1096b53b,0x000b37d6,0,11,142.94,278312251
2602,0x1096b386,0x0606073b,6,6,18.51,278311814
2603,0x1096b442,0x070e124e,7,14,46.86,278312002
2604,0x1096b47a,0x051f2193,5,31,85.95,278312058
2605,0x1096b476,0x010e107b,1,14,42.19,278312054
2606,0x1096b603,0x022644bd,2,38,175.97,278312451
2607,0x1096b58c,0x041062d0,4,16,252.96,278312332
2608,0x1096b46d,0x072f124d,7,47,46.85,278312045
2609,0x1096b044,0x030c2969,3,12,106.01,278310980
2610,0x1096b4e6,0x05232192,5,35,85.94,278312166
2611,0x1096b427,0x06210739,6,33,18.49,278311975
2612,0x1096b539,0x0114107b,1,20,42.19,278312249
2613,0x1096b577,0x0502218f,5,2,85.91,278312311
2614,0x1096b53b,0x000337d6,0,3,142.94,278312251
2615,0x1096b603,0x022444bd,2,36,175.97,278312451
2616,0x1096b635,0x042c62bd,4,44,252.77,278312501
2617,0x1096b46d,0x0726124d,7,38,46.85,278312045
2618,0x1096b044,0x030f2969,3,15,106.01,278310980
2619,0x1096b427,0x06070739,6,7,18.49,278311975
2620,0x1096b59b,0x003937d3,0,57,142.91,278312347
2621,0x1096b539,0x0114107b,1,20,42.19,278312249
2622,0x1096b4ff,0x0715124c,7,21,46.84,278312191
2623,0x1096b692,0x041d62b7,4,29,252.71,278312594
2624,0x1096b577,0x0528218f,5,40,85.91,278312311
2625,0x1096b144,0x03492969,3,73,106.01,278311236
2626,0x1096b591,0x011f107a,1,31,42.18,278312337
2627,0x1096b54f,0x0725124c,7,37,46.84,278312271
2628,0x1096b603,0x021344bd,2,19,175.97,278312451
2629,0x1096b1bf,0x03022964,3,2,105.96,278311359
2630,0x1096b631,0x01021079,1,2,42.17,278312497
2631,0x1096b427,0x062a0739,6,42,18.49,278311975
2632,0x1096b59b,0x002d37d3,0,45,142.91,278312347
2633,0x1096b6ae,0x01121078,1,18,42.16,278312622
2634,0x1096b604,0x0542218d,5,66,85.89,278312452
2635,0x1096b68b,0x020144b8,2,1,175.92,278312587
2636,0x1096b692,0x040a62b7,4,10,252.71,278312594
2637,0x1096b61c,0x002937d1,0,41,142.89,278312476
2638,0x1096b6c0,0x050e218d,5,14,85.89,278312640
2639,0x1096b54f,0x0721124c,7,33,46.84,278312271
2640,0x1096b1bf,0x034b2964,3,75,105.96,278311359
2641,0x1096b427,0x06120739,6,18,18.49,278311975
2642,0x1096b59f,0x0729124c,7,41,46.84,278312351
2643,0x1096b238,0x03042958,3,4,105.84,278311480
2644,0x1096b76d,0x023244a4,2,50,175.72,278312813
2645,0x1096b61c,0x001037d1,0,16,142.89,278312476
2646,0x1096b714,0x043b62b2,4,59,252.66,278312724
2647,0x1096b49f,0x06250739,6,37,18.49,278312095
2648,0x1096b6c0,0x052e218d,5,46,85.89,278312640
2649,0x1096b2b7,0x03162957,3,22,105.83,278311607
2650,0x1096b678,0x002e37d0,0,46,142.88,278312568
2651,0x1096b51b,0x062f0737,6,47,18.47,278312219
2652,0x1096b59f,0x070d124c,7,13,46.84,278312351
2653,0x1096b715,0x0505218d,5,5,85.89,278312725
2654,0x1096b768,0x01561076,1,86,42.14,278312808
2655,0x1096b78a,0x051f218b,5,31,85.87,278312842
2656,0x1096b76d,0x021444a4,2,20,175.72,278312813
2657,0x1096b621,0x0738124b,7,56,46.83,278312481
2658,0x1096b714,0x042162b2,4,33,252.66,278312724
2659,0x1096b2b7,0x03062957,3,6,105.83,278311607
2660,0x1096b51b,0x06080737,6,8,18.47,278312219
2661,0x1096b6a0,0x0718124b,7,24,46.83,278312608
2662,0x1096b678,0x002437d0,0,36,142.88,278312568
2663,0x1096b771,0x041662aa,4,22,252.58,278312817
2664,0x1096b6f8,0x000a37cc,0,10,142.84,278312696
2665,0x1096b78a,0x0536218b,5,54,85.87,278312842
2666,0x1096b7cc,0x02534495,2,83,175.57,278312908
2667,0x1096b51b,0x06030737,6,3,18.47,278312219
2668,0x1096b2b7,0x03072957,3,7,105.83,278311607
2669,0x1096b6a0,0x0725124b,7,37,46.83,278312608
2670,0x1096b7a0,0x01271076,1,39,42.14,278312864
2671,0x1096b7d1,0x041d62a7,4,29,252.55,278312913
2672,0x1096b593,0x06010736,6,1,18.46,278312339
2673,0x1096b332,0x034c2951,3,76,105.77,278311730
2674,0x1096b6f8,0x001237cc,0,18,142.84,278312696
2675,0x1096b852,0x040d62a6,4,13,252.54,278313042
2676,0x1096b828,0x05132188,5,19,85.84,278313000
2677,0x1096b7cc,0x02084495,2,8,175.57,278312908
2678,0x1096b3b1,0x0303293f,3,3,105.59,278311857
2679,0x1096b6a0,0x0710124b,7,16,46.83,278312608
2680,0x1096b7a0,0x013a1076,1,58,42.14,278312864
2681,0x1096b829,0x022e4495,2,46,175.57,278313001
2682,0x1096b593,0x061d0736,6,29,18.46,278312339
2683,0x1096b817,0x01081075,1,8,42.13,278312983
2684,0x1096b6f8,0x001b37cc,0,27,142.84,278312696
2685,0x1096b852,0x043e62a6,4,62,252.54,278313042
2686,0x1096b889,0x0208448c,2,8,175.48,278313097
2687,0x1096b828,0x050d2188,5,13,85.84,278313000
2688,0x1096b601,0x062a0736,6,42,18.46,278312449
2689,0x1096b3b1,0x035c293f,3,92,105.59,278311857
2690,0x1096b778,0x001537c1,0,21,142.73,278312824
2691,0x1096b6a0,0x0713124b,7,19,46.83,278312608
2692,0x1096b883,0x05202187,5,32,85.83,278313091
2693,0x1096b8e0,0x0525217f,5,37,85.75,278313184
2694,0x1096b852,0x040362a6,4,3,252.54,278313042
2695,0x1096b601,0x06210736,6,33,18.46,278312449
2696,0x1096b3b1,0x0302293f,3,2,105.59,278311857
2697,0x1096b778,0x001937c1,0,25,142.73,278312824
2698,0x1096b817,0x01051075,1,5,42.13,278312983
2699,0x1096b8d4,0x045862a3,4,88,252.51,278313172
2700,0x1096b6a3,0x06110736,6,17,18.46,278312611
2701,0x1096b738,0x070f124b,7,15,46.83,278312760
2702,0x1096b42d,0x031d292f,3,29,105.43,278311981
2703,0x1096b889,0x0220448c,2,32,175.48,278313097
2704,0x1096b7f8,0x000c37b7,0,12,142.63,278312952
2705,0x1096b849,0x01251075,1,37,42.13,278313033
2706,0x1096b6f6,0x06250736,6,37,18.46,278312694
2707,0x1096b4f1,0x030f2928,3,15,105.36,278312177
2708,0x1096b986,0x0515217d,5,21,85.73,278313350
2709,0x1096b738,0x073f124b,7,63,46.83,278312760
2710,0x1096b931,0x0439629d,4,57,252.45,278313265
2711,0x1096b889,0x0223448c,2,35,175.48,278313097
2712,0x1096b7f8,0x004237b7,0,66,142.63,278312952
2713,0x1096b849,0x01081075,1,8,42.13,278313033
2714,0x1096b6f6,0x06100736,6,16,18.46,278312694
2715,0x1096b4f1,0x031a2928,3,26,105.36,278312177
2716,0x1096b932,0x02014489,2,1,175.45,278313266
2717,0x1096b879,0x001937b3,0,25,142.59,278313081
2718,0x1096b986,0x0515217d,5,21,85.73,278313350
2719,0x1096b569,0x030b2923,3,11,105.31,278312297
2720,0x1096b738,0x070e124b,7,14,46.83,278312760
2721,0x1096b96a,0x02354482,2,53,175.38,278313322
2722,0x1096b931,0x0422629d,4,34,252.45,278313265
2723,0x1096b9e8,0x0526217b,5,38,85.71,278313448
2724,0x1096b849,0x011a1075,1,26,42.13,278313033
2725,0x1096b6f6,0x06180736,6,24,18.46,278312694
2726,0x1096b7b5,0x071c124a,7,28,46.82,278312885
2727,0x1096b9b2,0x0408628d,4,8,252.29,278313394
2728,0x1096b569,0x031b2923,3,27,105.31,278312297
2729,0x1096b8a2,0x01031074,1,3,42.12,278313122
2730,0x1096b850,0x0734124a,7,52,46.82,278313040
2731,0x1096b74e,0x06260735,6,38,18.45,278312782
2732,0x1096b879,0x001a37b3,0,26,142.59,278313081
2733,0x1096b96a,0x02184482,2,24,175.38,278313322
2734,0x1096b5bc,0x03192921,3,25,105.29,278312380
2735,0x1096b9e8,0x051d217b,5,29,85.71,278313448
2736,0x1096b9c3,0x0247447f,2,71,175.35,278313411
2737,0x1096ba70,0x052b2179,5,43,85.69,278313584
2738,0x1096b8a2,0x01161074,1,22,42.12,278313122
2739,0x1096b74e,0x06340735,6,52,18.45,278312782
2740,0x1096b850,0x071c124a,7,28,46.82,278313040
2741,0x1096b9b2,0x0421628d,4,33,252.29,278313394
2742,0x1096b5bc,0x03202921,3,32,105.29,278312380
2743,0x1096b879,0x002d37b3,0,45,142.59,278313081
2744,0x1096b9c3,0x0207447f,2,7,175.35,278313411
2745,0x1096ba12,0x042b6289,4,43,252.25,278313490
2746,0x1096b850,0x0715124a,7,21,46.82,278313040
2747,0x1096b8d1,0x002537b2,0,37,142.58,278313169
2748,0x1096b8a2,0x01061074,1,6,42.12,278313122
2749,0x1096ba70,0x051e2179,5,30,85.69,278313584
2750,0x1096b74e,0x06040735,6,4,18.45,278312782
2751,0x1096ba65,0x022b4476,2,43,175.26,278313573
2752,0x1096bac1,0x04066271,4,6,252.01,278313665
2753,0x1096b8a0,0x07311249,7,49,46.81,278313120
2754,0x1096b5bc,0x03132921,3,19,105.29,278312380
2755,0x1096b7fa,0x06180735,6,24,18.45,278312954
2756,0x1096baf9,0x05292179,5,41,85.69,278313721
2757,0x1096bae6,0x020b446f,2,11,175.19,278313702
2758,0x109677a8,0x04110af3,4,17,28.03,278296488
2759,0x1096b84d,0x06280734,6,40,18.44,278313037
2760,0x1096b8a2,0x01041074,1,4,42.12,278313122
2761,0x1096b8d1,0x000337b2,0,3,142.58,278313169
2762,0x1096b8a0,0x07321249,7,50,46.81,278313120
2763,0x1096b5bc,0x03042921,3,4,105.29,278312380
2764,0x1096b955,0x001d37af,0,29,142.55,278313301
2765,0x1096b957,0x07191245,7,25,46.77,278313303
2766,0x1096bae6,0x0225446f,2,37,175.19,278313702
2767,0x1096bb8f,0x042b626f,4,43,251.99,278313871
2768,0x1096b84d,0x06050734,6,5,18.44,278313037
2769,0x1096b64d,0x0310291f,3,16,105.27,278312525
2770,0x1096b9cd,0x000237ac,0,2,142.52,278313421
2771,0x1096b9b4,0x070b1244,7,11,46.76,278313396
2772,0x1096b8a2,0x012c1074,1,44,42.12,278313122
2773,0x1096bb7e,0x05272175,5,39,85.65,278313854
2774,0x1096b8bb,0x06060734,6,6,18.44,278313147
2775,0x1096b6a1,0x0303291b,3,3,105.23,278312609
2776,0x1096ba70,0x000b37a7,0,11,142.47,278313584
2777,0x1096b93a,0x06150733,6,21,18.43,278313274
2778,0x1096bb8c,0x020a446a,2,10,175.14,278313868
2779,0x1096bb8f,0x0402626f,4,2,251.99,278313871
2780,0x1096b749,0x03252919,3,37,105.21,278312777
2781,0x1096b9b4,0x074b1244,7,75,46.76,278313396
2782,0x1096b8a2,0x010e1074,1,14,42.12,278313122
2783,0x1096b9db,0x06040733,6,4,18.43,278313435
2784,0x1096bb7e,0x050e2175,5,14,85.65,278313854
2785,0x1096b7ed,0x03062913,3,6,105.15,278312941
2786,0x1096ba70,0x000f37a7,0,15,142.47,278313584
2787,0x1096b927,0x01121073,1,18,42.11,278313255
2788,0x1096bbb8,0x051a2174,5,26,85.64,278313912
2789,0x1096bbe9,0x02064464,2,6,175.08,278313961
2790,0x1096bac0,0x000237a4,0,2,142.44,278313664
2791,0x1096b9b4,0x07031244,7,3,46.76,278313396
2792,0x1096bbee,0x040e6260,4,14,251.84,278313966
2793,0x1096b9db,0x06290733,6,41,18.43,278313435
2794,0x1096b7ed,0x03242913,3,36,105.15,278312941
2795,0x1096ba0d,0x07101242,7,16,46.74,278313485
2796,0x1096ba2e,0x060a0732,6,10,18.42,278313518
2797,0x1096bbe9,0x02064464,2,6,175.08,278313961
2798,0x1096bbb8,0x05332174,5,51,85.64,278313912
2799,0x1096b927,0x01471073,1,71,42.11,278313255
2800,0x1096bac0,0x003037a4,0,48,142.44,278313664
2801,0x1096bbee,0x042b6260,4,43,251.84,278313966
2802,0x1096ba0d,0x070e1242,7,14,46.74,278313485
2803,0x1096b7ed,0x03182913,3,24,105.15,278312941
2804,0x1096bc4e,0x0432625a,4,50,251.78,278314062
2805,0x1096ba2e,0x060e0732,6,14,18.42,278313518
2806,0x1096bbe9,0x020f4464,2,15,175.08,278313961
2807,0x1096b840,0x03142908,3,20,105.04,278313024
2808,0x1096bbb8,0x05032174,5,3,85.64,278313912
2809,0x1096b957,0x01511071,1,81,42.09,278313303
2810,0x1096bac0,0x000f37a4,0,15,142.44,278313664
2811,0x1096b8e8,0x031128fe,3,17,104.94,278313192
2812,0x1096ba0d,0x071b1242,7,27,46.74,278313485
2813,0x1096bc46,0x02124460,2,18,175.04,278314054
2814,0x1096bc97,0x0502216f,5,2,85.59,278314135
2815,0x1096b9d2,0x010a1071,1,10,42.09,278313426
2816,0x1096bc4e,0x0414625a,4,20,251.78,278314062
2817,0x1096ba2e,0x06230732,6,35,18.42,278313518
2818,0x1096b93b,0x032328f8,3,35,104.88,278313275
2819,0x1096bcae,0x04016255,4,1,251.73,278314158
2820,0x1096bac0,0x000c37a4,0,12,142.44,278313664
2821,0x1096b9e6,0x030328f2,3,3,104.82,278313446
2822,0x1096ba0d,0x07291242,7,41,46.74,278313485
2823,0x1096bcf7,0x0536216d,5,54,85.57,278314231
2824,0x1096b9d2,0x011f1071,1,31,42.09,278313426
2825,0x1096bd76,0x02174459,2,23,174.97,278314358
2826,0x1096ba2e,0x06150732,6,21,18.42,278313518
2827,0x1096bb4e,0x001e37a1,0,30,142.41,278313806
2828,0x1096baaa,0x07121241,7,18,46.73,278313642
2829,0x1096ba5b,0x030328eb,3,3,104.75,278313563
2830,0x1096789d,0x050d0383,5,13,8.99,278296733
2831,0x1096ba25,0x01071070,1,7,42.08,278313509
2832,0x1096baac,0x06070732,6,7,18.42,278313644
2833,0x1096bcae,0x04196255,4,25,251.73,278314158
2834,0x1096bca5,0x003c3781,0,60,142.09,278314149
2835,0x1096baa9,0x01281070,1,40,42.08,278313641
2836,0x1096bd76,0x02164459,2,22,174.97,278314358
2837,0x1096baaa,0x074a1241,7,74,46.73,278313642
2838,0x1096ba5b,0x031a28eb,3,26,104.75,278313563
2839,0x1096bdf4,0x051c2165,5,28,85.49,278314484
2840,0x1096baac,0x06050732,6,5,18.42,278313644
2841,0x1096bdd8,0x021b4455,2,27,174.93,278314456
2842,0x1096bcae,0x04066255,4,6,251.73,278314158
2843,0x1096bb00,0x07021240,7,2,46.72,278313728
2844,0x1096bca5,0x00173781,0,23,142.09,278314149
2845,0x1096baa9,0x01031070,1,3,42.08,278313641
2846,0x1096bd02,0x000f3779,0,15,142.01,278314242
2847,0x1096ba5b,0x031b28eb,3,27,104.75,278313563
2848,0x1096bafc,0x0137106e,1,55,42.06,278313724
2849,0x1096bdf4,0x051e2165,5,30,85.49,278314484
2850,0x1096baac,0x06060732,6,6,18.42,278313644
2851,0x1096bdd8,0x020b4455,2,11,174.93,278314456
2852,0x1096bb00,0x07321240,7,50,46.72,278313728
2853,0x1096bad0,0x032928ea,3,41,104.74,278313680
2854,0x1096bcae,0x041c6255,4,28,251.73,278314158
2855,0x1096bb4f,0x0107106e,1,7,42.06,278313807
2856,0x1096be53,0x05012164,5,1,85.48,278314579
2857,0x1096baff,0x06110732,6,17,18.42,278313727
2858,0x1096bd02,0x00023779,0,2,142.01,278314242
2859,0x1096bd2f,0x040d6247,4,13,251.59,278314287
2860,0x1096bbaf,0x0124106c,1,36,42.04,278313903
2861,0x1096bba2,0x06120732,6,18,18.42,278313890
2862,0x1096bad0,0x030128ea,3,1,104.74,278313680
2863,0x1096bb00,0x07221240,7,34,46.72,278313728
2864,0x1096bc6a,0x06060731,6,6,18.41,278314090
2865,0x1096bb6b,0x07171240,7,23,46.72,278313835
2866,0x1096be5d,0x021b4454,2,27,174.92,278314589
2867,0x1096bd2f,0x04346247,4,52,251.59,278314287
2868,0x1096bd02,0x00043779,0,4,142.01,278314242
2869,0x1096bbaf,0x0102106c,1,2,42.04,278313903
2870,0x1096bdb0,0x04266247,4,38,251.59,278314416
2871,0x1096bad0,0x032428ea,3,36,104.74,278313680
2872,0x1096bc0b,0x013c106b,1,60,42.03,278313995
2873,0x1096beba,0x02064454,2,6,174.92,278314682
2874,0x1096bed8,0x051b215e,5,27,85.42,278314712
2875,0x1096bc6a,0x06100731,6,16,18.41,278314090
2876,0x1096bb6b,0x07031240,7,3,46.72,278313835
2877,0x1096be0c,0x04086217,4,8,251.11,278314508
2878,0x1096bb23,0x032428e4,3,36,104.68,278313763
2879,0x1096bc8f,0x0124106b,1,36,42.03,278314127
2880,0x1096bf10,0x0512215e,5,18,85.42,278314768
2881,0x1096bd02,0x00473779,0,71,142.01,278314242
2882,0x1096bc08,0x0723123f,7,35,46.71,278313992
2883,0x1096bb23,0x031028e4,3,16,104.68,278313763
2884,0x1096bc6a,0x06040731,6,4,18.41,278314090
2885,0x1096be0c,0x04056217,4,5,251.11,278314508
2886,0x1096bc8f,0x012a106b,1,42,42.03,278314127
2887,0x1096beba,0x02064454,2,6,174.92,278314682
2888,0x1096bd02,0x00093779,0,9,142.01,278314242
2889,0x1096bc08,0x0706123f,7,6,46.71,278313992
2890,0x1096bb76,0x030828de,3,8,104.62,278313846
2891,0x1096be64,0x04226205,4,34,250.93,278314596
2892,0x1096bd5b,0x000b3770,0,11,141.92,278314331
2893,0x1096bf95,0x052b215d,5,43,85.41,278314901
2894,0x1096be65,0x0722123d,7,34,46.69,278314597
2895,0x1096bc79,0x032d28cb,3,45,104.43,278314105
2896,0x1096bc8f,0x0117106b,1,23,42.03,278314127
2897,0x1096bc6a,0x060b0731,6,11,18.41,278314090
2898,0x1096bfc5,0x050b215d,5,11,85.41,278314949
2899,0x1096beba,0x021d4454,2,29,174.92,278314682
2900,0x1096bccc,0x031428cb,3,20,104.43,278314188
2901,0x1096bd00,0x011a106a,1,26,42.02,278314240
2902,0x1096beec,0x043161f9,4,49,250.81,278314732
2903,0x1096bd5b,0x00073770,0,7,141.92,278314331
2904,0x1096be65,0x073a123d,7,58,46.69,278314597
2905,0x1096bc6a,0x061e0731,6,30,18.41,278314090
2906,0x1096beba,0x02044454,2,4,174.92,278314682
2907,0x1096bccc,0x030e28cb,3,14,104.43,278314188
2908,0x1096bd00,0x0121106a,1,33,42.02,278314240
2909,0x1096bce4,0x060d0731,6,13,18.41,278314212
2910,0x1096bd5b,0x00333770,0,51,141.92,278314331
2911,0x1096beec,0x041961f9,4,25,250.81,278314732
2912,0x1096bee8,0x0208444e,2,8,174.86,278314728
2913,0x1096bdf1,0x031f28c9,3,31,104.41,278314481
2914,0x1096be2a,0x01181066,1,24,41.98,278314538
2915,0x1096be65,0x0709123d,7,9,46.69,278314597
2916,0x1096bf6d,0x02424449,2,66,174.81,278314861
2917,0x1096c098,0x050b215b,5,11,85.39,278315160
2918,0x1096bebe,0x0706123c,7,6,46.68,278314686
2919,0x1096bce4,0x060c0731,6,12,18.41,278314212
2920,0x1096bdf1,0x030d28c9,3,13,104.41,278314481
2921,0x1096bd5b,0x00063770,0,6,141.92,278314331
2922,0x1096be2a,0x01051066,1,5,41.98,278314538
2923,0x1096beec,0x040361f9,4,3,250.81,278314732
2924,0x1096bf6d,0x021e4449,2,30,174.81,278314861
2925,0x1096be44,0x032728bb,3,39,104.27,278314564
2926,0x1096be0d,0x0024376b,0,36,141.87,278314509
2927,0x1096bebe,0x0713123c,7,19,46.68,278314686
2928,0x1096c098,0x0525215b,5,37,85.39,278315160
2929,0x1096bf92,0x042261f5,4,34,250.77,278314898
2930,0x1096bf9f,0x021d4445,2,29,174.77,278314911
2931,0x1096bce4,0x062a0731,6,42,18.41,278314212
2932,0x1096bf3c,0x0724123c,7,36,46.68,278314812
2933,0x1096be2a,0x01011066,1,1,41.98,278314538
2934,0x1096bf31,0x0615072f,6,21,18.39,278314801
2935,0x1096bfb4,0x07041238,7,4,46.64,278314932
2936,0x1096be0d,0x0003376b,0,3,141.87,278314509
2937,0x1096be44,0x031028bb,3,16,104.27,278314564
2938,0x1096bef5,0x01201065,1,32,41.97,278314741
2939,0x1096bf92,0x043461f5,4,52,250.77,278314898
2940,0x1096c098,0x0502215b,5,2,85.39,278315160
2941,0x1096bf9f,0x02054445,2,5,174.77,278314911
2942,0x1096bec1,0x030528b6,3,5,104.22,278314689
2943,0x1096c0fa,0x053c215a,5,60,85.38,278315258
2944,0x1096c00d,0x041561c1,4,21,250.25,278315021
2945,0x1096bff8,0x025d4444,2,93,174.76,278315000
2946,0x1096bfb4,0x074a1238,7,74,46.64,278314932
2947,0x1096bf31,0x0636072f,6,54,18.39,278314801
2948,0x1096be0d,0x0028376b,0,40,141.87,278314509
2949,0x1096bef5,0x01181065,1,24,41.97,278314741
2950,0x1096c04d,0x02024440,2,2,174.72,278315085
2951,0x1096be8e,0x00113769,0,17,141.85,278314638
2952,0x1096bec1,0x031328b6,3,19,104.22,278314689
2953,0x1096bf94,0x011d1063,1,29,41.95,278314900
2954,0x1096c0fa,0x050a215a,5,10,85.38,278315258
2955,0x1096c00d,0x040f61c1,4,15,250.25,278315021
2956,0x1096bf31,0x0616072f,6,22,18.39,278314801
2957,0x1096bfb4,0x07181238,7,24,46.64,278314932
2958,0x1096c15a,0x05092158,5,9,85.36,278315354
2959,0x1096c04d,0x02094440,2,9,174.72,278315085
2960,0x1096bec1,0x031e28b6,3,30,104.22,278314689
2961,0x1096bf8d,0x060d072e,6,13,18.38,278314893
2962,0x1096c02c,0x07191237,7,25,46.63,278315052
2963,0x1096be8e,0x00503769,0,80,141.85,278314638
2964,0x1096bf94,0x01191063,1,25,41.95,278314900
2965,0x1096c1e3,0x05142157,5,20,85.35,278315491
2966,0x1096bf14,0x031928b5,3,25,104.21,278314772
2967,0x1096c0ce,0x042a619c,4,42,249.88,278315214
2968,0x1096bee7,0x000a375c,0,10,141.72,278314727
2969,0x1096bf93,0x030c28ab,3,12,104.11,278314899
2970,0x1096c04d,0x02294440,2,41,174.72,278315085
2971,0x1096c02c,0x07151237,7,21,46.63,278315052
2972,0x1096c15f,0x04236199,4,35,249.85,278315359
2973,0x1096bf8d,0x0612072e,6,18,18.38,278314893
2974,0x1096bf46,0x00083751,0,8,141.61,278314822
2975,0x1096bf94,0x011e1063,1,30,41.95,278314900
2976,0x1096c1e3,0x05232157,5,35,85.35,278315491
2977,0x1096c1e5,0x04026193,4,2,249.79,278315493
2978,0x1096bf93,0x032528ab,3,37,104.11,278314899
2979,0x1096c02c,0x071e1237,7,30,46.63,278315052
2980,0x1096c289,0x05242151,5,36,85.29,278315657
2981,0x1096c04d,0x02224440,2,34,174.72,278315085
2982,0x1096bf46,0x001a3751,0,26,141.61,278314822
2983,0x1096bf8d,0x0604072e,6,4,18.38,278314893
2984,0x1096bf94,0x010c1063,1,12,41.95,278314900
2985,0x1096c16b,0x0217443b,2,23,174.67,278315371
2986,0x1096c1e5,0x041d6193,4,29,249.79,278315493
2987,0x1096bfa0,0x00203742,0,32,141.46,278314912
2988,0x1096bfe5,0x060c072e,6,12,18.38,278314981
2989,0x1096bfec,0x01121062,1,18,41.94,278314988
2990,0x1096bf93,0x031028ab,3,16,104.11,278314899
2991,0x1096c20d,0x02064438,2,6,174.64,278315533
2992,0x1096c02c,0x070b1237,7,11,46.63,278315052
2993,0x1096c23f,0x04336193,4,51,249.79,278315583
2994,0x1096c041,0x064c072e,6,76,18.38,278315073
2995,0x1096c07c,0x07171237,7,23,46.63,278315132
2996,0x1096bfa0,0x001b3742,0,27,141.46,278314912
2997,0x1096bfec,0x01171062,1,23,41.94,278314988
2998,0x1096bf93,0x031728ab,3,23,104.11,278314899
2999,0x1096c20d,0x02134438,2,19,174.64,278315533
3000,0x1096c021,0x001e3735,0,30,141.33,278315041
3001,0x1096c041,0x0612072e,6,18,18.38,278315073
3002,0x1096c056,0x033028ab,3,48,104.11,278315094
3003,0x1096c30e,0x053f214f,5,63,85.27,278315790
3004,0x1096c372,0x0408616b,4,8,249.39,278315890
3005,0x1096c266,0x0215442d,2,21,174.53,278315622
3006,0x1096c07c,0x071a1237,7,26,46.63,278315132
3007,0x1096c0c2,0x0601072e,6,1,18.38,278315202
3008,0x1096c0d2,0x031328a1,3,19,104.01,278315218
3009,0x1096c346,0x0517214f,5,23,85.27,278315846
3010,0x1096bfec,0x010d1062,1,13,41.94,278314988
3011,0x1096c021,0x00183735,0,24,141.33,278315041
3012,0x1096c115,0x060e072c,6,14,18.36,278315285
3013,0x1096c266,0x020c442d,2,12,174.53,278315622
3014,0x1096c07c,0x07301237,7,48,46.63,278315132
3015,0x1096c372,0x044e616b,4,78,249.39,278315890
3016,0x1096c076,0x00193730,0,25,141.28,278315126
3017,0x1096c0d2,0x034828a1,3,72,104.01,278315218
3018,0x1096c346,0x0505214f,5,5,85.27,278315846
3019,0x1096c0fd,0x071c1237,7,28,46.63,278315261
3020,0x1096bfec,0x01141062,1,20,41.94,278314988
3021,0x1096c3dd,0x04046166,4,4,249.34,278315997
3022,0x1096c115,0x060b072c,6,11,18.36,278315285
3023,0x1096c0c6,0x000f3723,0,15,141.15,278315206
3024,0x1096c14a,0x0313289d,3,19,103.97,278315338
3025,0x1096c378,0x0519214e,5,25,85.26,278315896
3026,0x1096c266,0x0221442d,2,33,174.53,278315622
3027,0x1096c067,0x01031061,1,3,41.93,278315111
3028,0x1096c199,0x0603072c,6,3,18.36,278315417
3029,0x1096c0fd,0x07351237,7,53,46.63,278315261
3030,0x1096c1ec,0x064c072c,6,76,18.36,278315500
3031,0x1096c0c6,0x00133723,0,19,141.15,278315206
3032,0x1096c14a,0x030a289d,3,10,103.97,278315338
3033,0x1096c3dd,0x04546166,4,84,249.34,278315997
3034,0x1096c378,0x052e214e,5,46,85.26,278315896
3035,0x1096c19b,0x070e1236,7,14,46.62,278315419
3036,0x1096c266,0x021a442d,2,26,174.53,278315622
3037,0x1096c067,0x01341061,1,52,41.93,278315111
3038,0x1096c401,0x0522214d,5,34,85.25,278316033
3039,0x1096c46e,0x04016164,4,1,249.32,278316142
3040,0x1096c2bb,0x0235442d,2,53,174.53,278315707
3041,0x1096c1ec,0x0607072c,6,7,18.36,278315500
3042,0x1096c0c6,0x002a3723,0,42,141.15,278315206
3043,0x1096c067,0x01011061,1,1,41.93,278315111
3044,0x1096c14a,0x0340289d,3,64,103.97,278315338
3045,0x1096c19b,0x07251236,7,37,46.62,278315419
3046,0x1096c26b,0x060e072c,6,14,18.36,278315627
3047,0x1096c0d5,0x013e1060,1,62,41.92,278315221
3048,0x1096c1c5,0x031e289a,3,30,103.94,278315461
3049,0x1096c401,0x050c214d,5,12,85.25,278316033
3050,0x1096c2bb,0x0223442d,2,35,174.53,278315707
3051,0x1096c46e,0x04136164,4,19,249.32,278316142
3052,0x1096c0c6,0x00113723,0,17,141.15,278315206
3053,0x1096c361,0x02184419,2,24,174.33,278315873
3054,0x1096c19b,0x07111236,7,17,46.62,278315419
3055,0x1096c26b,0x064f072c,6,79,18.36,278315627
3056,0x1096c4ff,0x04306159,4,48,249.21,278316287
3057,0x1096c19c,0x003f3713,0,63,140.99,278315420
3058,0x1096c3de,0x02114408,2,17,174.16,278315998
3059,0x1096c0d5,0x01121060,1,18,41.92,278315221
3060,0x1096c1c5,0x0316289a,3,22,103.94,278315461
3061,0x1096c2bf,0x0608072b,6,8,18.35,278315711
3062,0x1096c480,0x05372149,5,55,85.21,278316160
3063,0x1096c128,0x0141105f,1,65,41.91,278315304
3064,0x1096c2b5,0x030b2877,3,11,103.59,278315701
3065,0x1096c19b,0x07011236,7,1,46.62,278315419
3066,0x1096c3de,0x020a4408,2,10,174.16,278315998
3067,0x1096c19c,0x00043713,0,4,140.99,278315420
3068,0x1096c308,0x03432865,3,67,103.41,278315784
3069,0x1096c4ff,0x04046159,4,4,249.21,278316287
3070,0x1096c2bf,0x0604072b,6,4,18.35,278315711
3071,0x1096c480,0x051b2149,5,27,85.21,278316160
3072,0x1096c128,0x010a105f,1,10,41.91,278315304
3073,0x1096c213,0x003a370f,0,58,140.95,278315539
3074,0x1096c4fe,0x05392149,5,57,85.21,278316286
3075,0x1096c19b,0x070c1236,7,12,46.62,278315419
3076,0x1096c3de,0x020a4408,2,10,174.16,278315998
3077,0x1096c308,0x030a2865,3,10,103.41,278315784
3078,0x1096c1b0,0x011c105d,1,28,41.89,278315440
3079,0x1096c2c9,0x00053703,0,5,140.83,278315721
3080,0x1096c557,0x05052149,5,5,85.21,278316375
3081,0x1096c2bf,0x0645072b,6,69,18.35,278315711
3082,0x1096c4ff,0x04206159,4,32,249.21,278316287
3083,0x1096c483,0x020443e5,2,4,173.81,278316163
3084,0x1096c37b,0x0609072a,6,9,18.34,278315899
3085,0x1096c19b,0x070d1236,7,13,46.62,278315419
3086,0x1096c2c9,0x00093703,0,9,140.83,278315721
3087,0x1096c308,0x03072865,3,7,103.41,278315784
3088,0x1096c1b0,0x010b105d,1,11,41.89,278315440
3089,0x1096c557,0x05222149,5,34,85.21,278316375
3090,0x1096c1eb,0x07081236,7,8,46.62,278315499
3091,0x1096c4ff,0x04026159,4,2,249.21,278316287
3092,0x1096c483,0x021943e5,2,25,173.81,278316163
3093,0x1096c231,0x01491058,1,73,41.84,278315569
3094,0x1096c5b3,0x05362144,5,54,85.16,278316467
3095,0x1096c37b,0x0611072a,6,17,18.34,278315899
3096,0x1096c26c,0x071d1236,7,29,46.62,278315628
3097,0x1096c35c,0x0356285b,3,86,103.31,278315868
3098,0x1096c2c9,0x000c3703,0,12,140.83,278315721
3099,0x1096c422,0x0624072a,6,36,18.34,278316066
3100,0x1096c2bc,0x070f1236,7,15,46.62,278315708
3101,0x1096c504,0x023943e2,2,57,173.78,278316292
3102,0x1096c4ff,0x040d6159,4,13,249.21,278316287
3103,0x1096c231,0x01191058,1,25,41.84,278315569
3104,0x1096c34a,0x002336ff,0,35,140.79,278315850
3105,0x1096c4c5,0x06100728,6,16,18.32,278316229
3106,0x1096c30c,0x07081235,7,8,46.61,278315788
3107,0x1096c5b3,0x05132144,5,19,85.16,278316467
3108,0x1096c400,0x03182858,3,24,103.28,278316032
3109,0x1096c590,0x04046145,4,4,249.01,278316432
3110,0x1096c284,0x01081058,1,8,41.84,278315652
3111,0x1096c474,0x000236d7,0,2,140.39,278316148
3112,0x1096c658,0x0514213f,5,20,85.11,278316632
3113,0x1096c47f,0x03282852,3,40,103.22,278316159
3114,0x1096c5a2,0x022243de,2,34,173.74,278316450
3115,0x1096c5fa,0x04196140,4,25,248.96,278316538
3116,0x1096c2d7,0x01151053,1,21,41.79,278315735
3117,0x1096c4c5,0x06120728,6,18,18.32,278316229
3118,0x1096c4c9,0x000736c2,0,7,140.18,278316233
3119,0x1096c30c,0x070e1235,7,14,46.61,278315788
3120,0x1096c5f7,0x022043de,2,32,173.74,278316535
3121,0x1096c6bc,0x043460f0,4,52,248.16,278316732
3122,0x1096c52d,0x07101232,7,16,46.58,278316333
3123,0x1096c51e,0x001836aa,0,24,139.94,278316318
3124,0x1096c47f,0x03092852,3,9,103.22,278316159
3125,0x1096c658,0x0529213f,5,41,85.11,278316632
3126,0x1096c2d7,0x01231053,1,35,41.79,278315735
3127,0x1096c586,0x070e1232,7,14,46.58,278316422
3128,0x1096c59e,0x001636a8,0,22,139.92,278316446
3129,0x1096c4c5,0x06100728,6,16,18.32,278316229
3130,0x1096c5f7,0x021943de,2,25,173.74,278316535
3131,0x1096c542,0x062c0728,6,44,18.32,278316354
3132,0x1096c6bc,0x040460f0,4,4,248.16,278316732
3133,0x1096c47f,0x032c2852,3,44,103.22,278316159
3134,0x1096c658,0x0509213f,5,9,85.11,278316632
3135,0x1096c2d7,0x011a1053,1,26,41.79,278315735
3136,0x1096c586,0x070f1232,7,15,46.58,278316422
3137,0x1096c5f7,0x020243de,2,2,173.74,278316535
3138,0x1096c6d9,0x0513213d,5,19,85.09,278316761
3139,0x1096c59e,0x001636a8,0,22,139.92,278316446
3140,0x1096c35b,0x01331053,1,51,41.79,278315867
3141,0x1096c542,0x06180728,6,24,18.32,278316354
3142,0x1096c650,0x001c367f,0,28,139.51,278316624
3143,0x1096c6bc,0x040c60f0,4,12,248.16,278316732
3144,0x1096c47f,0x03052852,3,5,103.22,278316159
3145,0x1096c586,0x070e1232,7,14,46.58,278316422
3146,0x1096c5b0,0x06210727,6,33,18.31,278316464
3147,0x1096c4d2,0x03162851,3,22,103.21,278316242
3148,0x1096c6d9,0x0540213d,5,64,85.09,278316761
3149,0x1096c5db,0x070d1231,7,13,46.57,278316507
3150,0x1096c5f7,0x020d43de,2,13,173.74,278316535
3151,0x1096c35b,0x012e1053,1,46,41.79,278315867
3152,0x1096c603,0x060f0727,6,15,18.31,278316547
3153,0x1096c75a,0x0508213a,5,8,85.06,278316890
3154,0x1096c6bc,0x040260f0,4,2,248.16,278316732
3155,0x1096c708,0x021943d9,2,25,173.69,278316808
3156,0x1096c650,0x0019367f,0,25,139.51,278316624
3157,0x1096c3ae,0x01011052,1,1,41.78,278315950
3158,0x1096c687,0x06140727,6,20,18.31,278316679
3159,0x1096c4d2,0x03252851,3,37,103.21,278316242
3160,0x1096c6a0,0x00163665,0,22,139.25,278316704
3161,0x1096c799,0x043a60ec,4,58,248.12,278316953
3162,0x1096c5db,0x072a1231,7,42,46.57,278316507
3163,0x1096c5f9,0x030a284e,3,10,103.18,278316537
3164,0x1096c75a,0x051d213a,5,29,85.06,278316890
3165,0x1096c634,0x070c1231,7,12,46.57,278316596
3166,0x1096c3ae,0x01301052,1,48,41.78,278315950
3167,0x1096c708,0x022143d9,2,33,173.69,278316808
3168,0x1096c687,0x062b0727,6,43,18.31,278316679
3169,0x1096c72c,0x072b1230,7,43,46.56,278316844
3170,0x1096c7b6,0x05232135,5,35,85.01,278316982
3171,0x1096c799,0x042860ec,4,40,248.12,278316953
3172,0x1096c402,0x01171051,1,23,41.77,278316034
3173,0x1096c6a0,0x00203665,0,32,139.25,278316704
3174,0x1096c8cb,0x063b0725,6,59,18.29,278317259
3175,0x1096c5f9,0x0316284e,3,22,103.18,278316537
3176,0x1096c7d2,0x0035365f,0,53,139.19,278317010
3177,0x1096c85e,0x042d60da,4,45,247.94,278317150
3178,0x1096c48a,0x01081050,1,8,41.76,278316170
3179,0x1096c708,0x020d43d9,2,13,173.69,278316808
3180,0x1096c72c,0x07101230,7,16,46.56,278316844
3181,0x1096c7b6,0x052e2135,5,46,85.01,278316982
3182,0x1096c4e2,0x010d1050,1,13,41.76,278316258
3183,0x1096c8e8,0x040d60d4,4,13,247.88,278317288
3184,0x1096c8cb,0x06110725,6,17,18.29,278317259
3185,0x1096c836,0x05132135,5,19,85.01,278317110
3186,0x1096c5f9,0x031e284e,3,30,103.18,278316537
3187,0x1096c708,0x021a43d9,2,26,173.69,278316808
3188,0x1096c7d2,0x0008365f,0,8,139.19,278317010
3189,0x1096c950,0x062f0725,6,47,18.29,278317392
3190,0x1096c72c,0x07041230,7,4,46.56,278316844
3191,0x1096c8b6,0x050e2130,5,14,84.96,278317238
3192,0x1096c6e8,0x03392836,3,57,102.94,278316776
3193,0x1096c786,0x021c43d2,2,28,173.62,278316934
3194,0x1096c4e2,0x01041050,1,4,41.76,278316258
3195,0x1096c85c,0x00053649,0,5,138.97,278317148
3196,0x1096c8e8,0x040860d4,4,8,247.88,278317288
3197,0x1096c7df,0x020443cb,2,4,173.55,278317023
3198,0x1096c550,0x01081050,1,8,41.76,278316368
3199,0x1096c6e8,0x031e2836,3,30,102.94,278316776
3200,0x1096c72c,0x070a1230,7,10,46.56,278316844
3201,0x1096c8b6,0x05372130,5,55,84.96,278317238
3202,0x1096c5cf,0x011d104c,1,29,41.72,278316495
3203,0x1096c7cb,0x070e1230,7,14,46.56,278317003
3204,0x1096c8e5,0x000f3647,0,15,138.95,278317285
3205,0x1096c8e8,0x040460d4,4,4,247.88,278317288
3206,0x1096c775,0x012f1047,1,47,41.67,278316917
3207,0x1096c7df,0x021243cb,2,18,173.55,278317023
3208,0x1096c6e8,0x030e2836,3,14,102.94,278316776
3209,0x1096c936,0x0514212f,5,20,84.95,278317366
3210,0x1096c7cb,0x070f1230,7,15,46.56,278317003
3211,0x1096c806,0x030d2822,3,13,102.74,278317062
3212,0x1096c775,0x010f1047,1,15,41.67,278316917
3213,0x1096c7df,0x022d43cb,2,45,173.55,278317023
3214,0x1096c9d6,0x060d0723,6,13,18.27,278317526
3215,0x1096c8e8,0x040260d4,4,2,247.88,278317288
3216,0x1096c820,0x07141230,7,20,46.56,278317088
3217,0x1096c88b,0x03302820,3,48,102.72,278317195
3218,0x1096c7c8,0x01461043,1,70,41.63,278317000
3219,0x1096c834,0x020e43c5,2,14,173.49,278317108
3220,0x1096c99d,0x044560d3,4,69,247.87,278317469
3221,0x1096c936,0x0501212f,5,1,84.95,278317366
3222,0x1096c897,0x0702122f,7,2,46.55,278317207
3223,0x1096c96e,0x00253645,0,37,138.93,278317422
3224,0x1096c90c,0x030d281c,3,13,102.68,278317324
3225,0x1096c9d6,0x06410723,6,65,18.27,278317526
3226,0x1096c9db,0x051c212c,5,28,84.92,278317531
3227,0x1096c834,0x025443c5,2,84,173.49,278317108
3228,0x1096ca0e,0x060e0723,6,14,18.27,278317582
3229,0x1096c897,0x071e122f,7,30,46.55,278317207
3230,0x1096c99d,0x041f60d3,4,31,247.87,278317469
3231,0x1096c96e,0x00073645,0,7,138.93,278317422
3232,0x1096c90c,0x030e281c,3,14,102.68,278317324
3233,0x1096c7c8,0x01181043,1,24,41.63,278317000
3234,0x1096c95f,0x03012816,3,1,102.62,278317407
3235,0x1096c9db,0x051d212c,5,29,84.92,278317531
3236,0x1096c9fe,0x00143645,0,20,138.93,278317566
3237,0x1096c834,0x020343c5,2,3,173.49,278317108
3238,0x1096ca0e,0x06110723,6,17,18.27,278317582
3239,0x1096c897,0x0732122f,7,50,46.55,278317207
3240,0x1096ca63,0x00163645,0,22,138.93,278317667
3241,0x1096ca06,0x044160bb,4,65,247.63,278317574
3242,0x1096ca40,0x06430723,6,67,18.27,278317632
3243,0x1096c8bf,0x020c43c3,2,12,173.47,278317247
3244,0x1096c935,0x0728122e,7,40,46.54,278317365
3245,0x1096c95f,0x03482816,3,72,102.62,278317407
3246,0x1096c847,0x01231042,1,35,41.62,278317127
3247,0x1096c9db,0x0507212c,5,7,84.92,278317531
3248,0x1096c91d,0x020c43bb,2,12,173.39,278317341
3249,0x1096c9dd,0x03102815,3,16,102.61,278317533
3250,0x1096c8c5,0x011e1042,1,30,41.62,278317253
3251,0x1096ca34,0x053c212c,5,60,84.92,278317620
3252,0x1096ca40,0x06040723,6,4,18.27,278317632
3253,0x1096c935,0x070f122e,7,15,46.54,278317365
3254,0x1096c977,0x021e43b6,2,30,173.34,278317431
3255,0x1096ca30,0x030a280d,3,10,102.53,278317616
3256,0x1096ca06,0x040560bb,4,5,247.63,278317574
3257,0x1096ca63,0x000f3645,0,15,138.93,278317667
3258,0x1096ca6e,0x06280723,6,40,18.27,278317678
3259,0x1096ca17,0x022743b0,2,39,173.28,278317591
3260,0x1096ca6b,0x041160ba,4,17,247.62,278317675
3261,0x1096c8c5,0x01141042,1,20,41.62,278317253
3262,0x1096ca34,0x0510212c,5,16,84.92,278317620
3263,0x1096caf4,0x041260b5,4,18,247.57,278317812
3264,0x1096c99b,0x01351041,1,53,41.61,278317467
3265,0x1096c935,0x0707122e,7,7,46.54,278317365
3266,0x1096ca30,0x0306280d,3,6,102.53,278317616
3267,0x1096ca6e,0x06070723,6,7,18.27,278317678
3268,0x1096ca9a,0x001d3644,0,29,138.92,278317722
3269,0x1096ca99,0x050c212c,5,12,84.92,278317721
3270,0x1096ca6c,0x01041041,1,4,41.61,278317676
3271,0x1096c985,0x0728122d,7,40,46.53,278317445
3272,0x1096ca17,0x020943b0,2,9,173.28,278317591
3273,0x1096cb51,0x041060b5,4,16,247.57,278317905
3274,0x1096cb01,0x033f27fe,3,63,102.38,278317825
3275,0x1096caf8,0x001e3612,0,30,138.42,278317816
3276,0x1096ca6d,0x022943aa,2,41,173.22,278317677
3277,0x1096ca99,0x0517212c,5,23,84.92,278317721
3278,0x1096ca6c,0x012e1041,1,46,41.61,278317676
3279,0x1096ca6e,0x061c0723,6,28,18.27,278317678
3280,0x1096c985,0x0736122d,7,54,46.53,278317445
3281,0x1096cb01,0x030127fe,3,1,102.38,278317825
3282,0x1096cb22,0x05272127,5,39,84.87,278317858
3283,0x1096c9da,0x0729122b,7,41,46.51,278317530
3284,0x1096caf8,0x00363612,0,54,138.42,278317816
3285,0x1096cb7e,0x031a27fe,3,26,102.38,278317950
3286,0x1096cb51,0x042560b5,4,37,247.57,278317905
3287,0x1096cb83,0x05162126,5,22,84.86,278317955
3288,0x1096ca6d,0x023d43aa,2,61,173.22,278317677
3289,0x1096ca6c,0x01071041,1,7,41.61,278317676
3290,0x1096cbac,0x001c360f,0,28,138.39,278317996
3291,0x1096cc1b,0x032127f5,3,33,102.29,278318107
3292,0x1096ca6e,0x06070723,6,7,18.27,278317678
3293,0x1096cc10,0x05052124,5,5,84.84,278318096
3294,0x1096c9da,0x0717122b,7,23,46.51,278317530
3295,0x1096cbb5,0x041560b1,4,21,247.53,278318005
3296,0x1096cac6,0x060b0722,6,11,18.26,278317766
3297,0x1096cae9,0x020143a6,2,1,173.18,278317801
3298,0x1096ca6c,0x01071041,1,7,41.61,278317676
3299,0x1096ca56,0x0721122b,7,33,46.51,278317654
3300,0x1096cc1b,0x032927f5,3,41,102.29,278318107
3301,0x1096cbac,0x0016360f,0,22,138.39,278317996
3302,0x1096cb78,0x0128103e,1,40,41.58,278317944
3303,0x1096cc10,0x05182124,5,24,84.84,278318096
3304,0x1096cc9c,0x033527f0,3,53,102.24,278318236
3305,0x1096cc2a,0x0019360a,0,25,138.34,278318122
3306,0x1096cae9,0x020543a6,2,5,173.18,278317801
3307,0x1096cac6,0x060c0722,6,12,18.26,278317766
3308,0x1096cbb5,0x041060b1,4,16,247.53,278318005
3309,0x1096ca56,0x0712122b,7,18,46.51,278317654
3310,0x1096cb41,0x06410721,6,65,18.25,278317889
3311,0x1096cb78,0x0124103e,1,36,41.58,278317944
3312,0x1096caf7,0x074f122b,7,79,46.51,278317815
3313,0x1096cc9b,0x041a60a6,4,26,247.42,278318235
3314,0x1096cc9c,0x030d27f0,3,13,102.24,278318236
3315,0x1096cbf9,0x0103103a,1,3,41.54,278318073
3316,0x1096cbbd,0x06060721,6,6,18.25,278318013
3317,0x1096cc2a,0x0020360a,0,32,138.34,278318122
3318,0x1096cae9,0x025143a6,2,81,173.18,278317801
3319,0x1096cc10,0x05412124,5,65,84.84,278318096
3320,0x1096cd43,0x031627e0,3,22,102.08,278318403
3321,0x1096ccb6,0x00253604,0,37,138.28,278318262
3322,0x1096caf7,0x0703122b,7,3,46.51,278317815
3323,0x1096cb39,0x0213439c,2,19,173.08,278317881
3324,0x1096cc9b,0x041960a6,4,25,247.42,278318235
3325,0x1096cbbd,0x063b0721,6,59,18.25,278318013
3326,0x1096cbf9,0x011c103a,1,28,41.54,278318073
3327,0x1096cd7d,0x040e60a2,4,14,247.38,278318461
3328,0x1096cd43,0x031d27e0,3,29,102.08,278318403
3329,0x1096cc93,0x013c1039,1,60,41.53,278318227
3330,0x1096cc39,0x06150721,6,21,18.25,278318137
3331,0x1096caf7,0x0701122b,7,1,46.51,278317815
3332,0x1096cc91,0x052c2123,5,44,84.83,278318225
3333,0x1096cb39,0x0218439c,2,24,173.08,278317881
3334,0x1096ccb6,0x001f3604,0,31,138.28,278318262
3335,0x1096ce0d,0x0438609c,4,56,247.32,278318605
3336,0x1096cdc4,0x034727df,3,71,102.07,278318532
3337,0x1096cc8c,0x0610071f,6,16,18.23,278318220
3338,0x1096cc94,0x07171229,7,23,46.49,278318228
3339,0x1096cc3e,0x0219439c,2,25,173.08,278318142
3340,0x1096cd42,0x000235f4,0,2,138.12,278318402
3341,0x1096cc93,0x01011039,1,1,41.53,278318227
3342,0x1096cd5c,0x05032122,5,3,84.82,278318428
3343,0x1096cdc4,0x030f27df,3,15,102.07,278318532
3344,0x1096ce0d,0x0421609c,4,33,247.32,278318605
3345,0x1096cce8,0x013a1038,1,58,41.52,278318312
3346,0x1096cc94,0x07161229,7,22,46.49,278318228
3347,0x1096cc8c,0x0604071f,6,4,18.23,278318220
3348,0x1096cc3e,0x020d439c,2,13,173.08,278318142
3349,0x1096cd42,0x003035f4,0,48,138.12,278318402
3350,0x1096cd3d,0x01081035,1,8,41.49,278318397
3351,0x1096cd19,0x074a1229,7,74,46.49,278318361
3352,0x1096cec2,0x04066093,4,6,247.23,278318786
3353,0x1096ccbf,0x02124399,2,18,173.05,278318271
3354,0x1096ccf1,0x0607071e,6,7,18.22,278318321
3355,0x1096cdce,0x002c35dc,0,44,137.88,278318542
3356,0x1096ce45,0x031b27bc,3,27,101.72,278318661
3357,0x1096cd5c,0x05112122,5,17,84.82,278318428
3358,0x1096cd3d,0x011f1035,1,31,41.49,278318397
3359,0x1096cec6,0x030927bb,3,9,101.71,278318790
3360,0x1096cd19,0x07101229,7,16,46.49,278318361
3361,0x1096ccbf,0x02314399,2,49,173.05,278318271
3362,0x1096ccf1,0x0648071e,6,72,18.22,278318321
3363,0x1096cec2,0x04126093,4,18,247.23,278318786
3364,0x1096cd97,0x07171228,7,23,46.48,278318487
3365,0x1096cd5c,0x05022122,5,2,84.82,278318428
3366,0x1096cdce,0x001d35dc,0,29,137.88,278318542
3367,0x1096cd32,0x02274393,2,39,172.99,278318386
3368,0x1096cd7e,0x0602071e,6,2,18.22,278318462
3369,0x1096cd3d,0x01071035,1,7,41.49,278318397
3370,0x1096cdc1,0x050a211f,5,10,84.79,278318529
3371,0x1096ce5a,0x000835c8,0,8,137.68,278318682
3372,0x1096cfa2,0x031a27b7,3,26,101.67,278319010
3373,0x1096cec2,0x04196093,4,25,247.23,278318786
3374,0x1096cd97,0x07161228,7,22,46.48,278318487
3375,0x1096cd7e,0x0635071e,6,53,18.22,278318462
3376,0x1096cd32,0x021e4393,2,30,172.99,278318386
3377,0x1096cf53,0x043f6085,4,63,247.09,278318931
3378,0x1096ce0c,0x07501227,7,80,46.47,278318604
3379,0x1096cd3d,0x01171035,1,23,41.49,278318397
3380,0x1096ce30,0x0602071e,6,2,18.22,278318640
3381,0x1096cdc1,0x053a211f,5,58,84.79,278318529
3382,0x1096cd87,0x0210438d,2,16,172.93,278318471
3383,0x1096ce5a,0x003c35c8,0,60,137.68,278318682
3384,0x1096cdb6,0x01041034,1,4,41.48,278318518
3385,0x1096cdd7,0x020d4381,2,13,172.81,278318551
3386,0x1096cee6,0x001735b0,0,23,137.44,278318822
3387,0x1096ce0c,0x07101227,7,16,46.47,278318604
3388,0x1096ce30,0x060a071e,6,10,18.22,278318640
3389,0x1096cee2,0x020c4379,2,12,172.73,278318818
3390,0x1096cfbf,0x04046069,4,4,246.81,278319039
3391,0x1096cf72,0x000d35b0,0,13,137.44,278318962
3392,0x1096cdc1,0x0507211f,5,7,84.79,278318529
3393,0x1096ce5c,0x07551227,7,85,46.47,278318684
3394,0x1096cdb6,0x013a1034,1,58,41.48,278318518
3395,0x1096cfa2,0x034127b7,3,65,101.67,278319010
3396,0x1096ce3c,0x052d211e,5,45,84.78,278318652
3397,0x1096ce2e,0x01081034,1,8,41.48,278318638
3398,0x1096d004,0x030627b5,3,6,101.65,278319108
3399,0x1096ce30,0x061d071e,6,29,18.22,278318640
3400,0x1096cfbf,0x04156069,4,21,246.81,278319039
3401,0x1096cee2,0x02114379,2,17,172.73,278318818
3402,0x1096ce5c,0x070e1227,7,14,46.47,278318684
3403,0x1096cf72,0x003035b0,0,48,137.44,278318962
3404,0x1096ced6,0x0619071d,6,25,18.21,278318806
3405,0x1096cf5e,0x02084374,2,8,172.68,278318942
3406,0x1096ced7,0x07151226,7,21,46.46,278318807
3407,0x1096cfff,0x000d35a5,0,13,137.33,278319103
3408,0x1096ce2e,0x011d1034,1,29,41.48,278318638
3409,0x1096ce3c,0x050a211e,5,10,84.78,278318652
3410,0x1096cf5f,0x0607071d,6,7,18.21,278318943
3411,0x1096d004,0x031227b5,3,18,101.65,278319108
3412,0x1096cf52,0x072b1226,7,43,46.46,278318930
3413,0x1096cea8,0x01021033,1,2,41.47,278318760
3414,0x1096cfbf,0x04286069,4,40,246.81,278319039
3415,0x1096cf4c,0x01171033,1,23,41.47,278318924
3416,0x1096cf5e,0x02064374,2,6,172.68,278318942
3417,0x1096d045,0x0411604e,4,17,246.54,278319173
3418,0x1096d004,0x032327b5,3,35,101.65,278319108
3419,0x1096ce3c,0x051e211e,5,30,84.78,278318652
3420,0x1096cf5f,0x064c071d,6,76,18.21,278318943
3421,0x1096cfff,0x001435a5,0,20,137.33,278319103
3422,0x1096cf52,0x07381226,7,56,46.46,278318930
3423,0x1096cfda,0x02024372,2,2,172.66,278319066
3424,0x1096d03c,0x033b27b4,3,59,101.64,278319164
3425,0x1096ceb7,0x0514211b,5,20,84.75,278318775
3426,0x1096cfde,0x061a071d,6,26,18.21,278319070
3427,0x1096cfcd,0x07061225,7,6,46.45,278319053
3428,0x1096cf4c,0x01291033,1,41,41.47,278318924
3429,0x1096cf18,0x050b211a,5,11,84.74,278318872
3430,0x1096d045,0x0426604e,4,38,246.54,278319173
3431,0x1096cfff,0x002035a5,0,32,137.33,278319103
3432,0x1096cf9c,0x01191032,1,25,41.46,278319004
3433,0x1096d03c,0x030e27b4,3,14,101.64,278319164
3434,0x1096d0ae,0x0205436b,2,5,172.59,278319278
3435,0x1096cfde,0x060e071d,6,14,18.21,278319070
3436,0x1096cfcd,0x07331225,7,51,46.45,278319053
3437,0x1096d0b7,0x001f35a0,0,31,137.28,278319287
3438,0x1096d06e,0x032027b3,3,32,101.63,278319214
3439,0x1096cf18,0x0521211a,5,33,84.74,278318872
3440,0x1096d051,0x0638071d,6,56,18.21,278319185
3441,0x1096cf9c,0x01161032,1,22,41.46,278319004
3442,0x1096d0f6,0x031827b3,3,24,101.63,278319350
3443,0x1096cfcd,0x07051225,7,5,46.45,278319053
3444,0x1096d14e,0x061b071a,6,27,18.18,278319438
3445,0x1096d045,0x0427604e,4,39,246.54,278319173
3446,0x1096cf79,0x0524211a,5,36,84.74,278318969
3447,0x1096cfec,0x013f102f,1,63,41.43,278319084
3448,0x1096d0ae,0x0203436b,2,3,172.59,278319278
3449,0x1096d0b7,0x001035a0,0,16,137.28,278319287
3450,0x1096d0f6,0x032e27b3,3,46,101.63,278319350
3451,0x1096d144,0x00223596,0,34,137.18,278319428
3452,0x1096cfcd,0x07061225,7,6,46.45,278319053
3453,0x1096cfec,0x0109102f,1,9,41.43,278319084
3454,0x1096d14e,0x0613071a,6,19,18.18,278319438
3455,0x1096cf79,0x0503211a,5,3,84.74,278318969
3456,0x1096d10b,0x04016042,4,1,246.42,278319371
3457,0x1096d0ae,0x020a436b,2,10,172.59,278319278
3458,0x1096d1a7,0x0023358b,0,35,137.07,278319527
3459,0x1096d071,0x0140102f,1,64,41.43,278319217
3460,0x1096d0f6,0x031527b3,3,21,101.63,278319350
3461,0x1096d233,0x0001357e,0,1,136.94,278319667
3462,0x1096cfcd,0x07091225,7,9,46.45,278319053
3463,0x1096d14e,0x0615071a,6,21,18.18,278319438
3464,0x1096d0ae,0x0205436b,2,5,172.59,278319278
3465,0x1096cf79,0x0517211a,5,23,84.74,278318969
3466,0x1096d14f,0x034227b2,3,66,101.62,278319439
3467,0x1096d10b,0x04376042,4,55,246.42,278319371
3468,0x1096d071,0x0103102f,1,3,41.43,278319217
3469,0x1096d048,0x07391225,7,57,46.45,278319176
3470,0x1096d1cf,0x06030717,6,3,18.15,278319567
3471,0x1096d1ca,0x030427ab,3,4,101.55,278319562
3472,0x1096cffe,0x051b2117,5,27,84.71,278319102
3473,0x1096d19d,0x0429603f,4,41,246.39,278319517
3474,0x1096d0f2,0x0120102f,1,32,41.43,278319346
3475,0x1096d0c3,0x07161225,7,22,46.45,278319299
3476,0x1096d233,0x0008357e,0,8,136.94,278319667
3477,0x1096d0ae,0x020d436b,2,13,172.59,278319278
3478,0x1096d193,0x0112102e,1,18,41.42,278319507
3479,0x1096d27c,0x062b0717,6,43,18.15,278319740
3480,0x1096d20d,0x0103102a,1,3,41.38,278319629
3481,0x1096d1ca,0x034327ab,3,67,101.55,278319562
3482,0x1096cffe,0x051e2117,5,30,84.71,278319102
3483,0x1096d19d,0x041a603f,4,26,246.39,278319517
3484,0x1096d0c3,0x07251225,7,37,46.45,278319299
3485,0x1096d233,0x001f357e,0,31,136.94,278319667
3486,0x1096d05a,0x052e2115,5,46,84.69,278319194
3487,0x1096d0ae,0x0229436b,2,41,172.59,278319278
3488,0x1096d163,0x072f1224,7,47,46.44,278319459
3489,0x1096d2d8,0x06290717,6,41,18.15,278319832
3490,0x1096d1ca,0x030a27ab,3,10,101.55,278319562
3491,0x1096d20d,0x0122102a,1,34,41.38,278319629
3492,0x1096d134,0x02064367,2,6,172.55,278319412
3493,0x1096d19d,0x0402603f,4,2,246.39,278319517
3494,0x1096d26a,0x031127a7,3,17,101.51,278319722
3495,0x1096d233,0x0010357e,0,16,136.94,278319667
3496,0x1096d1c1,0x02254366,2,37,172.54,278319553
3497,0x1096d05a,0x05102115,5,16,84.69,278319194
3498,0x1096d163,0x07171224,7,23,46.44,278319459
3499,0x1096d202,0x04086009,4,8,245.85,278319618
3500,0x1096d39b,0x062f0716,6,47,18.14,278320027
3501,0x1096d20d,0x0132102a,1,50,41.38,278319629
3502,0x1096d0eb,0x050d2115,5,13,84.69,278319339
3503,0x1096d26a,0x030f27a7,3,15,101.51,278319722
3504,0x1096d280,0x012d1027,1,45,41.35,278319744
3505,0x1096d163,0x07151224,7,21,46.44,278319459
3506,0x1096d1c1,0x020b4366,2,11,172.54,278319553
3507,0x1096d14c,0x05112113,5,17,84.67,278319436
3508,0x1096d233,0x002e357e,0,46,136.94,278319667
3509,0x1096d202,0x041a6009,4,26,245.85,278319618
3510,0x1096d39b,0x06010716,6,1,18.14,278320027
3511,0x1096d2c2,0x033e27a1,3,62,101.45,278319810
3512,0x1096d317,0x0009357c,0,9,136.92,278319895
3513,0x1096d3fb,0x06190716,6,25,18.14,278320123
3514,0x1096d280,0x01041027,1,4,41.35,278319744
3515,0x1096d1c1,0x02154366,2,21,172.54,278319553
3516,0x1096d377,0x002e3578,0,46,136.88,278319991
3517,0x1096d14c,0x05152113,5,21,84.67,278319436
3518,0x1096d163,0x07031224,7,3,46.44,278319459
3519,0x1096d2c2,0x030b27a1,3,11,101.45,278319810
3520,0x1096d2f8,0x01351026,1,53,41.34,278319864
3521,0x1096d202,0x04286009,4,40,245.85,278319618
3522,0x1096d221,0x023e434a,2,62,172.26,278319649
3523,0x1096d1d8,0x07121224,7,18,46.44,278319576
3524,0x1096d3ba,0x01051025,1,5,41.33,278320058
3525,0x1096d458,0x060f0715,6,15,18.13,278320216
3526,0x1096d27d,0x04265fee,4,38,245.58,278319741
3527,0x1096d14c,0x05092113,5,9,84.67,278319436
3528,0x1096d377,0x00043578,0,4,136.88,278319991
3529,0x1096d2c2,0x030727a1,3,7,101.45,278319810
3530,0x1096d221,0x021a434a,2,26,172.26,278319649
3531,0x1096d1fa,0x0533210f,5,51,84.63,278319610
3532,0x1096d3dc,0x000e3572,0,14,136.82,278320092
3533,0x1096d1d8,0x07011224,7,1,46.44,278319576
3534,0x1096d3ba,0x01171025,1,23,41.33,278320058
3535,0x1096d362,0x03512798,3,81,101.36,278319970
3536,0x1096d458,0x06150715,6,21,18.13,278320216
3537,0x1096d282,0x02254346,2,37,172.22,278319746
3538,0x1096d27d,0x04155fee,4,21,245.58,278319741
3539,0x1096d27f,0x0522210d,5,34,84.61,278319743
3540,0x1096d40f,0x010f1023,1,15,41.31,278320143
3541,0x1096d3bb,0x03032795,3,3,101.33,278320059
3542,0x1096d4d9,0x06370715,6,55,18.13,278320345
3543,0x1096d2de,0x04205fde,4,32,245.42,278319838
3544,0x1096d3dc,0x00013572,0,1,136.82,278320092
3545,0x1096d1d8,0x07121224,7,18,46.44,278319576
3546,0x1096d282,0x020a4346,2,10,172.22,278319746
3547,0x1096d27f,0x050f210d,5,15,84.61,278319743
3548,0x1096d40f,0x01391023,1,57,41.31,278320143
3549,0x1096d3bb,0x03132795,3,19,101.33,278320059
3550,0x1096d228,0x07011223,7,1,46.43,278319656
3551,0x1096d539,0x06390713,6,57,18.11,278320441
3552,0x1096d2de,0x04395fde,4,57,245.42,278319838
3553,0x1096d436,0x0317278d,3,23,101.25,278320182
3554,0x1096d278,0x07071223,7,7,46.43,278319736
3555,0x1096d3dc,0x001a3572,0,26,136.82,278320092
3556,0x1096d36b,0x04245fca,4,36,245.22,278319979
3557,0x1096d27f,0x052e210d,5,46,84.61,278319743
3558,0x1096d282,0x02184346,2,24,172.22,278319746
3559,0x1096d4b2,0x0312278a,3,18,101.22,278320306
3560,0x1096d40f,0x01191023,1,25,41.31,278320143
3561,0x1096d43d,0x0004356c,0,4,136.76,278320189
3562,0x1096d539,0x06060713,6,6,18.11,278320441
3563,0x1096d505,0x030d2780,3,13,101.12,278320389
3564,0x1096d363,0x051c210a,5,28,84.58,278319971
3565,0x1096d385,0x020b433d,2,11,172.13,278320005
3566,0x1096d52d,0x010b1020,1,11,41.28,278320429
3567,0x1096d278,0x073a1223,7,58,46.43,278319736
3568,0x1096d4f2,0x00303568,0,48,136.72,278320370
3569,0x1096d5ba,0x06600713,6,96,18.11,278320570
3570,0x1096d494,0x020a4338,2,10,172.08,278320276
3571,0x1096d36b,0x04185fca,4,24,245.22,278319979
3572,0x1096d5ae,0x010f101e,1,15,41.26,278320558
3573,0x1096d2cd,0x071b1221,7,27,46.41,278319821
3574,0x1096d3c7,0x04105fc2,4,16,245.14,278320071
3575,0x1096d607,0x010d101d,1,13,41.25,278320647
3576,0x1096d505,0x03542780,3,84,101.12,278320389
3577,0x1096d363,0x0504210a,5,4,84.58,278319971
3578,0x1096d5ba,0x06010713,6,1,18.11,278320570
3579,0x1096d4f2,0x00263568,0,38,136.72,278320370
3580,0x1096d44e,0x04255fc1,4,37,245.13,278320206
3581,0x1096d2cd,0x072e1221,7,46,46.41,278319821
3582,0x1096d5b4,0x03112779,3,17,101.05,278320564
3583,0x1096d494,0x020c4338,2,12,172.08,278320276
3584,0x1096d617,0x061f0713,6,31,18.11,278320663
3585,0x1096d57e,0x000c355a,0,12,136.58,278320510
3586,0x1096d375,0x07021221,7,2,46.41,278319989
3587,0x1096d607,0x0119101d,1,25,41.25,278320647
3588,0x1096d363,0x0536210a,5,54,84.58,278319971
3589,0x1096d44e,0x043e5fc1,4,62,245.13,278320206
3590,0x1096d5b4,0x03142779,3,20,101.05,278320564
3591,0x1096d494,0x02334338,2,51,172.08,278320276
3592,0x1096782f,0x064700c2,6,71,1.94,278296623
3593,0x1096d375,0x07011221,7,1,46.41,278319989
3594,0x1096d57e,0x0008355a,0,8,136.58,278320510
3595,0x1096d518,0x02084338,2,8,172.08,278320408
3596,0x1096d6ce,0x0131101b,1,49,41.23,278320846
3597,0x1096d363,0x050d210a,5,13,84.58,278319971
3598,0x1096d3f1,0x07311221,7,49,46.41,278320113
3599,0x1096d5db,0x00303543,0,48,136.35,278320603
3600,0x1096d44e,0x04035fc1,4,3,245.13,278320206
3601,0x1096d5b4,0x03112779,3,17,101.05,278320564
3602,0x1096d493,0x070a121d,7,10,46.37,278320275
3603,0x1096d3e8,0x051d2108,5,29,84.56,278320104
3604,0x1096d76b,0x06200711,6,32,18.09,278321003
3605,0x1096d4aa,0x04095fbf,4,9,245.11,278320298
3606,0x1096d6ce,0x0122101b,1,34,41.23,278320846
3607,0x1096d518,0x02334338,2,51,172.08,278320408
3608,0x1096d49a,0x05052108,5,5,84.56,278320282
3609,0x1096d53b,0x041c5fbb,4,28,245.07,278320443
3610,0x1096d5db,0x00093543,0,9,136.35,278320603
3611,0x1096d72b,0x0106101a,1,6,41.22,278320939
3612,0x1096d5b4,0x031f2779,3,31,101.05,278320564
3613,0x1096d493,0x0741121d,7,65,46.37,278320275
3614,0x1096d7ca,0x0607070f,6,7,18.07,278321098
3615,0x10967168,0x012201b7,1,34,4.39,278294888
3616,0x1096d67b,0x0322276d,3,34,100.93,278320763
3617,0x1096d521,0x071f121b,7,31,46.35,278320417
3618,0x1096d518,0x02074338,2,7,172.08,278320408
3619,0x1096d49a,0x05592108,5,89,84.56,278320282
3620,0x1096d53b,0x040c5fbb,4,12,245.07,278320443
3621,0x1096d5db,0x00223543,0,34,136.35,278320603
3622,0x1096d59c,0x021c4332,2,28,172.02,278320540
3623,0x1096d5c9,0x04495fb8,4,73,245.04,278320585
3624,0x1096d521,0x070f121b,7,15,46.35,278320417
3625,0x1096d67b,0x0330276d,3,48,100.93,278320763
3626,0x1096d835,0x013b1016,1,59,41.18,278321205
3627,0x1096d64e,0x040d5fb6,4,13,245.02,278320718
3628,0x1096d49a,0x05052108,5,5,84.56,278320282
3629,0x1096d57f,0x07211217,7,33,46.31,278320511
3630,0x1096d5db,0x000b3543,0,11,136.35,278320603
3631,0x1096d59c,0x02094332,2,9,172.02,278320540
3632,0x1096d6f8,0x04035fa6,4,3,244.86,278320888
3633,0x1096d4f6,0x050a2108,5,10,84.56,278320374
3634,0x1096d68e,0x00143521,0,20,136.01,278320782
3635,0x1096d67b,0x0303276d,3,3,100.93,278320763
3636,0x1096d57f,0x070e1217,7,14,46.31,278320511
3637,0x1096d71a,0x000d351b,0,13,135.95,278320922
3638,0x1096d6ff,0x03042767,3,4,100.87,278320895
3639,0x1096d59c,0x02364332,2,54,172.02,278320540
3640,0x1096d631,0x070d1217,7,13,46.31,278320689
3641,0x1096d829,0x060d070e,6,13,18.06,278321193
3642,0x1096d835,0x010f1016,1,15,41.18,278321205
3643,0x1096d6f8,0x04095fa6,4,9,244.86,278320888
3644,0x1096d4f6,0x052f2108,5,47,84.56,278320374
3645,0x1096d6a5,0x02114320,2,17,171.84,278320805
3646,0x1096d6af,0x07051215,7,5,46.29,278320815
3647,0x1096d861,0x0615070e,6,21,18.06,278321249
3648,0x1096d897,0x01091016,1,9,41.18,278321303
3649,0x1096d754,0x041a5f93,4,26,244.67,278320980
3650,0x1096d71a,0x0002351b,0,2,135.95,278320922
3651,0x1096d6ff,0x03052767,3,5,100.87,278320895
3652,0x1096d721,0x072b1214,7,43,46.28,278320929
3653,0x1096d5a2,0x05292108,5,41,84.56,278320546
3654,0x1096d8cf,0x01011016,1,1,41.18,278321359
3655,0x1096d75b,0x03202766,3,32,100.86,278320987
3656,0x1096d7bf,0x07051213,7,5,46.27,278321087
3657,0x1096d6a5,0x02064320,2,6,171.84,278320805
3658,0x1096d861,0x064d070e,6,77,18.06,278321249
3659,0x1096d754,0x040a5f93,4,10,244.67,278320980
3660,0x1096d71a,0x002c351b,0,44,135.95,278320922
3661,0x1096d702,0x0235431f,2,53,171.83,278320898
3662,0x1096d5fe,0x052f2106,5,47,84.54,278320638
3663,0x1096d7a6,0x00393514,0,57,135.88,278321062
3664,0x1096d802,0x04405f88,4,64,244.56,278321154
3665,0x1096d75b,0x03212766,3,33,100.86,278320987
3666,0x1096d8cf,0x01451016,1,69,41.18,278321359
3667,0x1096d789,0x021b431a,2,27,171.78,278321033
3668,0x1096d7bf,0x07311213,7,49,46.27,278321087
3669,0x1096d861,0x0604070e,6,4,18.06,278321249
3670,0x1096d7b7,0x03392761,3,57,100.81,278321079
3671,0x1096d981,0x011e1015,1,30,41.17,278321537
3672,0x1096d83d,0x070b1212,7,11,46.26,278321213
3673,0x1096d5fe,0x05032106,5,3,84.54,278320638
3674,0x1096d893,0x061d070e,6,29,18.06,278321299
3675,0x1096d7a6,0x000c3514,0,12,135.88,278321062
3676,0x1096d802,0x04205f88,4,32,244.56,278321154
3677,0x1096d789,0x0225431a,2,37,171.78,278321033
3678,0x1096d67c,0x05152104,5,21,84.52,278320764
3679,0x1096d803,0x003534e8,0,53,135.44,278321155
3680,0x1096d8d0,0x04215f7b,4,33,244.43,278321360
3681,0x1096d7b7,0x03032761,3,3,100.81,278321079
3682,0x1096d981,0x010a1015,1,10,41.17,278321537
3683,0x1096d83d,0x074b1212,7,75,46.26,278321213
3684,0x1096d6d8,0x05112103,5,17,84.51,278320856
3685,0x1096d893,0x0620070e,6,32,18.06,278321299
3686,0x1096d95a,0x04205f7b,4,32,244.43,278321498
3687,0x1096d789,0x0208431a,2,8,171.78,278321033
3688,0x1096d739,0x053620ff,5,54,84.47,278320953
3689,0x1096d8c6,0x0641070e,6,65,18.06,278321350
3690,0x1096d803,0x001c34e8,0,28,135.44,278321155
3691,0x1096d7b7,0x030a2761,3,10,100.81,278321079
3692,0x1096d83d,0x07101212,7,16,46.26,278321213
3693,0x1096d7e2,0x021d4319,2,29,171.77,278321122
3694,0x1096da12,0x012f1014,1,47,41.16,278321682
3695,0x1096d98c,0x03252757,3,37,100.71,278321548
3696,0x1096d95a,0x041d5f7b,4,29,244.43,278321498
3697,0x1096d8af,0x070c1210,7,12,46.24,278321327
3698,0x1096d86d,0x02014318,2,1,171.76,278321261
3699,0x1096d739,0x050220ff,5,2,84.47,278320953
3700,0x1096d8c6,0x0604070e,6,4,18.06,278321350
3701,0x1096da0d,0x031d2753,3,29,100.67,278321677
3702,0x1096d996,0x071c120e,7,28,46.22,278321558
3703,0x1096d803,0x000534e8,0,5,135.44,278321155
3704,0x1096d7ed,0x051920fe,5,25,84.46,278321133
3705,0x1096d950,0x060f070d,6,15,18.05,278321488
3706,0x1096da77,0x01401012,1,64,41.14,278321783
3707,0x1096d95a,0x04195f7b,4,25,244.43,278321498
3708,0x1096d849,0x051120f9,5,17,84.41,278321225
3709,0x1096d85b,0x002a34e6,0,42,135.42,278321243
3710,0x1096da0d,0x03222753,3,34,100.67,278321677
3711,0x1096d996,0x0714120e,7,20,46.22,278321558
3712,0x1096d86d,0x021d4318,2,29,171.76,278321261
3713,0x1096d9e4,0x04155f75,4,21,244.37,278321636
3714,0x1096d909,0x000934e5,0,9,135.41,278321417
3715,0x1096d950,0x0641070d,6,65,18.05,278321488
3716,0x1096da69,0x030f274e,3,15,100.62,278321769
3717,0x1096da77,0x01121012,1,18,41.14,278321783
3718,0x1096d849,0x053220f9,5,50,84.41,278321225
3719,0x1096d961,0x002734e1,0,39,135.37,278321505
3720,0x1096d9aa,0x0615070d,6,21,18.05,278321578
3721,0x1096d996,0x0720120e,7,32,46.22,278321558
3722,0x1096d8c0,0x020f430f,2,15,171.67,278321344
3723,0x1096dadc,0x01301012,1,48,41.14,278321884
3724,0x1096d9cf,0x052720f3,5,39,84.35,278321615
3725,0x1096d9e4,0x041e5f75,4,30,244.37,278321636
3726,0x1096da2c,0x0607070d,6,7,18.05,278321708
3727,0x1096da1f,0x071d120a,7,29,46.18,278321695
3728,0x1096da69,0x034f274e,3,79,100.62,278321769
3729,0x1096db45,0x01051010,1,5,41.12,278321989
3730,0x1096d961,0x000434e1,0,4,135.37,278321505
3731,0x1096daee,0x040b5f40,4,11,243.84,278321902
3732,0x1096db0e,0x0301274d,3,1,100.61,278321934
3733,0x1096d8c0,0x020c430f,2,12,171.67,278321344
3734,0x1096d9cf,0x052620f3,5,38,84.35,278321615
3735,0x1096da1f,0x070d120a,7,13,46.18,278321695
3736,0x1096da2c,0x0630070d,6,48,18.05,278321708
3737,0x1096d945,0x023e42fc,2,62,171.48,278321477
3738,0x1096da78,0x07021209,7,2,46.17,278321784
3739,0x1096db45,0x013b1010,1,59,41.12,278321989
3740,0x1096d961,0x001f34e1,0,31,135.37,278321505
3741,0x1096daee,0x040c5f40,4,12,243.84,278321902
3742,0x1096db0e,0x0317274d,3,23,100.61,278321934
3743,0x1096db7b,0x041e5f40,4,30,243.84,278322043
3744,0x1096da2c,0x0608070d,6,8,18.05,278321708
3745,0x1096d945,0x022442fc,2,36,171.48,278321477
3746,0x1096da78,0x07081209,7,8,46.17,278321784
3747,0x1096d9cf,0x050920f3,5,9,84.35,278321615
3748,0x1096d961,0x001334e1,0,19,135.37,278321505
3749,0x1096dbf7,0x010e100f,1,14,41.11,278322167
3750,0x1096dc08,0x041e5f35,4,30,243.73,278322184
3751,0x1096daad,0x060b070d,6,11,18.05,278321837
3752,0x1096db0e,0x0316274d,3,22,100.61,278321934
3753,0x1096d9f6,0x022242dd,2,34,171.17,278321654
3754,0x1096d9e3,0x003434e1,0,52,135.37,278321635
3755,0x1096db14,0x07451209,7,69,46.17,278321940
3756,0x1096db2e,0x0601070d,6,1,18.05,278321966
3757,0x1096daa7,0x051220f2,5,18,84.34,278321831
3758,0x1096dbde,0x0619070c,6,25,18.04,278322142
3759,0x1096dc08,0x04065f35,4,6,243.73,278322184
3760,0x1096d9f6,0x023842dd,2,56,171.17,278321654
3761,0x1096db0e,0x0302274d,3,2,100.61,278321934
3762,0x1096db50,0x050820f2,5,8,84.34,278322000
3763,0x1096dc38,0x061a070c,6,26,18.04,278322232
3764,0x1096db69,0x074a1207,7,74,46.15,278322025
3765,0x1096d9e3,0x000734e1,0,7,135.37,278321635
3766,0x1096da49,0x021142ce,2,17,171.02,278321737
3767,0x1096db8f,0x0358274a,3,88,100.58,278322063
3768,0x1096dc32,0x051220ea,5,18,84.26,278322226
3769,0x1096dcb7,0x012e100c,1,46,41.08,278322359
3770,0x1096dbe1,0x07121205,7,18,46.13,278322145
3771,0x1096da65,0x001634df,0,22,135.35,278321765
3772,0x1096dc08,0x04115f35,4,17,243.73,278322184
3773,0x1096dc38,0x0613070c,6,19,18.04,278322232
3774,0x1096da49,0x020642ce,2,6,171.02,278321737
3775,0x1096db8f,0x0303274a,3,3,100.58,278322063
3776,0x1096dbe1,0x071a1205,7,26,46.13,278322145
3777,0x1096dcad,0x051820e9,5,24,84.25,278322349
3778,0x1096dcb7,0x0115100c,1,21,41.08,278322359
3779,0x1096da65,0x004834df,0,72,135.35,278321765
3780,0x1096dafa,0x020b42ce,2,11,171.02,278321914
3781,0x1096dc10,0x03182744,3,24,100.52,278322192
3782,0x1096dc59,0x07321205,7,50,46.13,278322265
3783,0x1096dc08,0x04265f35,4,38,243.73,278322184
3784,0x1096dd58,0x050520e8,5,5,84.24,278322520
3785,0x1096dcf4,0x0135100c,1,53,41.08,278322420
3786,0x1096dab8,0x001034d9,0,16,135.29,278321848
3787,0x1096db6b,0x024442ce,2,68,171.02,278322027
3788,0x1096dc6c,0x03172743,3,23,100.51,278322284
3789,0x1096dcba,0x040d5f31,4,13,243.69,278322362
3790,0x1096dc00,0x000234ca,0,2,135.14,278322176
3791,0x1096dc59,0x072f1205,7,47,46.13,278322265
3792,0x1096dd3d,0x061b070a,6,27,18.02,278322493
3793,0x1096dce8,0x07231204,7,35,46.12,278322408
3794,0x1096db6b,0x021f42ce,2,31,171.02,278322027
3795,0x1096dcf4,0x0114100c,1,20,41.08,278322420
3796,0x1096dc6c,0x03132743,3,19,100.51,278322284
3797,0x1096dcba,0x040c5f31,4,12,243.69,278322362
3798,0x1096dd9d,0x063a070a,6,58,18.02,278322589
3799,0x1096dc00,0x000a34ca,0,10,135.14,278322176
3800,0x1096dbbe,0x023142c0,2,49,170.88,278322110
3801,0x1096dde9,0x055420e6,5,84,84.22,278322665
3802,0x1096dd23,0x040e5f0b,4,14,243.31,278322467
3803,0x1096ddd3,0x060e070a,6,14,18.02,278322643
3804,0x1096dce8,0x07211204,7,33,46.12,278322408
3805,0x1096dcf4,0x0118100c,1,24,41.08,278322420
3806,0x1096dc6c,0x030c2743,3,12,100.51,278322284
3807,0x1096dbbe,0x020942c0,2,9,170.88,278322110
3808,0x1096dc00,0x000134ca,0,1,135.14,278322176
3809,0x1096dd60,0x012c1009,1,44,41.05,278322528
3810,0x1096dd23,0x042a5f0b,4,42,243.31,278322467
3811,0x1096ddd3,0x064a070a,6,74,18.02,278322643
3812,0x1096dc43,0x021242be,2,18,170.86,278322243
3813,0x1096dce8,0x070a1204,7,10,46.12,278322408
3814,0x1096dcdc,0x002c34b3,0,44,134.91,278322396
3815,0x1096ddf0,0x01071009,1,7,41.05,278322672
3816,0x1096dc6c,0x032d2743,3,45,100.51,278322284
3817,0x1096dd63,0x07401203,7,64,46.11,278322531
3818,0x1096de81,0x054420e0,5,68,84.16,278322817
3819,0x1096dd6c,0x001534af,0,21,134.87,278322540
3820,0x1096dcc4,0x030b273d,3,11,100.45,278322372
3821,0x1096dd23,0x04295f0b,4,41,243.31,278322467
3822,0x1096de52,0x070c1200,7,12,46.08,278322770
3823,0x1096dc43,0x022442be,2,36,170.86,278322243
3824,0x1096dd88,0x04155ef3,4,21,243.07,278322568
3825,0x1096ddf0,0x01311009,1,49,41.05,278322672
3826,0x1096dcc8,0x022e42bb,2,46,170.83,278322376
3827,0x1096de81,0x050e20e0,5,14,84.16,278322817
3828,0x1096dd6c,0x004534af,0,69,134.87,278322540
3829,0x1096de0e,0x04105eef,4,16,243.03,278322702
3830,0x1096de58,0x010a1007,1,10,41.03,278322776
3831,0x1096dcc4,0x032f273d,3,47,100.45,278322372
3832,0x1096de52,0x07371200,7,55,46.08,278322770
3833,0x1096debe,0x053b20de,5,59,84.14,278322878
3834,0x1096deab,0x070e11fe,7,14,46.06,278322859
3835,0x1096dd52,0x031e272c,3,30,100.28,278322514
3836,0x1096dcc8,0x021042bb,2,16,170.83,278322376
3837,0x1096de99,0x06060709,6,6,18.01,278322841
3838,0x1096df4e,0x071311fc,7,19,46.04,278323022
3839,0x1096de0e,0x042c5eef,4,44,243.03,278322702
3840,0x1096dd6c,0x000534af,0,5,134.87,278322540
3841,0x1096debe,0x050f20de,5,15,84.14,278322878
3842,0x1096dd52,0x0343272c,3,67,100.28,278322514
3843,0x1096de94,0x040d5ee7,4,13,242.95,278322836
3844,0x1096de1c,0x001034ae,0,16,134.86,278322716
3845,0x1096dcc8,0x022542bb,2,37,170.83,278322376
3846,0x1096de58,0x013c1007,1,60,41.03,278322776
3847,0x1096de99,0x06170709,6,23,18.01,278322841
3848,0x1096de01,0x0323272a,3,35,100.26,278322689
3849,0x1096df2a,0x051c20de,5,28,84.14,278322986
3850,0x1096df4e,0x074311fc,7,67,46.04,278323022
3851,0x1096de79,0x001d34a2,0,29,134.74,278322809
3852,0x1096df11,0x01031007,1,3,41.03,278322961
3853,0x1096de94,0x04315ee7,4,49,242.95,278322836
3854,0x1096dcc8,0x020342bb,2,3,170.83,278322376
3855,0x1096de99,0x061e0709,6,30,18.01,278322841
3856,0x1096de01,0x032b272a,3,43,100.26,278322689
3857,0x1096de79,0x000e34a2,0,14,134.74,278322809
3858,0x1096df4e,0x070a11fc,7,10,46.04,278323022
3859,0x1096df2a,0x052b20de,5,43,84.14,278322986
3860,0x1096df11,0x01431007,1,67,41.03,278322961
3861,0x1096de61,0x03272729,3,39,100.25,278322785
3862,0x1096dd4d,0x021b42b9,2,27,170.81,278322509
3863,0x1096defe,0x06010709,6,1,18.01,278322942
3864,0x1096dff1,0x074611fb,7,70,46.03,278323185
3865,0x1096dfba,0x053220dc,5,50,84.12,278323130
3866,0x1096de94,0x04175ee7,4,23,242.95,278322836
3867,0x1096dfa2,0x01011006,1,1,41.02,278323106
3868,0x1096de7d,0x023742a3,2,55,170.59,278322813
3869,0x1096def5,0x040a5ee5,4,10,242.93,278322933
3870,0x1096de79,0x002234a2,0,34,134.74,278322809
3871,0x1096dfdb,0x011b1006,1,27,41.02,278323163
3872,0x1096dff1,0x070111fb,7,1,46.03,278323185
3873,0x1096de61,0x03392729,3,57,100.25,278322785
3874,0x1096df35,0x000834a2,0,8,134.74,278322997
3875,0x1096df9e,0x04455ee4,4,69,242.92,278323102
3876,0x1096defe,0x065f0709,6,95,18.01,278322942
3877,0x1096dfba,0x051a20dc,5,26,84.12,278323130
3878,0x1096debe,0x032b2719,3,43,100.09,278322878
3879,0x1096de7d,0x022542a3,2,37,170.59,278322813
3880,0x1096dff1,0x070211fb,7,2,46.03,278323185
3881,0x1096dfdb,0x01051006,1,5,41.02,278323163
3882,0x1096df01,0x023d429e,2,61,170.54,278322945
3883,0x1096df35,0x000b34a2,0,11,134.74,278322997
3884,0x1096df9e,0x04095ee4,4,9,242.92,278323102
3885,0x1096e04e,0x072311fb,7,35,46.03,278323278
3886,0x1096dfba,0x051020dc,5,16,84.12,278323130
3887,0x1096debe,0x03072719,3,7,100.09,278322878
3888,0x1096defe,0x06010709,6,1,18.01,278322942
3889,0x1096e06c,0x010c1006,1,12,41.02,278323308
3890,0x1096e024,0x04145ed9,4,20,242.81,278323236
3891,0x1096e04a,0x052920d8,5,41,84.08,278323274
3892,0x1096df39,0x06070709,6,7,18.01,278323001
3893,0x1096df01,0x020f429e,2,15,170.54,278322945
3894,0x1096df35,0x000834a2,0,8,134.74,278322997
3895,0x1096e04e,0x071b11fb,7,27,46.03,278323278
3896,0x1096e0da,0x051b20d6,5,27,84.06,278323418
3897,0x1096df75,0x06280709,6,40,18.01,278323061
3898,0x1096debe,0x03272719,3,39,100.09,278322878
3899,0x1096e06c,0x01201006,1,32,41.02,278323308
3900,0x1096df85,0x021c429d,2,28,170.53,278323077
3901,0x1096e024,0x04045ed9,4,4,242.81,278323236
3902,0x1096df92,0x001234a1,0,18,134.73,278323090
3903,0x10968eec,0x070201db,7,2,4.75,278302444
3904,0x1096dfdd,0x0217429c,2,23,170.52,278323165
3905,0x1096df45,0x030926fb,3,9,99.79,278323013
3906,0x1096e085,0x04015ebb,4,1,242.51,278323333
3907,0x1096e0a2,0x000e3492,0,14,134.58,278323362
3908,0x10968f64,0x070101db,7,1,4.75,278302564
3909,0x1096e0da,0x050920d6,5,9,84.06,278323418
3910,0x1096dfcd,0x031c26f6,3,28,99.74,278323149
3911,0x1096df75,0x06220709,6,34,18.01,278323061
3912,0x109692cd,0x071101da,7,17,4.74,278303437
3913,0x1096e117,0x01251005,1,37,41.01,278323479
3914,0x1096e142,0x050520d5,5,5,84.05,278323522
3915,0x1096dfdd,0x020c429c,2,12,170.52,278323165
3916,0x1096e0cc,0x06010707,6,1,17.99,278323404
3917,0x1096e1a4,0x013d1005,1,61,41.01,278323620
3918,0x1096e085,0x04195ebb,4,25,242.51,278323333
3919,0x1096e0a2,0x000f3492,0,15,134.58,278323362
3920,0x1096dfcd,0x031426f6,3,20,99.74,278323149
3921,0x1096e135,0x06010707,6,1,17.99,278323509
3922,0x1096e17e,0x00423481,0,66,134.41,278323582
3923,0x1096e291,0x071411f7,7,20,45.99,278323857
3924,0x1096dfdd,0x0203429c,2,3,170.52,278323165
3925,0x1096e142,0x052820d5,5,40,84.05,278323522
3926,0x1096e047,0x031926f6,3,25,99.74,278323271
3927,0x1096e085,0x040d5ebb,4,13,242.51,278323333
3928,0x1096e1a4,0x01211005,1,33,41.01,278323620
3929,0x1096e0c9,0x030a26f1,3,10,99.69,278323401
3930,0x1096e27d,0x050520ce,5,5,83.98,278323837
3931,0x1096e291,0x072111f7,7,33,45.99,278323857
3932,0x1096e12e,0x04565eb9,4,86,242.49,278323502
3933,0x1096e205,0x01151003,1,21,40.99,278323717
3934,0x1096e135,0x06140707,6,20,17.99,278323509
3935,0x1096e17e,0x00133481,0,19,134.41,278323582
3936,0x1096dfdd,0x0218429c,2,24,170.52,278323165
3937,0x1096e23d,0x003d347d,0,61,134.37,278323773
3938,0x1096e1fa,0x06200704,6,32,17.96,278323706
3939,0x1096e0c9,0x031226f1,3,18,99.69,278323401
3940,0x1096e030,0x0206427f,2,6,170.23,278323248
3941,0x1096e12e,0x040d5eb9,4,13,242.49,278323502
3942,0x1096e315,0x071f11f6,7,31,45.98,278323989
3943,0x1096e205,0x01251003,1,37,40.99,278323717
3944,0x1096e0f3,0x021c4278,2,28,170.16,278323443
3945,0x1096e1b4,0x04455eb7,4,69,242.47,278323636
3946,0x1096e30e,0x051120cd,5,17,83.97,278323982
3947,0x1096e23d,0x0022347d,0,34,134.37,278323773
3948,0x1096e0c9,0x031626f1,3,22,99.69,278323401
3949,0x1096e1fa,0x06020704,6,2,17.96,278323706
3950,0x1096e17a,0x02134278,2,19,170.16,278323578
3951,0x1096e34b,0x052b20cb,5,43,83.95,278324043
3952,0x1096e315,0x071111f6,7,17,45.98,278323989
3953,0x1096e2ca,0x0035347b,0,53,134.35,278323914
3954,0x1096e14b,0x031a26ef,3,26,99.67,278323531
3955,0x1096e205,0x010b1003,1,11,40.99,278323717
3956,0x1096e22e,0x020b4275,2,11,170.13,278323758
3957,0x1096e1b4,0x04145eb7,4,20,242.47,278323636
3958,0x1096e378,0x072511ef,7,37,45.91,278324088
3959,0x1096e297,0x01081003,1,8,40.99,278323863
3960,0x1096e23a,0x04175eb5,4,23,242.45,278323770
3961,0x1096e1fa,0x06180704,6,24,17.96,278323706
3962,0x1096e14b,0x031a26ef,3,26,99.67,278323531
3963,0x1096e3d5,0x052720c9,5,39,83.93,278324181
3964,0x1096e327,0x010d1001,1,13,40.97,278324007
3965,0x1096e2ca,0x001b347b,0,27,134.35,278323914
3966,0x1096e22e,0x022f4275,2,47,170.13,278323758
3967,0x1096e38f,0x01361001,1,54,40.97,278324111
3968,0x109692cd,0x075101da,7,81,4.74,278303437
3969,0x1096e286,0x02194275,2,25,170.13,278323846
3970,0x1096e23a,0x04395eb5,4,57,242.45,278323770
3971,0x1096e14b,0x031326ef,3,19,99.67,278323531
3972,0x1096e1fa,0x06060704,6,6,17.96,278323706
3973,0x1096e3de,0x00543467,0,84,134.15,278324190
3974,0x1096e19e,0x032826ef,3,40,99.67,278323614
3975,0x1096e467,0x053c20c5,5,60,83.89,278324327
3976,0x1096e38f,0x01301001,1,48,40.97,278324111
3977,0x1096e2c5,0x06300702,6,48,17.94,278323909
3978,0x1096e447,0x00033466,0,3,134.14,278324295
3979,0x1096e479,0x071111ec,7,17,45.88,278324345
3980,0x1096e286,0x020a4275,2,10,170.13,278323846
3981,0x1096e23a,0x04015eb5,4,1,242.45,278323770
3982,0x1096e25b,0x032026e1,3,32,99.53,278323803
3983,0x1096e46d,0x01251000,1,37,40.96,278324333
3984,0x1096789d,0x050a0383,5,10,8.99,278296733
3985,0x1096e29b,0x04265eab,4,38,242.35,278323867
3986,0x1096e2c5,0x061e0702,6,30,17.94,278323909
3987,0x1096e447,0x00013466,0,1,134.14,278324295
3988,0x1096e286,0x02394275,2,57,170.13,278323846
3989,0x1096e25b,0x032226e1,3,34,99.53,278323803
3990,0x1096e4f7,0x01280ffe,1,40,40.94,278324471
3991,0x1096e35e,0x06270701,6,39,17.93,278324062
3992,0x1096e47d,0x02164265,2,22,169.97,278324349
3993,0x1096e29b,0x04175eab,4,23,242.35,278323867
3994,0x1096e479,0x070d11ec,7,13,45.88,278324345
3995,0x1096e30b,0x030a26b7,3,10,99.11,278323979
3996,0x1096e447,0x00013466,0,1,134.14,278324295
3997,0x1096e4db,0x070711eb,7,7,45.87,278324443
3998,0x1096e31f,0x04385eab,4,56,242.35,278323999
3999,0x1096e4fa,0x050120c0,5,1,83.84,278324474
4000,0x1096e35e,0x06240701,6,36,17.93,278324062
4001,0x1096e30b,0x030926b7,3,9,99.11,278323979
4002,0x1096e47d,0x02244265,2,36,169.97,278324349
4003,0x1096e31f,0x040e5eab,4,14,242.35,278323999
4004,0x1096e3cb,0x06160700,6,22,17.92,278324171
4005,0x1096e447,0x00113466,0,17,134.14,278324295
4006,0x1096e4db,0x072511eb,7,37,45.87,278324443
4007,0x1096e4e2,0x02314265,2,49,169.97,278324450
4008,0x1096e3a3,0x041a5e9d,4,26,242.21,278324131
4009,0x1096e4d5,0x00113456,0,17,133.98,278324437
4010,0x1096e30b,0x031126b7,3,17,99.11,278323979
4011,0x1096e55e,0x01190ffb,1,25,40.91,278324574
4012,0x1096e4fa,0x050b20c0,5,11,83.84,278324474
4013,0x1096e537,0x0024344f,0,36,133.91,278324535
4014,0x1096e3cb,0x06070700,6,7,17.92,278324171
4015,0x1096e4db,0x072811eb,7,40,45.87,278324443
4016,0x1096e363,0x031f26b4,3,31,99.08,278324067
4017,0x1096e59b,0x01020ffb,1,2,40.91,278324635
4018,0x1096e4e2,0x020d4265,2,13,169.97,278324450
4019,0x1096e539,0x054720bf,5,71,83.83,278324537
4020,0x1096e434,0x061d06ff,6,29,17.91,278324276
4021,0x1096e3e5,0x033126ae,3,49,99.02,278324197
4022,0x1096e5d2,0x010f0ffb,1,15,40.91,278324690
4023,0x1096e427,0x042e5e8e,4,46,242.06,278324263
4024,0x1096e4d0,0x062106fd,6,33,17.89,278324432
4025,0x1096e4db,0x070b11eb,7,11,45.87,278324443
4026,0x1096e537,0x001e344f,0,30,133.91,278324535
4027,0x1096e56f,0x02294263,2,41,169.95,278324591
4028,0x1096e483,0x04155e8d,4,21,242.05,278324355
4029,0x1096e539,0x050320bf,5,3,83.83,278324537
4030,0x1096e50d,0x074311e8,7,67,45.84,278324493
4031,0x1096e560,0x061906fc,6,25,17.88,278324576
4032,0x1096e3e5,0x032226ae,3,34,99.02,278324197
4033,0x1096e5d2,0x011a0ffb,1,26,40.91,278324690
4034,0x1096e514,0x04035e8c,4,3,242.04,278324500
4035,0x1096e5a5,0x050d20bf,5,13,83.83,278324645
4036,0x1096e438,0x032b26ab,3,43,98.99,278324280
4037,0x1096e595,0x0018343c,0,24,133.72,278324629
4038,0x1096e56f,0x02084263,2,8,169.95,278324591
4039,0x1096e50d,0x072211e8,7,34,45.84,278324493
4040,0x1096e560,0x062a06fc,6,42,17.88,278324576
4041,0x1096e5fc,0x020a4261,2,10,169.93,278324732
4042,0x1096e514,0x044c5e8c,4,76,242.04,278324500
4043,0x1096e59b,0x070811e7,7,8,45.83,278324635
4044,0x1096e438,0x030226ab,3,2,98.99,278324280
4045,0x1096e5a5,0x054420bf,5,68,83.83,278324645
4046,0x1096e595,0x0018343c,0,24,133.72,278324629
4047,0x1096e59e,0x04045e8b,4,4,242.03,278324638
4048,0x1096e4f2,0x033526a7,3,53,98.95,278324466
4049,0x1096e6e3,0x01250ff7,1,37,40.87,278324963
4050,0x1096e5dc,0x051a20bf,5,26,83.83,278324700
4051,0x1096e64b,0x0008343b,0,8,133.71,278324811
4052,0x1096e5fc,0x02274261,2,39,169.93,278324732
4053,0x1096e59b,0x070d11e7,7,13,45.83,278324635
4054,0x1096e560,0x060606fc,6,6,17.88,278324576
4055,0x1096e5f9,0x070111e3,7,1,45.79,278324729
4056,0x1096e59e,0x04455e8b,4,69,242.03,278324638
4057,0x1096e4f2,0x031126a7,3,17,98.95,278324466
4058,0x1096e6e3,0x01130ff7,1,19,40.87,278324963
4059,0x1096e64b,0x000b343b,0,11,133.71,278324811
4060,0x1096e5dc,0x052420bf,5,36,83.83,278324700
4061,0x1096e653,0x072211e3,7,34,45.79,278324819
4062,0x1096e5fc,0x020a4261,2,10,169.93,278324732
4063,0x1096e5ca,0x033a268c,3,58,98.68,278324682
4064,0x1096e722,0x01300ff7,1,48,40.87,278325026
4065,0x1096e6fe,0x052220ba,5,34,83.78,278324990
4066,0x1096e5f1,0x062706fb,6,39,17.87,278324721
4067,0x1096e59e,0x041a5e8b,4,26,242.03,278324638
4068,0x1096e661,0x02394261,2,57,169.93,278324833
4069,0x1096e64b,0x0011343b,0,17,133.71,278324811
4070,0x1096e653,0x071011e3,7,16,45.79,278324819
4071,0x1096e6bf,0x02164258,2,22,169.84,278324927
4072,0x1096e615,0x042e5e8a,4,46,242.02,278324757
4073,0x1096e5ca,0x031a268c,3,26,98.68,278324682
4074,0x1096e78e,0x01270ff6,1,39,40.86,278325134
4075,0x1096e6b3,0x0004343b,0,4,133.71,278324915
4076,0x1096e794,0x052920b8,5,41,83.76,278325140
4077,0x1096e67f,0x03352685,3,53,98.61,278324863
4078,0x1096e5f1,0x062106fb,6,33,17.87,278324721
4079,0x1096e79a,0x000f3425,0,15,133.49,278325146
4080,0x1096e653,0x071411e3,7,20,45.79,278324819
4081,0x1096e6bf,0x021a4258,2,26,169.84,278324927
4082,0x1096e615,0x04295e8a,4,41,242.02,278324757
4083,0x1096e78e,0x010b0ff6,1,11,40.86,278325134
4084,0x1096e6d4,0x071e11e0,7,30,45.76,278324948
4085,0x1096e67f,0x03032685,3,3,98.61,278324863
4086,0x1096e794,0x052b20b8,5,43,83.76,278325140
4087,0x1096e5f1,0x061106fb,6,17,17.87,278324721
4088,0x1096e6bf,0x02164258,2,22,169.84,278324927
4089,0x1096e79a,0x00253425,0,37,133.49,278325146
4090,0x1096e615,0x04075e8a,4,7,242.02,278324757
4091,0x1096e6d9,0x062a06fb,6,42,17.87,278324953
4092,0x1096e78e,0x01270ff6,1,39,40.86,278325134
4093,0x1096e756,0x072511df,7,37,45.75,278325078
4094,0x1096e7fb,0x00093424,0,9,133.48,278325243
4095,0x1096e64a,0x04355e77,4,53,241.83,278324810
4096,0x1096e67f,0x03092685,3,9,98.61,278324863
4097,0x1096e82a,0x051320b0,5,19,83.68,278325290
4098,0x1096e8b3,0x00153423,0,21,133.47,278325427
4099,0x1096e6bf,0x02194258,2,25,169.84,278324927
4100,0x1096e6f8,0x04085e76,4,8,241.82,278324984
4101,0x1096e706,0x0305267f,3,5,98.55,278324998
4102,0x1096e6d9,0x060306fb,6,3,17.87,278324953
4103,0x1096e896,0x053620b0,5,54,83.68,278325398
4104,0x1096e814,0x01180ff5,1,24,40.85,278325268
4105,0x1096e756,0x072311df,7,35,45.75,278325078
4106,0x1096e748,0x02034245,2,3,169.65,278325064
4107,0x1096e746,0x060a06fa,6,10,17.86,278325062
4108,0x1096e904,0x050620b0,5,6,83.68,278325508
4109,0x1096e7a2,0x022b4245,2,43,169.65,278325154
4110,0x1096e6f8,0x041e5e76,4,30,241.82,278324984
4111,0x1096e806,0x070f11df,7,15,45.75,278325254
4112,0x1096e8b3,0x002d3423,0,45,133.47,278325427
4113,0x1096e706,0x0310267f,3,16,98.55,278324998
4114,0x1096e7d0,0x061e06f8,6,30,17.84,278325200
4115,0x1096e781,0x04245e6d,4,36,241.73,278325121
4116,0x1096e860,0x071211df,7,18,45.75,278325344
4117,0x1096e814,0x01030ff5,1,3,40.85,278325268
4118,0x1096e812,0x03222661,3,34,98.25,278325266
4119,0x1096e8eb,0x070311df,7,3,45.75,278325483
4120,0x1096e87d,0x01140ff5,1,20,40.85,278325373
4121,0x1096e7a2,0x02114245,2,17,169.65,278325154
4122,0x1096e89e,0x030d2660,3,13,98.24,278325406
4123,0x1096e8b3,0x001d3423,0,29,133.47,278325427
4124,0x1096e781,0x041f5e6d,4,31,241.73,278325121
4125,0x1096e7d0,0x061a06f8,6,26,17.84,278325200
4126,0x1096e8e2,0x01240ff5,1,36,40.85,278325474
4127,0x1096e865,0x0202423b,2,2,169.55,278325349
4128,0x1096e8fb,0x030c265f,3,12,98.23,278325499
4129,0x1096e972,0x0028341b,0,40,133.39,278325618
4130,0x1096e904,0x051520b0,5,21,83.68,278325508
4131,0x1096e7e2,0x04345e6c,4,52,241.72,278325218
4132,0x1096e839,0x060106f8,6,1,17.84,278325305
4133,0x1096e8eb,0x073111df,7,49,45.75,278325483
4134,0x1096e913,0x02124221,2,18,169.29,278325523
4135,0x1096e8e2,0x01080ff5,1,8,40.85,278325474
4136,0x1096e9cf,0x02254217,2,37,169.19,278325711
4137,0x1096e8fb,0x0316265f,3,22,98.23,278325499
4138,0x1096e972,0x0027341b,0,39,133.39,278325618
4139,0x1096e7e2,0x04055e6c,4,5,241.72,278325218
4140,0x1096e904,0x051120b0,5,17,83.68,278325508
4141,0x1096e93f,0x011b0fef,1,27,40.79,278325567
4142,0x1096e839,0x063b06f8,6,59,17.84,278325305
4143,0x1096e8eb,0x070311df,7,3,45.75,278325483
4144,0x1096e9d7,0x00083405,0,8,133.17,278325719
4145,0x1096e868,0x04345e69,4,52,241.69,278325352
4146,0x1096e8a2,0x060806f7,6,8,17.83,278325410
4147,0x1096e9a3,0x01400fea,1,64,40.74,278325667
4148,0x1096e948,0x074111dc,7,65,45.72,278325576
4149,0x1096e9cf,0x020e4217,2,14,169.19,278325711
4150,0x1096e8fb,0x0301265f,3,1,98.23,278325499
4151,0x1096e939,0x060206f5,6,2,17.81,278325561
4152,0x1096e904,0x050220b0,5,2,83.68,278325508
4153,0x1096ea27,0x071d11dc,7,29,45.72,278325799
4154,0x1096e97f,0x0304265e,3,4,98.22,278325631
4155,0x1096e9d7,0x00293405,0,41,133.17,278325719
4156,0x1096e868,0x04145e69,4,20,241.69,278325352
4157,0x1096e9f3,0x061e06f3,6,30,17.79,278325747
4158,0x1096e9c6,0x056120ae,5,97,83.66,278325702
4159,0x1096e9a3,0x011b0fea,1,27,40.74,278325667
4160,0x1096ea64,0x001f3404,0,31,133.16,278325860
4161,0x1096e8c9,0x043a5e3d,4,58,241.25,278325449
4162,0x1096eab4,0x02084210,2,8,169.12,278325940
4163,0x1096ea27,0x073711dc,7,55,45.72,278325799
4164,0x1096eb0e,0x01310fe5,1,49,40.69,278326030
4165,0x1096e97f,0x0320265e,3,32,98.22,278325631
4166,0x1096eb1d,0x022f420d,2,47,169.09,278326045
4167,0x1096e9c6,0x050120ae,5,1,83.66,278325702
4168,0x1096e9f3,0x063206f3,6,50,17.79,278325747
4169,0x1096e8c9,0x04025e3d,4,2,241.25,278325449
4170,0x1096ea64,0x000b3404,0,11,133.16,278325860
4171,0x1096ea27,0x070411dc,7,4,45.72,278325799
4172,0x1096ea01,0x055020ab,5,80,83.63,278325761
4173,0x1096e97f,0x0317265e,3,23,98.22,278325631
4174,0x1096eb77,0x001233fa,0,18,133.06,278326135
4175,0x1096eb0e,0x01190fe5,1,25,40.69,278326030
4176,0x1096ea88,0x071011db,7,16,45.71,278325896
4177,0x1096ead1,0x050920a4,5,9,83.56,278325969
4178,0x1096ea5e,0x031a262e,3,26,97.74,278325854
4179,0x1096e8c9,0x04075e3d,4,7,241.25,278325449
4180,0x1096e9f3,0x060506f3,6,5,17.79,278325747
4181,0x1096e97a,0x04145e3b,4,20,241.23,278325626
4182,0x1096ebb2,0x021a420c,2,26,169.08,278326194
4183,0x1096ea83,0x060306f2,6,3,17.78,278325891
4184,0x1096eb77,0x004a33fa,0,74,133.06,278326135
4185,0x1096eb0e,0x011a0fe5,1,26,40.69,278326030
4186,0x1096ea88,0x072411db,7,36,45.71,278325896
4187,0x1096ea5e,0x0338262e,3,56,97.74,278325854
4188,0x1096e9fc,0x04125e26,4,18,241.02,278325756
4189,0x1096ead1,0x050720a4,5,7,83.56,278325969
4190,0x1096ec08,0x000533ed,0,5,132.93,278326280
4191,0x1096ec18,0x071511d9,7,21,45.69,278326296
4192,0x1096eabf,0x03192629,3,25,97.69,278325951
4193,0x1096eb0e,0x01010fe5,1,1,40.69,278326030
4194,0x1096ebb2,0x0248420c,2,72,169.08,278326194
4195,0x1096ea83,0x065006f2,6,80,17.78,278325891
4196,0x1096eb4b,0x03062621,3,6,97.61,278326091
4197,0x1096e9fc,0x04115e26,4,17,241.02,278325756
4198,0x1096eb9f,0x01220fe5,1,34,40.69,278326175
4199,0x1096ead1,0x052e20a4,5,46,83.56,278325969
4200,0x1096ec08,0x000733ed,0,7,132.93,278326280
4201,0x1096ebf4,0x020c420b,2,12,169.07,278326260
4202,0x1096ec18,0x071311d9,7,19,45.69,278326296
4203,0x1096ec0b,0x01020fe5,1,2,40.69,278326283
4204,0x1096eb6a,0x05052098,5,5,83.44,278326122
4205,0x1096eb4b,0x033b2621,3,59,97.61,278326091
4206,0x1096ecac,0x074d11d9,7,77,45.69,278326444
4207,0x1096e9fc,0x043e5e26,4,62,241.02,278325756
4208,0x1096ea83,0x060706f2,6,7,17.78,278325891
4209,0x1096ec2b,0x050d2095,5,13,83.41,278326315
4210,0x1096ec08,0x002533ed,0,37,132.93,278326280
4211,0x1096ebf4,0x0241420b,2,65,169.07,278326260
4212,0x1096eb68,0x060406ef,6,4,17.75,278326120
4213,0x1096ec73,0x01350fe1,1,53,40.65,278326387
4214,0x1096ec65,0x022541fd,2,37,168.93,278326373
4215,0x1096eb4b,0x031d2621,3,29,97.61,278326091
4216,0x1096ebd5,0x061b06ef,6,27,17.75,278326229
4217,0x1096e9fc,0x04045e26,4,4,241.02,278325756
4218,0x1096ecac,0x070911d9,7,9,45.69,278326444
4219,0x1096ec2b,0x05062095,5,6,83.41,278326315
4220,0x1096eba8,0x03032619,3,3,97.53,278326184
4221,0x1096ec08,0x002e33ed,0,46,132.93,278326280
4222,0x1096ea7d,0x040d5e21,4,13,240.97,278325885
4223,0x1096ed40,0x071e11d9,7,30,45.69,278326592
4224,0x1096ed1a,0x01110fdd,1,17,40.61,278326554
4225,0x1096ec98,0x05332095,5,51,83.41,278326424
4226,0x1096ec99,0x001c33d0,0,28,132.64,278326425
4227,0x1096ec65,0x021741fd,2,23,168.93,278326373
4228,0x1096ebd5,0x061206ef,6,18,17.75,278326229
4229,0x1096ed7c,0x01320fd8,1,50,40.56,278326652
4230,0x1096eba8,0x031f2619,3,31,97.53,278326184
4231,0x1096edd8,0x070811d9,7,8,45.69,278326744
4232,0x1096ea7d,0x04395e21,4,57,240.97,278325885
4233,0x1096ec99,0x003233d0,0,50,132.64,278326425
4234,0x1096eafb,0x040d5e20,4,13,240.96,278326011
4235,0x1096ec98,0x05042095,5,4,83.41,278326424
4236,0x1096edd8,0x071811d9,7,24,45.69,278326744
4237,0x1096eba8,0x032d2619,3,45,97.53,278326184
4238,0x1096ed7c,0x012f0fd8,1,47,40.56,278326652
4239,0x1096ebd5,0x061006ef,6,16,17.75,278326229
4240,0x1096ed92,0x020441f2,2,4,168.82,278326674
4241,0x1096ecff,0x000233ca,0,2,132.58,278326527
4242,0x1096ebd8,0x04075e02,4,7,240.66,278326232
4243,0x1096eded,0x05222093,5,34,83.39,278326765
4244,0x1096ee6b,0x073d11d6,7,61,45.66,278326891
4245,0x1096eba8,0x03022619,3,2,97.53,278326184
4246,0x1096ebd8,0x042e5e02,4,46,240.66,278326232
4247,0x1096ecff,0x004933ca,0,73,132.58,278326527
4248,0x1096ee0d,0x010a0fd5,1,10,40.53,278326797
4249,0x1096ebd5,0x062206ef,6,34,17.75,278326229
4250,0x1096ed92,0x020841f2,2,8,168.82,278326674
4251,0x1096ec2c,0x03162617,3,22,97.51,278326316
4252,0x1096ee8a,0x05092090,5,9,83.36,278326922
4253,0x1096ec89,0x04105df7,4,16,240.55,278326409
4254,0x1096ec6d,0x061306ed,6,19,17.73,278326381
4255,0x1096ee0d,0x012d0fd5,1,45,40.53,278326797
4256,0x1096ecff,0x001733ca,0,23,132.58,278326527
4257,0x1096ee6b,0x070411d6,7,4,45.66,278326891
4258,0x1096ed92,0x024541f2,2,69,168.82,278326674
4259,0x1096ec2c,0x03402617,3,64,97.51,278326316
4260,0x1096ec89,0x04265df7,4,38,240.55,278326409
4261,0x1096ed60,0x002d33c7,0,45,132.55,278326624
4262,0x1096ee6f,0x01040fd3,1,4,40.51,278326895
4263,0x1096eecf,0x070211d4,7,2,45.64,278326991
4264,0x1096ec6d,0x060106ed,6,1,17.73,278326381
4265,0x1096eefa,0x053b208f,5,59,83.35,278327034
4266,0x1096ecdf,0x030c260f,3,12,97.43,278326495
4267,0x1096ecd6,0x064506eb,6,69,17.71,278326486
4268,0x1096ed92,0x021041f2,2,16,168.82,278326674
4269,0x1096ed3c,0x0303260d,3,3,97.41,278326588
4270,0x1096ec89,0x04045df7,4,4,240.55,278326409
4271,0x1096ee6f,0x010f0fd3,1,15,40.51,278326895
4272,0x1096ed60,0x001633c7,0,22,132.55,278326624
4273,0x1096ed9e,0x061006e9,6,16,17.69,278326686
4274,0x1096eecf,0x070211d4,7,2,45.64,278326991
4275,0x1096ee03,0x022c41ed,2,44,168.77,278326787
4276,0x1096ef6a,0x0519208c,5,25,83.32,278327146
4277,0x1096edf1,0x001f33b6,0,31,132.38,278326769
4278,0x1096ece5,0x042d5ded,4,45,240.45,278326501
4279,0x1096ed3c,0x0311260d,3,17,97.41,278326588
4280,0x1096efbb,0x01210fcd,1,33,40.45,278327227
4281,0x1096ed9e,0x061b06e9,6,27,17.69,278326686
4282,0x1096eecf,0x073011d4,7,48,45.64,278326991
4283,0x1096ee03,0x021d41ed,2,29,168.77,278326787
4284,0x1096edf1,0x004633b6,0,70,132.38,278326769
4285,0x1096efda,0x05072086,5,7,83.26,278327258
4286,0x1096ef60,0x073311d3,7,51,45.63,278327136
4287,0x1096ed41,0x04555ddf,4,85,240.31,278326593
4288,0x1096ee71,0x020641ed,2,6,168.77,278326897
4289,0x1096ed3c,0x0304260d,3,4,97.41,278326588
4290,0x1096ee7a,0x001b33b1,0,27,132.33,278326906
4291,0x1096ed9e,0x061806e9,6,24,17.69,278326686
4292,0x1096ef60,0x070d11d3,7,13,45.63,278327136
4293,0x1096ed41,0x040e5ddf,4,14,240.31,278326593
4294,0x1096ee07,0x061f06e8,6,31,17.68,278326791
4295,0x1096f04a,0x050a2085,5,10,83.25,278327370
4296,0x1096ee71,0x020141ed,2,1,168.77,278326897
4297,0x1096ed3c,0x0302260d,3,2,97.41,278326588
4298,0x1096f022,0x01370fcb,1,55,40.43,278327330
4299,0x1096ee7a,0x001e33b1,0,30,132.33,278326906
4300,0x1096efc3,0x070511d1,7,5,45.61,278327235
4301,0x1096edce,0x041e5ddb,4,30,240.27,278326734
4302,0x1096ee13,0x03162607,3,22,97.35,278326803
4303,0x1096eedb,0x022641e8,2,38,168.72,278327003
4304,0x1096f05f,0x01050fcb,1,5,40.43,278327391
4305,0x1096eed7,0x000233ad,0,2,132.29,278326999
4306,0x1096ee7f,0x04395dbc,4,57,239.96,278326911
4307,0x1096ee07,0x061406e8,6,20,17.68,278326791
4308,0x1096ef41,0x020141dd,2,1,168.61,278327105
4309,0x1096ef5e,0x001733ab,0,23,132.27,278327134
4310,0x1096f04a,0x05172085,5,23,83.25,278327370
4311,0x1096efc3,0x070d11d1,7,13,45.61,278327235
4312,0x1096ee70,0x060b06e8,6,11,17.68,278326896
4313,0x1096f05f,0x011a0fcb,1,26,40.43,278327391
4314,0x1096ee13,0x03382607,3,56,97.35,278326803
4315,0x1096ee7f,0x04055dbc,4,5,239.96,278326911
4316,0x1096ef5e,0x001933ab,0,25,132.27,278327134
4317,0x1096ef41,0x020441dd,2,4,168.61,278327105
4318,0x1096f04a,0x051a2085,5,26,83.25,278327370
4319,0x1096efc3,0x070611d1,7,6,45.61,278327235
4320,0x1096ee70,0x060206e8,6,2,17.68,278326896
4321,0x1096ee6c,0x031a2605,3,26,97.33,278326892
4322,0x1096f14c,0x015d0fc7,1,93,40.39,278327628
4323,0x1096ee7f,0x04015dbc,4,1,239.96,278326911
4324,0x1096f0d0,0x072411ce,7,36,45.58,278327504
4325,0x1096ef5e,0x001233ab,0,18,132.27,278327134
4326,0x1096ef41,0x022e41dd,2,46,168.61,278327105
4327,0x1096ef00,0x041b5dae,4,27,239.82,278327040
4328,0x1096f132,0x070d11cd,7,13,45.57,278327602
4329,0x1096f04a,0x050a2085,5,10,83.25,278327370
4330,0x1096ee6c,0x032a2605,3,42,97.33,278326892
4331,0x1096ee70,0x061506e8,6,21,17.68,278326896
4332,0x1096ef5c,0x04015d97,4,1,239.59,278327132
4333,0x1096f1b0,0x01010fc2,1,1,40.34,278327728
4334,0x1096f0ba,0x0513207f,5,19,83.19,278327482
4335,0x1096ef5e,0x001a33ab,0,26,132.27,278327134
4336,0x1096ef08,0x060306e7,6,3,17.67,278327048
4337,0x1096ef41,0x020141dd,2,1,168.61,278327105
4338,0x1096f128,0x053b207a,5,59,83.14,278327592
4339,0x1096f132,0x075711cd,7,87,45.57,278327602
4340,0x1096ee6c,0x031c2605,3,28,97.33,278326892
4341,0x1096ef5c,0x04115d97,4,17,239.59,278327132
4342,0x1096f1b0,0x011a0fc2,1,26,40.34,278327728
4343,0x1096ef5e,0x000533ab,0,5,132.27,278327134
4344,0x1096eef9,0x030225f6,3,2,97.18,278327033
4345,0x1096ef08,0x062f06e7,6,47,17.67,278327048
4346,0x1096ef41,0x021241dd,2,18,168.61,278327105
4347,0x1096f21e,0x01060fbf,1,6,40.31,278327838
4348,0x1096efe5,0x001b33a2,0,27,132.18,278327269
4349,0x1096efad,0x034825e0,3,72,96.96,278327213
4350,0x1096f1eb,0x073c11cc,7,60,45.56,278327787
4351,0x1096f128,0x051a207a,5,26,83.14,278327592
4352,0x1096ef5c,0x04395d97,4,57,239.59,278327132
4353,0x1096efc2,0x060206e4,6,2,17.64,278327234
4354,0x1096efce,0x021041c7,2,16,168.39,278327246
4355,0x10967168,0x010601b7,1,6,4.39,278294888
4356,0x1096f06c,0x00013393,0,1,132.03,278327404
4357,0x1096f192,0x050b2077,5,11,83.11,278327698
4358,0x1096effb,0x04275d8f,4,39,239.51,278327291
4359,0x1096efad,0x030e25e0,3,14,96.96,278327213
4360,0x1096f11f,0x0009338d,0,9,131.97,278327583
4361,0x1096f1eb,0x071811cc,7,24,45.56,278327787
4362,0x1096efc2,0x061906e4,6,25,17.64,278327234
4363,0x1096efce,0x024d41c7,2,77,168.39,278327246
4364,0x1096f00a,0x031c25db,3,28,96.91,278327306
4365,0x1096f2d7,0x01090fbd,1,9,40.29,278328023
4366,0x1096effb,0x04015d8f,4,1,239.51,278327291
4367,0x1096f254,0x071511cc,7,21,45.56,278327892
4368,0x1096f026,0x062906e4,6,41,17.64,278327334
4369,0x1096f192,0x051e2077,5,30,83.11,278327698
4370,0x1096f062,0x032725d3,3,39,96.83,278327394
4371,0x1096f11f,0x0011338d,0,17,131.97,278327583
4372,0x1096f2b9,0x072111cc,7,33,45.56,278327993
4373,0x1096efce,0x020341c7,2,3,168.39,278327246
4374,0x1096f17c,0x000f338d,0,15,131.97,278327676
4375,0x1096effb,0x041a5d8f,4,26,239.51,278327291
4376,0x1096f2d7,0x01350fbd,1,53,40.29,278328023
4377,0x1096f026,0x060106e4,6,1,17.64,278327334
4378,0x1096f05b,0x023941bc,2,57,168.28,278327387
4379,0x1096f062,0x030c25d3,3,12,96.83,278327394
4380,0x1096f192,0x05092077,5,9,83.11,278327698
4381,0x1096f1d4,0x0020338d,0,32,131.97,278327764
4382,0x1096f345,0x010c0fbb,1,12,40.27,278328133
4383,0x1096f117,0x020b41a8,2,11,168.08,278327575
4384,0x1096f253,0x05172071,5,23,83.05,278327891
4385,0x1096f380,0x073511ca,7,53,45.54,278328192
4386,0x1096f0e5,0x032a25c3,3,42,96.67,278327525
4387,0x1096f026,0x060706e4,6,7,17.64,278327334
4388,0x1096f2e9,0x050d206f,5,13,83.03,278328041
4389,0x1096f153,0x030e25bd,3,14,96.61,278327635
4390,0x1096effb,0x040e5d8f,4,14,239.51,278327291
4391,0x1096f1d4,0x002c338d,0,44,131.97,278327764
4392,0x1096f057,0x041d5d8c,4,29,239.48,278327383
4393,0x1096f117,0x022a41a8,2,42,168.08,278327575
4394,0x1096f22c,0x0022338d,0,34,131.97,278327852
4395,0x1096f3ee,0x071a11c5,7,26,45.49,278328302
4396,0x1096f104,0x041b5d6f,4,27,239.19,278327556
4397,0x1096f026,0x062806e4,6,40,17.64,278327334
4398,0x1096f153,0x030625bd,3,6,96.61,278327635
4399,0x1096f3cf,0x01560fb8,1,86,40.24,278328271
4400,0x1096f2e9,0x0504206f,5,4,83.03,278328041
4401,0x1096f160,0x04155d67,4,21,239.11,278327648
4402,0x1096f1a6,0x031f25b3,3,31,96.51,278327718
4403,0x1096f0b4,0x062006e4,6,32,17.64,278327476
4404,0x1096f117,0x021441a8,2,20,168.08,278327575
4405,0x1096f22c,0x000f338d,0,15,131.97,278327852
4406,0x1096f353,0x0531206d,5,49,83.01,278328147
4407,0x1096f45c,0x071611c4,7,22,45.48,278328412
4408,0x1096f30a,0x00373385,0,55,131.89,278328074
4409,0x1096f2b4,0x031425a6,3,20,96.38,278327988
4410,0x1096f1d9,0x0211419a,2,17,167.94,278327769
4411,0x1096f415,0x05162068,5,22,82.96,278328341
4412,0x1096f3cf,0x01080fb8,1,8,40.24,278328271
4413,0x1096f160,0x044b5d67,4,75,239.11,278327648
4414,0x1096f35d,0x032725a3,3,39,96.35,278328157
4415,0x1096f23a,0x02214198,2,33,167.92,278327866
4416,0x1096f0b4,0x061406e4,6,20,17.64,278327476
4417,0x1096f20d,0x04135d67,4,19,239.11,278327821
4418,0x1096f45c,0x071011c4,7,16,45.48,278328412
4419,0x1096f2d3,0x021e4195,2,30,167.89,278328019
4420,0x1096f30a,0x002b3385,0,43,131.89,278328074
4421,0x1096f142,0x062c06e2,6,44,17.62,278327618
4422,0x1096f3cf,0x01040fb8,1,4,40.24,278328271
4423,0x1096f35d,0x032825a3,3,40,96.35,278328157
4424,0x1096f1a1,0x060206e1,6,2,17.61,278327713
4425,0x1096f40c,0x01060fb7,1,6,40.23,278328332
4426,0x1096f20d,0x04395d67,4,57,239.11,278327821
4427,0x1096f45c,0x070711c4,7,7,45.48,278328412
4428,0x1096f2d3,0x022e4195,2,46,167.89,278328019
4429,0x1096f417,0x031f25a3,3,31,96.35,278328343
4430,0x1096f3be,0x00243382,0,36,131.86,278328254
4431,0x1096f478,0x010a0fb6,1,10,40.22,278328440
4432,0x1096f269,0x041d5d58,4,29,238.96,278327913
4433,0x1096f4c0,0x071d11c3,7,29,45.47,278328512
4434,0x1096f447,0x00123381,0,18,131.85,278328391
4435,0x1096f4fb,0x030c25a2,3,12,96.34,278328571
4436,0x1096f4da,0x05312066,5,49,82.94,278328538
4437,0x1096f334,0x02144195,2,20,167.89,278328116
4438,0x1096f522,0x070f11c2,7,15,45.46,278328610
4439,0x1096f1a1,0x061d06e1,6,29,17.61,278327713
4440,0x1096f269,0x04315d58,4,49,238.96,278327913
4441,0x1096f51e,0x05182066,5,24,82.94,278328606
4442,0x1096f447,0x00263381,0,38,131.85,278328391
4443,0x1096f2f1,0x04225d51,4,34,238.89,278328049
4444,0x1096f55e,0x05092065,5,9,82.93,278328670
4445,0x1096f5e5,0x070911c2,7,9,45.46,278328805
4446,0x1096f4fb,0x035725a2,3,87,96.34,278328571
4447,0x1096f3e5,0x02214192,2,33,167.86,278328293
4448,0x1096f59c,0x01050fb2,1,5,40.18,278328732
4449,0x1096f238,0x060c06e1,6,12,17.61,278327864
4450,0x1096f447,0x00043381,0,4,131.85,278328391
4451,0x1096f5e5,0x070811c2,7,8,45.46,278328805
4452,0x1096f2f1,0x042a5d51,4,42,238.89,278328049
4453,0x1096f567,0x061006dd,6,16,17.57,278328679
4454,0x1096f55e,0x05302065,5,48,82.93,278328670
4455,0x1096f5ba,0x03282593,3,40,96.19,278328762
4456,0x1096f34d,0x04165d4e,4,22,238.86,278328141
4457,0x1096f3e5,0x021e4192,2,30,167.86,278328293
4458,0x1096f59c,0x010c0fb2,1,12,40.18,278328732
4459,0x1096f447,0x000b3381,0,11,131.85,278328391
4460,0x1096f446,0x02064191,2,6,167.85,278328390
4461,0x1096f4d0,0x00083381,0,8,131.85,278328528
4462,0x1096f567,0x060806dd,6,8,17.57,278328679
4463,0x1096f55e,0x05062065,5,6,82.93,278328670
4464,0x1096f34d,0x04195d4e,4,25,238.86,278328141
4465,0x1096f5ba,0x03042593,3,4,96.19,278328762
4466,0x1096f6a3,0x071c11ba,7,28,45.38,278328995
4467,0x1096f59c,0x01440fb2,1,68,40.18,278328732
4468,0x1096f627,0x05132060,5,19,82.88,278328871
4469,0x1096f4d0,0x00103381,0,16,131.85,278328528
4470,0x1096f640,0x03212592,3,33,96.18,278328896
4471,0x1096f446,0x02234191,2,35,167.85,278328390
4472,0x1096f34d,0x04075d4e,4,7,238.86,278328141
4473,0x1096f567,0x063f06dd,6,63,17.57,278328679
4474,0x1096f70e,0x071411b7,7,20,45.35,278329102
4475,0x1096f3a9,0x040d5d41,4,13,238.73,278328233
4476,0x1096f59c,0x01040fb2,1,4,40.18,278328732
4477,0x1096f698,0x0510205d,5,16,82.85,278328984
4478,0x1096f4d0,0x001b3381,0,27,131.85,278328528
4479,0x1096f5f5,0x060a06dd,6,10,17.57,278328821
4480,0x1096f6a5,0x03112581,3,17,96.01,278328997
4481,0x1096f5d9,0x01330fb2,1,51,40.18,278328793
4482,0x1096f446,0x021d4191,2,29,167.85,278328390
4483,0x1096f531,0x00013380,0,1,131.84,278328625
4484,0x1096f3a9,0x04135d41,4,19,238.73,278328233
4485,0x1096f5dd,0x02134169,2,19,167.45,278328797
4486,0x1096f779,0x072211b5,7,34,45.33,278329209
4487,0x1096f6a5,0x033b2581,3,59,96.01,278328997
4488,0x1096f49c,0x04465d3a,4,70,238.66,278328476
4489,0x1096f5f5,0x060d06dd,6,13,17.57,278328821
4490,0x1096f647,0x022f4169,2,47,167.45,278328903
4491,0x1096f531,0x001c3380,0,28,131.84,278328625
4492,0x1096f5d9,0x01030fb2,1,3,40.18,278328793
4493,0x1096f73a,0x0326257d,3,38,95.97,278329146
4494,0x1096f7e9,0x073a11b5,7,58,45.33,278329321
4495,0x1096f608,0x00073367,0,7,131.59,278328840
4496,0x1096f64a,0x01160faf,1,22,40.15,278328906
4497,0x1096f49c,0x04105d3a,4,16,238.66,278328476
4498,0x1096f5f5,0x060406dd,6,4,17.57,278328821
4499,0x1096f647,0x02024169,2,2,167.45,278328903
4500,0x1096f7c3,0x05482054,5,72,82.76,278329283
4501,0x1096f73a,0x0306257d,3,6,95.97,278329146
4502,0x1096f7e9,0x071c11b5,7,28,45.33,278329321
4503,0x1096f51d,0x041a5d28,4,26,238.48,278328605
4504,0x1096f608,0x00393367,0,57,131.59,278328840
4505,0x1096f691,0x063006dc,6,48,17.56,278328977
4506,0x1096f64a,0x011a0faf,1,26,40.15,278328906
4507,0x1096f663,0x002a3363,0,42,131.55,278328931
4508,0x1096f885,0x070911b5,7,9,45.33,278329477
4509,0x1096f647,0x02064169,2,6,167.45,278328903
4510,0x1096f716,0x01360fa9,1,54,40.09,278329110
4511,0x1096f7c3,0x05192054,5,25,82.76,278329283
4512,0x1096f51d,0x04375d28,4,55,238.48,278328605
4513,0x1096f73a,0x030a257d,3,10,95.97,278329146
4514,0x1096f691,0x062406dc,6,36,17.56,278328977
4515,0x1096f6dc,0x022c4161,2,44,167.37,278329052
4516,0x1096f663,0x00083363,0,8,131.55,278328931
4517,0x1096f79c,0x031b2556,3,27,95.58,278329244
4518,0x1096f807,0x050d2051,5,13,82.73,278329351
4519,0x1096f885,0x071711b5,7,23,45.33,278329477
4520,0x1096f6fe,0x062606dc,6,38,17.56,278329086
4521,0x1096f742,0x02274161,2,39,167.37,278329154
4522,0x1096f716,0x010f0fa9,1,15,40.09,278329110
4523,0x1096f51d,0x04035d28,4,3,238.48,278328605
4524,0x1096f663,0x000a3363,0,10,131.55,278328931
4525,0x1096f79c,0x03072556,3,7,95.58,278329244
4526,0x1096f878,0x0537204f,5,55,82.71,278329464
4527,0x1096f5a2,0x042d5d10,4,45,238.24,278328738
4528,0x1096f6fe,0x063e06dc,6,62,17.56,278329086
4529,0x1096f826,0x03282553,3,40,95.55,278329382
4530,0x1096f921,0x071f11b3,7,31,45.31,278329633
4531,0x1096f742,0x021a4161,2,26,167.37,278329154
4532,0x1096f663,0x00093363,0,9,131.55,278328931
4533,0x1096f716,0x011f0fa9,1,31,40.09,278329110
4534,0x1096f79b,0x062306da,6,35,17.54,278329243
4535,0x1096f807,0x0205415e,2,5,167.34,278329351
4536,0x1096f878,0x050d204f,5,13,82.71,278329464
4537,0x1096f5a2,0x04185d10,4,24,238.24,278328738
4538,0x1096f7ae,0x011d0fa3,1,29,40.03,278329262
4539,0x1096f86d,0x023e415d,2,62,167.33,278329453
4540,0x1096f921,0x071911b3,7,25,45.31,278329633
4541,0x1096f826,0x03172553,3,23,95.55,278329382
4542,0x1096f623,0x040d5cf9,4,13,238.01,278328867
4543,0x1096f663,0x00043363,0,4,131.55,278328931
4544,0x1096f884,0x03122550,3,18,95.52,278329476
4545,0x1096f79b,0x061a06da,6,26,17.54,278329243
4546,0x1096f6a8,0x04095ce1,4,9,237.77,278329000
4547,0x1096f9d0,0x05222049,5,34,82.65,278329808
4548,0x1096f7ae,0x013e0fa3,1,62,40.03,278329262
4549,0x1096f6e4,0x00093360,0,9,131.52,278329060
4550,0x1096f804,0x060f06d9,6,15,17.53,278329348
4551,0x1096f86d,0x0223415d,2,35,167.33,278329453
4552,0x1096f704,0x04015cd9,4,1,237.69,278329092
4553,0x1096f921,0x071411b3,7,20,45.31,278329633
4554,0x1096f739,0x00053348,0,5,131.28,278329145
4555,0x1096f884,0x03012550,3,1,95.52,278329476
4556,0x1096f846,0x01030fa2,1,3,40.02,278329414
4557,0x1096f932,0x02064153,2,6,167.23,278329650
4558,0x1096f7b9,0x00143341,0,20,131.21,278329273
4559,0x1096fa40,0x05012041,5,1,82.57,278329920
4560,0x1096f804,0x063406d9,6,52,17.53,278329348
4561,0x1096f98f,0x032b254d,3,43,95.49,278329743
4562,0x1096f704,0x041a5cd9,4,26,237.69,278329092
4563,0x1096f9f4,0x070411b0,7,4,45.28,278329844
4564,0x1096f838,0x000b3335,0,11,131.09,278329400
4565,0x1096fa1c,0x03092545,3,9,95.41,278329884
4566,0x1096f8b7,0x00073327,0,7,130.95,278329527
4567,0x1096f8de,0x01030f98,1,3,39.92,278329566
4568,0x1096f9f3,0x022d4151,2,45,167.21,278329843
4569,0x1096f704,0x042f5cd9,4,47,237.69,278329092
4570,0x1096f804,0x061906d9,6,25,17.53,278329348
4571,0x1096fab0,0x05012032,5,1,82.42,278330032
4572,0x1096f947,0x01050f97,1,5,39.91,278329671
4573,0x1096f9f4,0x074e11b0,7,78,45.28,278329844
4574,0x1096fa1c,0x030c2545,3,12,95.41,278329884
4575,0x1096f77b,0x04085cc8,4,8,237.52,278329211
4576,0x1096f897,0x061a06d9,6,26,17.53,278329495
4577,0x1096f8b7,0x00353327,0,53,130.95,278329527
4578,0x1096fa62,0x071011ae,7,16,45.26,278329954
4579,0x1096f9f3,0x02014151,2,1,167.21,278329843
4580,0x1096fadc,0x030d2533,3,13,95.23,278330076
4581,0x1096f92a,0x063006d9,6,48,17.53,278329642
4582,0x1096f947,0x01250f97,1,37,39.91,278329671
4583,0x1096fab0,0x05062032,5,6,82.42,278330032
4584,0x1096fa90,0x02384151,2,56,167.21,278330000
4585,0x1096f77b,0x04185cc8,4,24,237.52,278329211
4586,0x1096f8b7,0x00093327,0,9,130.95,278329527
4587,0x1096f957,0x000b331e,0,11,130.86,278329687
4588,0x1096fa62,0x072111ae,7,33,45.26,278329954
4589,0x1096fb71,0x03292532,3,41,95.22,278330225
4590,0x1096f92a,0x061006d9,6,16,17.53,278329642
4591,0x1096f947,0x01390f97,1,57,39.91,278329671
4592,0x1096f77b,0x042c5cc8,4,44,237.52,278329211
4593,0x1096fab0,0x050b2032,5,11,82.42,278330032
4594,0x1096fad0,0x070411ae,7,4,45.26,278330064
4595,0x1096fa90,0x021b4151,2,27,167.21,278330000
4596,0x1096f957,0x0025331e,0,37,130.86,278329687
4597,0x1096f9e1,0x01080f95,1,8,39.89,278329825
4598,0x1096fb01,0x0209414c,2,9,167.16,278330113
4599,0x1096fb71,0x03052532,3,5,95.22,278330225
4600,0x1096f92a,0x061106d9,6,17,17.53,278329642
4601,0x1096fb9a,0x02244144,2,36,167.08,278330266
4602,0x1096f77b,0x04175cc8,4,23,237.52,278329211
4603,0x1096fbd8,0x03102527,3,16,95.11,278330328
4604,0x1096fab0,0x050b2032,5,11,82.42,278330032
4605,0x1096f9bd,0x060306d9,6,3,17.53,278329789
4606,0x1096f957,0x0015331e,0,21,130.86,278329687
4607,0x1096f9e1,0x01390f95,1,57,39.89,278329825
4608,0x1096f802,0x04215cc7,4,33,237.51,278329346
4609,0x1096fa50,0x063306d9,6,51,17.53,278329936
4610,0x1096fad0,0x073911ae,7,57,45.26,278330064
4611,0x1096f9b1,0x0036331d,0,54,130.85,278329777
4612,0x1096f8e3,0x041f5cad,4,31,237.25,278329571
4613,0x1096fbd8,0x031a2527,3,26,95.11,278330328
4614,0x1096fb9a,0x02264144,2,38,167.08,278330266
4615,0x1096fb69,0x071411ad,7,20,45.25,278330217
4616,0x1096fab0,0x05182032,5,24,82.42,278330032
4617,0x1096f979,0x04065ca6,4,6,237.18,278329721
4618,0x1096f9e1,0x01140f95,1,20,39.89,278329825
4619,0x1096fa50,0x062206d9,6,34,17.53,278329936
4620,0x1096f9b1,0x001d331d,0,29,130.85,278329777
4621,0x1096fb23,0x0545202f,5,69,82.39,278330147
4622,0x1096fab4,0x064306d8,6,67,17.52,278330036
4623,0x1096fb69,0x070e11ad,7,14,45.25,278330217
4624,0x1096fc69,0x03172515,3,23,94.93,278330473
4625,0x1096fb9a,0x02054144,2,5,167.08,278330266
4626,0x1096f979,0x042f5ca6,4,47,237.18,278329721
4627,0x1096f9e1,0x010a0f95,1,10,39.89,278329825
4628,0x1096fcd2,0x034924fd,3,73,94.69,278330578
4629,0x1096fc02,0x072611ad,7,38,45.25,278330370
4630,0x1096f9b1,0x0002331d,0,2,130.85,278329777
4631,0x1096fa60,0x04165c9a,4,22,237.06,278329952
4632,0x1096fc62,0x0235413f,2,53,167.03,278330466
4633,0x1096fb23,0x0518202f,5,24,82.39,278330147
4634,0x1096fa8f,0x010f0f95,1,15,39.89,278329999
4635,0x1096faf7,0x001d3319,0,29,130.81,278330103
4636,0x1096fab4,0x061606d8,6,22,17.52,278330036
4637,0x1096fcd3,0x020a413d,2,10,167.01,278330579
4638,0x1096fb94,0x053d202e,5,61,82.38,278330260
4639,0x1096fb27,0x01020f94,1,2,39.88,278330151
4640,0x1096fb77,0x063406d8,6,52,17.52,278330231
4641,0x1096fa60,0x04045c9a,4,4,237.06,278329952
4642,0x1096fcd2,0x031524fd,3,21,94.69,278330578
4643,0x1096fc02,0x072611ad,7,38,45.25,278330370
4644,0x1096faf7,0x00433319,0,67,130.81,278330103
4645,0x1096fbdb,0x061106d8,6,17,17.52,278330331
4646,0x1096fc40,0x070511ad,7,5,45.25,278330432
4647,0x1096fb94,0x0508202e,5,8,82.38,278330260
4648,0x1096fb51,0x001532f9,0,21,130.49,278330193
4649,0x1096fb27,0x01200f94,1,32,39.88,278330151
4650,0x1096fa60,0x040e5c9a,4,14,237.06,278329952
4651,0x1096fc01,0x052f202c,5,47,82.36,278330369
4652,0x1096fd60,0x031124f1,3,17,94.57,278330720
4653,0x1096fb90,0x01260f91,1,38,39.85,278330256
4654,0x1096fd9f,0x021f412c,2,31,166.84,278330783
4655,0x1096fbdb,0x061606d8,6,22,17.52,278330331
4656,0x1096fb51,0x000932f9,0,9,130.49,278330193
4657,0x1096fc6a,0x0518202a,5,24,82.34,278330474
4658,0x1096fdc9,0x030524f1,3,5,94.57,278330825
4659,0x1096fd67,0x072811a6,7,40,45.18,278330727
4660,0x1096fc2c,0x011e0f8e,1,30,39.82,278330412
4661,0x1096fa60,0x040a5c9a,4,10,237.06,278329952
4662,0x1096fbdb,0x061e06d8,6,30,17.52,278330331
4663,0x1096fd9f,0x0207412c,2,7,166.84,278330783
4664,0x1096fb51,0x001a32f9,0,26,130.49,278330193
4665,0x1096fc6a,0x0504202a,5,4,82.34,278330474
4666,0x1096fc2c,0x011a0f8e,1,26,39.82,278330412
4667,0x1096fd67,0x070111a6,7,1,45.18,278330727
4668,0x1096fbd5,0x001832f2,0,24,130.42,278330325
4669,0x1096fde3,0x02064117,2,6,166.63,278330851
4670,0x1096fa60,0x042a5c9a,4,42,237.06,278329952
4671,0x1096fe03,0x071311a6,7,19,45.18,278330883
4672,0x1096fe61,0x031224ec,3,18,94.52,278330977
4673,0x1096fbdb,0x061006d8,6,16,17.52,278330331
4674,0x1096fac1,0x040f5c8d,4,15,236.93,278330049
4675,0x1096fc6a,0x0515202a,5,21,82.34,278330474
4676,0x1096fbd5,0x000732f2,0,7,130.42,278330325
4677,0x1096fc2c,0x012c0f8e,1,44,39.82,278330412
4678,0x1096fc9e,0x062c06d7,6,44,17.51,278330526
4679,0x1096fe54,0x0210410c,2,16,166.52,278330964
4680,0x1096fd0a,0x05212022,5,33,82.26,278330634
4681,0x1096fe03,0x070a11a6,7,10,45.18,278330883
4682,0x1096fc90,0x011f0f8b,1,31,39.79,278330512
4683,0x1096fd31,0x060506d7,6,5,17.51,278330673
4684,0x1096fac1,0x04255c8d,4,37,236.93,278330049
4685,0x1096fe61,0x032524ec,3,37,94.52,278330977
4686,0x1096fbd5,0x000832f2,0,8,130.42,278330325
4687,0x1096fcad,0x000a32e0,0,10,130.24,278330541
4688,0x1096fe54,0x0251410c,2,81,166.52,278330964
4689,0x1096fc90,0x013c0f8b,1,60,39.79,278330512
4690,0x1096fd0a,0x05412022,5,65,82.26,278330634
4691,0x1096fe03,0x073711a6,7,55,45.18,278330883
4692,0x1096fac1,0x040f5c8d,4,15,236.93,278330049
4693,0x1096fd31,0x062606d7,6,38,17.51,278330673
4694,0x1096fea5,0x032e24e8,3,46,94.48,278331045
4695,0x1096fe71,0x070f11a3,7,15,45.15,278330993
4696,0x1096fb46,0x04085c69,4,8,236.57,278330182
4697,0x1096fcad,0x001b32e0,0,27,130.24,278330541
4698,0x1096fe54,0x0203410c,2,3,166.52,278330964
4699,0x1096fbfe,0x04275c60,4,39,236.48,278330366
4700,0x1096fc90,0x01020f8b,1,2,39.79,278330512
4701,0x1096fd0a,0x05032022,5,3,82.26,278330634
4702,0x1096fd31,0x060e06d7,6,14,17.51,278330673
4703,0x1096fea5,0x030124e8,3,1,94.48,278331045
4704,0x1096fd07,0x001332db,0,19,130.19,278330631
4705,0x1096fce6,0x040e5c3d,4,14,236.13,278330598
4706,0x1096feed,0x021f40f3,2,31,166.27,278331117
4707,0x1096fcef,0x011b0f88,1,27,39.76,278330607
4708,0x1096fda3,0x0512201e,5,18,82.22,278330787
4709,0x1096fe71,0x072e11a3,7,46,45.15,278330993
4710,0x1096ff16,0x030124e8,3,1,94.48,278331158
4711,0x1096ffb7,0x020e40d5,2,14,165.97,278331319
4712,0x1096fdb8,0x012d0f87,1,45,39.75,278330808
4713,0x1096ff63,0x070d119d,7,13,45.09,278331235
4714,0x1096fd31,0x060806d7,6,8,17.51,278330673
4715,0x1096ff83,0x031824e3,3,24,94.43,278331267
4716,0x1096fd8d,0x002d32d9,0,45,130.17,278330765
4717,0x1096fce6,0x041b5c3d,4,27,236.13,278330598
4718,0x1096fe74,0x010c0f7f,1,12,39.67,278330996
4719,0x1096fda3,0x0509201e,5,9,82.22,278330787
4720,0x1096fdf0,0x060606d7,6,6,17.51,278330864
4721,0x1096fe0c,0x001032d4,0,16,130.12,278330892
4722,0x1096ffed,0x034924e3,3,73,94.43,278331373
4723,0x1096fdc6,0x04095c20,4,9,235.84,278330822
4724,0x1096fed8,0x01080f7e,1,8,39.66,278331096
4725,0x1096782f,0x061800c2,6,24,1.94,278296623
4726,0x1096ff63,0x0724119d,7,36,45.09,278331235
4727,0x1096fe0c,0x000732d4,0,7,130.12,278330892
4728,0x1096787d,0x060600c2,6,6,1.94,278296701
4729,0x1096fda3,0x054a201e,5,74,82.22,278330787
4730,0x1096fffc,0x073e119c,7,62,45.08,278331388
4731,0x1096ffb7,0x023640d5,2,54,165.97,278331319
4732,0x1096fdc6,0x041d5c20,4,29,235.84,278330822
4733,0x109700dd,0x030224d1,3,2,94.25,278331613
4734,0x10967d74,0x061300c1,6,19,1.93,278297972
4735,0x1096fe60,0x050f2019,5,15,82.17,278330976
4736,0x1096fe8c,0x042a5c1b,4,42,235.79,278331020
4737,0x1096fe0c,0x000632d4,0,6,130.12,278330892
4738,0x1096fed8,0x010b0f7e,1,11,39.66,278331096
4739,0x1096ffb7,0x020440d5,2,4,165.97,278331319
4740,0x1096fffc,0x0725119c,7,37,45.08,278331388
4741,0x1096fe60,0x052a2019,5,42,82.17,278330976
4742,0x10967d74,0x064400c1,6,68,1.93,278297972
4743,0x10970150,0x030124c8,3,1,94.16,278331728
4744,0x10970095,0x072b119a,7,43,45.06,278331541
4745,0x10970083,0x022740d4,2,39,165.96,278331523
4746,0x1096fe0c,0x000832d4,0,8,130.12,278330892
4747,0x1096fe8c,0x04175c1b,4,23,235.79,278331020
4748,0x1096fed8,0x010c0f7e,1,12,39.66,278331096
4749,0x1096fecd,0x05042016,5,4,82.14,278331085
4750,0x10968338,0x062200c0,6,34,1.92,278299448
4751,0x109700c5,0x021d40d3,2,29,165.95,278331589
4752,0x1096ff1e,0x04295c19,4,41,235.77,278331166
4753,0x10970132,0x0211409f,2,17,165.43,278331698
4754,0x10970150,0x032824c8,3,40,94.16,278331728
4755,0x10970095,0x072d119a,7,45,45.06,278331541
4756,0x1096fe0c,0x000d32d4,0,13,130.12,278330892
4757,0x1096fecd,0x05042016,5,4,82.14,278331085
4758,0x10968338,0x060b00c0,6,11,1.92,278299448
4759,0x1096fed8,0x01030f7e,1,3,39.66,278331096
4760,0x1097012e,0x07011199,7,1,45.05,278331694
4761,0x1096fe5c,0x004e32cf,0,78,130.07,278330972
4762,0x1096ff1e,0x04095c19,4,9,235.77,278331166
4763,0x1096ff66,0x011c0f7e,1,28,39.66,278331238
4764,0x1096837c,0x061200c0,6,18,1.92,278299516
4765,0x10970132,0x0214409f,2,20,165.43,278331698
4766,0x10970150,0x032624c8,3,38,94.16,278331728
4767,0x1096ffc5,0x01130f7e,1,19,39.66,278331333
4768,0x109683de,0x061e00c0,6,30,1.92,278299614
4769,0x1096fecd,0x051e2016,5,30,82.14,278331085
4770,0x109700e3,0x01010f7d,1,1,39.65,278331619
4771,0x1096ff1e,0x04195c19,4,25,235.77,278331166
4772,0x1096fe5c,0x000d32cf,0,13,130.07,278330972
4773,0x1097012e,0x07461199,7,70,45.05,278331694
4774,0x10968b81,0x060d00bf,6,13,1.91,278301569
4775,0x1096ff7f,0x04125c18,4,18,235.76,278331263
4776,0x109701c7,0x070d1197,7,13,45.03,278331847
4777,0x10970150,0x030324c8,3,3,94.16,278331728
4778,0x1096fee4,0x000f32c2,0,15,129.94,278331108
4779,0x10970132,0x021f409f,2,31,165.43,278331698
4780,0x1096fecd,0x05132016,5,19,82.14,278331085
4781,0x1096ff34,0x002b32bf,0,43,129.91,278331188
4782,0x109700e3,0x01300f7d,1,48,39.65,278331619
4783,0x1096ff62,0x05142016,5,20,82.14,278331234
4784,0x109702cf,0x061f06d5,6,31,17.49,278332111
4785,0x1096ff7f,0x04095c18,4,9,235.76,278331263
4786,0x10970150,0x031324c8,3,19,94.16,278331728
4787,0x10970223,0x020d4097,2,13,165.35,278331939
4788,0x109701c7,0x070b1197,7,11,45.03,278331847
4789,0x1097005d,0x052d2011,5,45,82.09,278331485
4790,0x1096ff34,0x003432bf,0,52,129.91,278331188
4791,0x109700de,0x04055bec,4,5,235.32,278331614
4792,0x109701c0,0x032524c1,3,37,94.09,278331840
4793,0x10970260,0x071d1196,7,29,45.02,278332000
4794,0x109700e3,0x01150f7d,1,21,39.65,278331619
4795,0x10970294,0x02194087,2,25,165.19,278332052
4796,0x10970173,0x040d5bb9,4,13,234.81,278331763
4797,0x109702cf,0x060606d5,6,6,17.49,278332111
4798,0x1096ffb4,0x002e32b8,0,46,129.84,278331316
4799,0x1097011d,0x013c0f7d,1,60,39.65,278331677
4800,0x1097005d,0x050f2011,5,15,82.09,278331485
4801,0x10970054,0x000432b0,0,4,129.76,278331476
4802,0x10970260,0x07201196,7,32,45.02,278332000
4803,0x109701c0,0x031f24c1,3,31,94.09,278331840
4804,0x109700c1,0x0542200a,5,66,82.02,278331585
4805,0x10970173,0x042c5bb9,4,44,234.81,278331763
4806,0x1097022e,0x030c24bb,3,12,94.03,278331950
4807,0x109702cf,0x061706d5,6,23,17.49,278332111
4808,0x1097011d,0x011c0f7d,1,28,39.65,278331677
4809,0x10970158,0x05091fff,5,9,81.91,278331736
4810,0x10970054,0x000132b0,0,1,129.76,278331476
4811,0x10970396,0x02074077,2,7,165.03,278332310
4812,0x10970298,0x032024aa,3,32,93.86,278332056
4813,0x109701df,0x01030f77,1,3,39.59,278331871
4814,0x10970260,0x071e1196,7,30,45.02,278332000
4815,0x109700d4,0x001632ae,0,22,129.74,278331604
4816,0x109702fe,0x030d2493,3,13,93.63,278332158
4817,0x10970173,0x04045bb9,4,4,234.81,278331763
4818,0x109702c9,0x01110f76,1,17,39.58,278332105
4819,0x109702cf,0x061006d5,6,16,17.49,278332111
4820,0x109702f9,0x07231195,7,35,45.01,278332153
4821,0x10970158,0x051f1fff,5,31,81.91,278331736
4822,0x10970124,0x001532ad,0,21,129.73,278331684
4823,0x1097032f,0x01030f75,1,3,39.57,278332207
4824,0x10970396,0x02084077,2,8,165.03,278332310
4825,0x10970342,0x061506d5,6,21,17.49,278332226
4826,0x109703ee,0x070c1190,7,12,44.96,278332398
4827,0x10970173,0x04095bb9,4,9,234.81,278331763
4828,0x109703da,0x021f4075,2,31,165.01,278332378
4829,0x109702fe,0x03482493,3,72,93.63,278332158
4830,0x109703b3,0x062d06d4,6,45,17.48,278332339
4831,0x10970158,0x051d1fff,5,29,81.91,278331736
4832,0x10970124,0x001932ad,0,25,129.73,278331684
4833,0x10970208,0x04195bb2,4,25,234.74,278331912
4834,0x10970448,0x02094075,2,9,165.01,278332488
4835,0x10970420,0x060f06d4,6,15,17.48,278332448
4836,0x109703ee,0x07261190,7,38,44.96,278332398
4837,0x1097032f,0x01330f75,1,51,39.57,278332207
4838,0x10970243,0x05171fe9,5,23,81.69,278331971
4839,0x109703bf,0x01140f75,1,20,39.57,278332351
4840,0x109702fe,0x03052493,3,5,93.63,278332158
4841,0x10970124,0x001a32ad,0,26,129.73,278331684
4842,0x10970208,0x04105bb2,4,16,234.74,278331912
4843,0x1097038e,0x03272489,3,39,93.53,278332302
4844,0x10970448,0x02284075,2,40,165.01,278332488
4845,0x10970243,0x05181fe9,5,24,81.69,278331971
4846,0x10970174,0x0017329f,0,23,129.59,278331764
4847,0x109703ee,0x07171190,7,23,44.96,278332398
4848,0x10970420,0x060506d4,6,5,17.48,278332448
4849,0x109702f6,0x04265b9b,4,38,234.51,278332150
4850,0x10970479,0x0303246b,3,3,93.23,278332537
4851,0x109701d6,0x001f3298,0,31,129.52,278331862
4852,0x109702a2,0x05031fe5,5,3,81.65,278332066
4853,0x10970513,0x062a06d3,6,42,17.47,278332691
4854,0x109703bf,0x01340f75,1,52,39.57,278332351
4855,0x109704ae,0x010f0f72,1,15,39.54,278332590
4856,0x1097036d,0x05211fe1,5,33,81.61,278332269
4857,0x10970448,0x021b4075,2,27,165.01,278332488
4858,0x109703ee,0x070c1190,7,12,44.96,278332398
4859,0x109702f6,0x040c5b9b,4,12,234.51,278332150
4860,0x109701d6,0x00123298,0,18,129.52,278331862
4861,0x10970479,0x031b246b,3,27,93.23,278332537
4862,0x109703b2,0x041e5b8a,4,30,234.34,278332338
4863,0x10970267,0x0015328e,0,21,129.42,278332007
4864,0x10970513,0x060706d3,6,7,17.47,278332691
4865,0x10970448,0x02094075,2,9,165.01,278332488
4866,0x109704ae,0x013c0f72,1,60,39.54,278332590
4867,0x1097036d,0x05021fe1,5,2,81.61,278332269
4868,0x109703ee,0x07051190,7,5,44.96,278332398
4869,0x10970267,0x0007328e,0,7,129.42,278332007
4870,0x10970479,0x030e246b,3,14,93.23,278332537
4871,0x109703b2,0x04025b8a,4,2,234.34,278332338
4872,0x109705e2,0x055d1fd4,5,93,81.48,278332898
4873,0x10970514,0x071f1188,7,31,44.88,278332692
4874,0x10970513,0x062606d3,6,38,17.47,278332691
4875,0x109704e3,0x03402466,3,64,93.18,278332643
4876,0x109703d9,0x00183263,0,24,128.99,278332377
4877,0x10970448,0x020d4075,2,13,165.01,278332488
4878,0x10970582,0x070f1184,7,15,44.84,278332802
4879,0x10970547,0x010d0f71,1,13,39.53,278332743
4880,0x109705b4,0x060406d2,6,4,17.46,278332852
4881,0x109705a4,0x03152464,3,21,93.16,278332836
4882,0x1097050d,0x023a406c,2,58,164.92,278332685
4883,0x10970495,0x0019325d,0,25,128.93,278332565
4884,0x109703b2,0x041b5b8a,4,27,234.34,278332338
4885,0x109705e1,0x01190f71,1,25,39.53,278332897
4886,0x109705e2,0x05071fd4,5,7,81.48,278332898
4887,0x109704f3,0x00223253,0,34,128.83,278332659
4888,0x10970582,0x071a1184,7,26,44.84,278332802
4889,0x1097067f,0x05081fd4,5,8,81.48,278333055
4890,0x109705b4,0x064b06d2,6,75,17.46,278332852
4891,0x1097050d,0x0202406c,2,2,164.92,278332685
4892,0x109705a4,0x03192464,3,25,93.16,278332836
4893,0x109703b2,0x040c5b8a,4,12,234.34,278332338
4894,0x109705ec,0x07031184,7,3,44.84,278332908
4895,0x109705e1,0x012a0f71,1,42,39.53,278332897
4896,0x10970625,0x061806cf,6,24,17.43,278332965
4897,0x109704f3,0x00293253,0,41,128.83,278332659
4898,0x1097057b,0x020a4044,2,10,164.52,278332795
4899,0x1097060e,0x030c2457,3,12,93.03,278332942
4900,0x109706ad,0x0741117f,7,65,44.79,278333101
4901,0x10970418,0x04025b81,4,2,234.25,278332440
4902,0x1097067f,0x052a1fd4,5,42,81.48,278333055
4903,0x109705e5,0x022b4044,2,43,164.52,278332901
4904,0x109706d0,0x031d2451,3,29,92.97,278333136
4905,0x1097047a,0x042d5b6b,4,45,234.03,278332538
4906,0x109705e1,0x01080f71,1,8,39.53,278332897
4907,0x109704f3,0x00123253,0,18,128.83,278332659
4908,0x1097064b,0x020e4041,2,14,164.49,278333003
4909,0x10970625,0x063206cf,6,50,17.43,278332965
4910,0x109706ad,0x0706117f,7,6,44.79,278333101
4911,0x109705a6,0x00533242,0,83,128.66,278332838
4912,0x1097064e,0x01340f71,1,52,39.53,278333006
4913,0x1097067f,0x05081fd4,5,8,81.48,278333055
4914,0x1097047a,0x04145b6b,4,20,234.03,278332538
4915,0x10970798,0x032e2450,3,46,92.96,278333336
4916,0x109706ea,0x010e0f6f,1,14,39.51,278333162
4917,0x10970625,0x060b06cf,6,11,17.43,278332965
4918,0x10970505,0x042d5b49,4,45,233.69,278332677
4919,0x1097071c,0x05181fcf,5,24,81.43,278333212
4920,0x109706d8,0x021e4028,2,30,164.24,278333144
4921,0x109705a6,0x00073242,0,7,128.66,278332838
4922,0x109706ad,0x0710117f,7,16,44.79,278333101
4923,0x109706fe,0x00113212,0,17,128.18,278333182
4924,0x10970798,0x03212450,3,33,92.96,278333336
4925,0x10970772,0x0724117f,7,36,44.79,278333298
4926,0x109706be,0x062106ce,6,33,17.42,278333118
4927,0x10970505,0x04235b49,4,35,233.69,278332677
4928,0x10970819,0x011c0f6b,1,28,39.47,278333465
4929,0x1097071c,0x05101fcf,5,16,81.43,278333212
4930,0x1097075c,0x001b31fb,0,27,127.95,278333276
4931,0x109706d8,0x02074028,2,7,164.24,278333144
4932,0x109707e0,0x0713117f,7,19,44.79,278333408
4933,0x1097080b,0x032c244d,3,44,92.93,278333451
4934,0x10970590,0x04105b20,4,16,233.28,278332816
4935,0x1097061b,0x04075b07,4,7,233.03,278332955
4936,0x10970758,0x061906ce,6,25,17.42,278333272
4937,0x10970819,0x012c0f6b,1,44,39.47,278333465
4938,0x1097075c,0x000631fb,0,6,127.95,278333276
4939,0x1097071c,0x051a1fcf,5,26,81.43,278333212
4940,0x109706d8,0x02124028,2,18,164.24,278333144
4941,0x109707e0,0x070a117f,7,10,44.79,278333408
4942,0x109707e5,0x005f31f7,0,95,127.91,278333413
4943,0x1097078d,0x05071fc6,5,7,81.34,278333325
4944,0x109707c3,0x02134027,2,19,164.23,278333379
4945,0x109708a6,0x0715117a,7,21,44.74,278333606
4946,0x1097061b,0x041c5b07,4,28,233.03,278332955
4947,0x10970758,0x062306ce,6,35,17.42,278333272
4948,0x10970819,0x01160f6b,1,22,39.47,278333465
4949,0x109708a8,0x030f2446,3,15,92.86,278333608
4950,0x10970834,0x021a401f,2,26,164.15,278333492
4951,0x10970677,0x042d5af6,4,45,232.86,278333047
4952,0x109707e5,0x000431f7,0,4,127.91,278333413
4953,0x1097087b,0x063d06cb,6,61,17.39,278333563
4954,0x109708ec,0x031b242e,3,27,92.62,278333676
4955,0x10970889,0x011c0f66,1,28,39.42,278333577
4956,0x1097078d,0x052a1fc6,5,42,81.34,278333325
4957,0x1097091d,0x003f31f5,0,63,127.89,278333725
4958,0x109708a6,0x072e117a,7,46,44.74,278333606
4959,0x10970677,0x042b5af6,4,43,232.86,278333047
4960,0x10970834,0x023f401f,2,63,164.15,278333492
4961,0x10970940,0x07051179,7,5,44.73,278333760
4962,0x109708ec,0x031f242e,3,31,92.62,278333676
4963,0x109706dd,0x04385aeb,4,56,232.75,278333149
4964,0x1097087b,0x061306cb,6,19,17.39,278333563
4965,0x1097078d,0x05251fc6,5,37,81.34,278333325
4966,0x109708a1,0x02074003,2,7,163.87,278333601
4967,0x1097091d,0x000731f5,0,7,127.89,278333725
4968,0x10967176,0x030c04dc,3,12,12.44,278294902
4969,0x1097082a,0x05301fba,5,48,81.22,278333482
4970,0x109708ec,0x060606ca,6,6,17.38,278333676
4971,0x109709bc,0x01380f62,1,56,39.38,278333884
4972,0x10970940,0x07291179,7,41,44.73,278333760
4973,0x10970897,0x050e1fb9,5,14,81.21,278333591
4974,0x109706dd,0x04165aeb,4,22,232.75,278333149
4975,0x10970965,0x020f3fe9,2,15,163.61,278333797
4976,0x109709da,0x07321175,7,50,44.69,278333914
4977,0x1097091d,0x001631f5,0,22,127.89,278333725
4978,0x109707a4,0x04245acd,4,36,232.45,278333348
4979,0x109708ec,0x061706ca,6,23,17.38,278333676
4980,0x109709fe,0x02323fe9,2,50,163.61,278333950
4981,0x109709ab,0x004631ee,0,70,127.82,278333867
4982,0x10970829,0x04215abd,4,33,232.29,278333481
4983,0x10970897,0x05501fb9,5,80,81.21,278333591
4984,0x10970988,0x062406c8,6,36,17.36,278333832
4985,0x10970a31,0x012c0f60,1,44,39.36,278334001
4986,0x10970a0d,0x000331e8,0,3,127.76,278333965
4987,0x10970a1c,0x0315242a,3,21,92.58,278333980
4988,0x109709da,0x07021175,7,2,44.69,278333914
4989,0x10970a60,0x0323241d,3,35,92.45,278334048
4990,0x10970a9b,0x02033fe6,2,3,163.58,278334107
4991,0x10970829,0x043f5abd,4,63,232.29,278333481
4992,0x10970897,0x05031fb9,5,3,81.21,278333591
4993,0x10970a0d,0x000c31e8,0,12,127.76,278333965
4994,0x10967176,0x031404dc,3,20,12.44,278294902
4995,0x109708dd,0x04055aba,4,5,232.26,278333661
4996,0x1097092c,0x05071fb6,5,7,81.18,278333740
4997,0x10970a74,0x070c1174,7,12,44.68,278334068
4998,0x10970a31,0x01010f60,1,1,39.36,278334001
4999,0x10970a26,0x066006c5,6,96,17.33,278333990
5000,0x10970995,0x051f1fb4,5,31,81.16,278333845
5001,0x10970a9b,0x02163fe6,2,22,163.58,278334107
5002,0x10970ae2,0x070c1173,7,12,44.67,278334178
5003,0x10970a0d,0x003b31e8,0,59,127.76,278333965
5004,0x10970a54,0x05231fa8,5,35,81.04,278334036
5005,0x109708dd,0x04365aba,4,54,232.26,278333661
5006,0x10970a26,0x060306c5,6,3,17.33,278333990
5007,0x10970a31,0x011b0f60,1,27,39.36,278334001
5008,0x10970b29,0x0318241b,3,24,92.43,278334249
5009,0x10970a0d,0x000c31e8,0,12,127.76,278333965
5010,0x10970a9b,0x020e3fe6,2,14,163.58,278334107
5011,0x10970b83,0x07591172,7,89,44.66,278334339
5012,0x10970abf,0x065206c5,6,82,17.33,278334143
5013,0x10970ac6,0x002231ca,0,34,127.46,278334150
5014,0x10970a54,0x05171fa8,5,23,81.04,278334036
5015,0x109708dd,0x04145aba,4,20,232.26,278333661
5016,0x10970abd,0x05251f9b,5,37,80.91,278334141
5017,0x109709f5,0x04235ab2,4,35,232.18,278333941
5018,0x10970bf6,0x070a1171,7,10,44.65,278334454
5019,0x10970b29,0x0335241b,3,53,92.43,278334249
5020,0x10970a31,0x01170f60,1,23,39.36,278334001
5021,0x10970a9b,0x02313fe6,2,49,163.58,278334107
5022,0x10970abf,0x060806c5,6,8,17.33,278334143
5023,0x10970ab8,0x04275aa2,4,39,232.02,278334136
5024,0x10970ac6,0x000831ca,0,8,127.46,278334150
5025,0x10970ac2,0x01260f5f,1,38,39.35,278334146
5026,0x10970b0e,0x02113fce,2,17,163.34,278334222
5027,0x10970b28,0x004631c1,0,70,127.37,278334248
5028,0x10970bf6,0x07191171,7,25,44.65,278334454
5029,0x10970b4a,0x04065a9c,4,6,231.96,278334282
5030,0x10970abd,0x05411f9b,5,65,80.91,278334141
5031,0x10970b29,0x0306241b,3,6,92.43,278334249
5032,0x10970b51,0x01050f5f,1,5,39.35,278334289
5033,0x10970abf,0x060506c5,6,5,17.33,278334143
5034,0x10970c3c,0x050c1f93,5,12,80.83,278334524
5035,0x10970b28,0x000a31c1,0,10,127.37,278334248
5036,0x10970b0e,0x02063fce,2,6,163.34,278334222
5037,0x10970aff,0x060706c5,6,7,17.33,278334207
5038,0x10970b4a,0x04375a9c,4,55,231.96,278334282
5039,0x10970c95,0x0728116a,7,40,44.58,278334613
5040,0x10970b29,0x030b241b,3,11,92.43,278334249
5041,0x10970b7f,0x023a3fc8,2,58,163.28,278334335
5042,0x10970b6c,0x062206c3,6,34,17.31,278334316
5043,0x10970b6d,0x032d2414,3,45,92.36,278334317
5044,0x10970bec,0x02013fc4,2,1,163.24,278334444
5045,0x10970b28,0x001331c1,0,19,127.37,278334248
5046,0x10970ce0,0x05091f8b,5,9,80.75,278334688
5047,0x10970b86,0x000c31bf,0,12,127.35,278334342
5048,0x10970bb0,0x045d5a7a,4,93,231.62,278334384
5049,0x10970c95,0x0713116a,7,19,44.58,278334613
5050,0x10970b51,0x01090f5f,1,9,39.35,278334289
5051,0x10970b6c,0x063006c3,6,48,17.31,278334316
5052,0x10970c98,0x04035a70,4,3,231.52,278334616
5053,0x10970b6d,0x03052414,3,5,92.36,278334317
5054,0x10970bdb,0x010f0f5e,1,15,39.34,278334427
5055,0x10970c84,0x02293fc2,2,41,163.22,278334596
5056,0x10970c01,0x060306c3,6,3,17.31,278334465
5057,0x10970b86,0x001931bf,0,25,127.35,278334342
5058,0x10970bde,0x03122405,3,18,92.21,278334430
5059,0x10970c95,0x0704116a,7,4,44.58,278334613
5060,0x10968b81,0x060e00bf,6,14,1.91,278301569
5061,0x10970c98,0x042d5a70,4,45,231.52,278334616
5062,0x10970d08,0x07121169,7,18,44.57,278334728
5063,0x10970d48,0x025b3fc1,2,91,163.21,278334792
5064,0x10970bdb,0x01090f5e,1,9,39.34,278334427
5065,0x10970b86,0x002931bf,0,41,127.35,278334342
5066,0x10970bde,0x03092405,3,9,92.21,278334430
5067,0x10970c0c,0x000a31ad,0,10,127.17,278334476
5068,0x10970df3,0x062806c1,6,40,17.29,278334963
5069,0x10970cbc,0x01590f5e,1,89,39.34,278334652
5070,0x10970c98,0x04145a70,4,20,231.52,278334616
5071,0x10970d92,0x050a1f84,5,10,80.68,278334866
5072,0x10970d08,0x07271169,7,39,44.57,278334728
5073,0x10970d48,0x02023fc1,2,2,163.21,278334792
5074,0x10970bde,0x032a2405,3,42,92.21,278334430
5075,0x10970d05,0x04095a53,4,9,231.23,278334725
5076,0x10970c0c,0x001231ad,0,18,127.17,278334476
5077,0x10970dba,0x02413fab,2,65,162.99,278334906
5078,0x10970c4b,0x031423ff,3,20,92.15,278334539
5079,0x10970da1,0x04465a23,4,70,230.75,278334881
5080,0x10970df3,0x061006c1,6,16,17.29,278334963
5081,0x10970cbc,0x010d0f5e,1,13,39.34,278334652
5082,0x10970d08,0x07201169,7,32,44.57,278334728
5083,0x10970d92,0x05261f84,5,38,80.68,278334866
5084,0x10970cb4,0x031123ef,3,17,91.99,278334644
5085,0x10970c92,0x000c31a7,0,12,127.11,278334610
5086,0x10970d79,0x07121165,7,18,44.53,278334841
5087,0x10970d6e,0x001a31a3,0,26,127.07,278334830
5088,0x10970d07,0x01200f5c,1,32,39.32,278334727
5089,0x10970d44,0x031123ef,3,17,91.99,278334788
5090,0x10970dba,0x02093fab,2,9,162.99,278334906
5091,0x10970de2,0x053b1f83,5,59,80.67,278334946
5092,0x10970da1,0x04055a23,4,5,230.75,278334881
5093,0x10970e66,0x060c06c0,6,12,17.28,278335078
5094,0x10970dd4,0x030423eb,3,4,91.95,278334932
5095,0x10970e2b,0x02023f9f,2,2,162.87,278335019
5096,0x10970e0e,0x040f59d1,4,15,229.93,278334990
5097,0x10970d6e,0x001d31a3,0,29,127.07,278334830
5098,0x10970d79,0x070a1165,7,10,44.53,278334841
5099,0x10970de2,0x05181f83,5,24,80.67,278334946
5100,0x10970e66,0x060806c0,6,8,17.28,278335078
5101,0x10970dd4,0x031723eb,3,23,91.95,278334932
5102,0x10970e2b,0x02413f9f,2,65,162.87,278335019
5103,0x10970e0e,0x040259d1,4,2,229.93,278334990
5104,0x1096789d,0x050a0383,5,10,8.99,278296733
5105,0x10970d6e,0x000731a3,0,7,127.07,278334830
5106,0x10970d07,0x010a0f5c,1,10,39.32,278334727
5107,0x10970d79,0x07391165,7,57,44.53,278334841
5108,0x10967bd1,0x052c037f,5,44,8.95,278297553
5109,0x10970ec4,0x02053f97,2,5,162.79,278335172
5110,0x10970dc8,0x000d3199,0,13,126.97,278334920
5111,0x10970db9,0x01260f5c,1,38,39.32,278334905
5112,0x10970e66,0x061d06c0,6,29,17.28,278335078
5113,0x10970e15,0x0705115f,7,5,44.47,278334997
5114,0x10970dd4,0x030e23eb,3,14,91.95,278334932
5115,0x10970e5a,0x002f3194,0,47,126.92,278335066
5116,0x10970e0e,0x041959d1,4,25,229.93,278334990
5117,0x10970ed4,0x063806c0,6,56,17.28,278335188
5118,0x10970ff5,0x05061f5a,5,6,80.26,278335477
5119,0x10970e38,0x032b23ea,3,43,91.94,278335032
5120,0x10970ed2,0x041059ab,4,16,229.55,278335186
5121,0x10970ec4,0x02193f97,2,25,162.79,278335172
5122,0x10970e15,0x0711115f,7,17,44.47,278334997
5123,0x10970e5a,0x00353194,0,53,126.92,278335066
5124,0x10970e6b,0x01010f5b,1,1,39.31,278335083
5125,0x10970ed4,0x062406c0,6,36,17.28,278335188
5126,0x10970f1b,0x0016318d,0,22,126.85,278335259
5127,0x10970e38,0x032023ea,3,32,91.94,278335032
5128,0x10971070,0x05481f59,5,72,80.25,278335600
5129,0x10970ec4,0x023e3f97,2,62,162.79,278335172
5130,0x10970ed2,0x041f59ab,4,31,229.55,278335186
5131,0x10970f42,0x061906bf,6,25,17.27,278335298
5132,0x10970e15,0x073a115f,7,58,44.47,278334997
5133,0x10970f4f,0x032b23e8,3,43,91.92,278335311
5134,0x10970f5d,0x02053f79,2,5,162.49,278335325
5135,0x10970e82,0x0715115f,7,21,44.47,278335106
5136,0x10970e6b,0x01350f5b,1,53,39.31,278335083
5137,0x10970f1b,0x001c318d,0,28,126.85,278335259
5138,0x10970ff6,0x02103f5f,2,16,162.23,278335478
5139,0x10970f42,0x063806bf,6,56,17.27,278335298
5140,0x1097105f,0x041d5968,4,29,228.88,278335583
5141,0x10970f7d,0x00273183,0,39,126.75,278335357
5142,0x109710eb,0x05011f56,5,1,80.22,278335723
5143,0x10970f1e,0x01010f5b,1,1,39.31,278335262
5144,0x10970f4f,0x030723e8,3,7,91.92,278335311
5145,0x10970fac,0x061006be,6,16,17.26,278335404
5146,0x10970e82,0x0715115f,7,21,44.47,278335106
5147,0x10970ff6,0x020f3f5f,2,15,162.23,278335478
5148,0x1097103f,0x061006be,6,16,17.26,278335551
5149,0x1097105f,0x040b5968,4,11,228.88,278335583
5150,0x10970f7d,0x001d3183,0,29,126.75,278335357
5151,0x10970f17,0x071c115e,7,28,44.46,278335255
5152,0x109710eb,0x05041f56,5,4,80.22,278335723
5153,0x10970f4f,0x032623e8,3,38,91.92,278335311
5154,0x109710d1,0x060206be,6,2,17.26,278335697
5155,0x10970f1e,0x01110f5b,1,17,39.31,278335262
5156,0x10970f80,0x0711115d,7,17,44.45,278335360
5157,0x10970fbc,0x031423e0,3,20,91.84,278335420
5158,0x1097105f,0x041b5968,4,27,228.88,278335583
5159,0x10971014,0x07081159,7,8,44.41,278335508
5160,0x10970f65,0x01150f5b,1,21,39.31,278335333
5161,0x10970f7d,0x000a3183,0,10,126.75,278335357
5162,0x109710d1,0x061b06be,6,27,17.26,278335697
5163,0x1097102f,0x00563182,0,86,126.74,278335535
5164,0x10970ff6,0x02023f5f,2,2,162.23,278335478
5165,0x109710eb,0x05231f56,5,35,80.22,278335723
5166,0x10970fbc,0x032923e0,3,41,91.84,278335420
5167,0x10971186,0x021f3f55,2,31,162.13,278335878
5168,0x1097105f,0x04055968,4,5,228.88,278335583
5169,0x10970f65,0x01150f5b,1,21,39.31,278335333
5170,0x10971014,0x07131159,7,19,44.41,278335508
5171,0x109711c8,0x02173f4a,2,23,162.02,278335944
5172,0x109710cd,0x04125966,4,18,228.86,278335693
5173,0x109711be,0x060406bd,6,4,17.25,278335934
5174,0x1097102f,0x00013182,0,1,126.74,278335535
5175,0x10970fbc,0x031923e0,3,25,91.84,278335420
5176,0x10971012,0x01150f5b,1,21,39.31,278335506
5177,0x1097122c,0x061206bd,6,18,17.25,278336044
5178,0x109710bc,0x00013173,0,1,126.59,278335676
5179,0x10971014,0x07471159,7,71,44.41,278335508
5180,0x10971143,0x0041316e,0,65,126.54,278335811
5181,0x109711c8,0x023d3f4a,2,61,162.02,278335944
5182,0x10971197,0x0442594e,4,66,228.62,278335895
5183,0x109711b4,0x05111f55,5,17,80.21,278335924
5184,0x10971202,0x07071154,7,7,44.36,278336002
5185,0x10970fbc,0x030e23e0,3,14,91.84,278335420
5186,0x1097119d,0x000a316c,0,10,126.52,278335901
5187,0x10971012,0x011f0f5b,1,31,39.31,278335506
5188,0x1097122c,0x062606bd,6,38,17.25,278336044
5189,0x10971054,0x032323df,3,35,91.83,278335572
5190,0x1097128e,0x02233f42,2,35,161.94,278336142
5191,0x10971197,0x0408594e,4,8,228.62,278335895
5192,0x10971202,0x070c1154,7,12,44.36,278336002
5193,0x109711b4,0x05471f55,5,71,80.21,278335924
5194,0x1097119d,0x0004316c,0,4,126.52,278335901
5195,0x10971201,0x0423594a,4,35,228.58,278336001
5196,0x10971012,0x01260f5b,1,38,39.31,278335506
5197,0x1097122c,0x062306bd,6,35,17.25,278336044
5198,0x10971232,0x00093162,0,9,126.42,278336050
5199,0x10971054,0x030e23df,3,14,91.83,278335572
5200,0x10971234,0x050c1f55,5,12,80.21,278336052
5201,0x10971296,0x0410591e,4,16,228.14,278336150
5202,0x1097128e,0x02013f42,2,1,161.94,278336142
5203,0x109712c9,0x060c06bc,6,12,17.24,278336201
5204,0x1097131b,0x0014315c,0,20,126.36,278336283
5205,0x10971202,0x07061154,7,6,44.36,278336002
5206,0x1097135e,0x02163f38,2,22,161.84,278336350
5207,0x10971054,0x033423df,3,52,91.83,278335572
5208,0x10971012,0x010b0f5b,1,11,39.31,278335506
5209,0x109672cc,0x02490745,2,73,18.61,278295244
5210,0x10971296,0x0401591e,4,1,228.14,278336150
5211,0x10971234,0x052b1f55,5,43,80.21,278336052
5212,0x109712c9,0x060e06bc,6,14,17.24,278336201
5213,0x109713dd,0x00053150,0,5,126.24,278336477
5214,0x109710ec,0x032e23d4,3,46,91.72,278335724
5215,0x10971202,0x07181154,7,24,44.36,278336002
5216,0x10971099,0x01140f59,1,20,39.29,278335641
5217,0x10971303,0x0422590a,4,34,227.94,278336259
5218,0x10971281,0x05361f55,5,54,80.21,278336129
5219,0x1097133a,0x063106bc,6,49,17.24,278336314
5220,0x1097142e,0x022c3f37,2,44,161.83,278336558
5221,0x109710ec,0x032623d4,3,38,91.72,278335724
5222,0x109713dd,0x00123150,0,18,126.24,278336477
5223,0x10971202,0x07011154,7,1,44.36,278336002
5224,0x109672cc,0x02130745,2,19,18.61,278295244
5225,0x10971099,0x011b0f59,1,27,39.29,278335641
5226,0x109713c7,0x043f58da,4,63,227.46,278336455
5227,0x10971155,0x032123bc,3,33,91.48,278335829
5228,0x10971273,0x07221153,7,34,44.35,278336115
5229,0x1097133a,0x061e06bc,6,30,17.24,278336314
5230,0x10971281,0x05291f55,5,41,80.21,278336129
5231,0x109674b8,0x02090741,2,9,18.57,278295736
5232,0x10971463,0x041158d7,4,17,227.43,278336611
5233,0x1097130f,0x07231151,7,35,44.33,278336271
5234,0x109713dd,0x00303150,0,48,126.24,278336477
5235,0x1097130a,0x05351f43,5,53,80.03,278336266
5236,0x10971155,0x030f23bc,3,15,91.48,278335829
5237,0x10971444,0x000b314f,0,11,126.23,278336580
5238,0x10971099,0x01150f59,1,21,39.29,278335641
5239,0x1097133a,0x061606bc,6,22,17.24,278336314
5240,0x10971463,0x040358d7,4,3,227.43,278336611
5241,0x109714a9,0x000e3141,0,14,126.09,278336681
5242,0x1097114e,0x011a0f55,1,26,39.25,278335822
5243,0x109714fc,0x020f3f30,2,15,161.76,278336764
5244,0x1097130f,0x072c1151,7,44,44.33,278336271
5245,0x109713d6,0x062406bb,6,36,17.23,278336470
5246,0x1097130a,0x05251f43,5,37,80.03,278336266
5247,0x10971155,0x031523bc,3,21,91.48,278335829
5248,0x1097137c,0x072b1151,7,43,44.33,278336380
5249,0x10971472,0x061906bb,6,25,17.23,278336626
5250,0x10971204,0x01220f51,1,34,39.21,278336004
5251,0x109713bc,0x050b1f41,5,11,80.01,278336444
5252,0x109711e5,0x030623b8,3,6,91.44,278335973
5253,0x109714a9,0x00063141,0,6,126.09,278336681
5254,0x109714fc,0x02293f30,2,41,161.76,278336764
5255,0x10971565,0x00273134,0,39,125.96,278336869
5256,0x1097146e,0x05151f41,5,21,80.01,278336622
5257,0x1097137c,0x07041151,7,4,44.33,278336380
5258,0x10971472,0x064c06bb,6,76,17.23,278336626
5259,0x1097156f,0x020c3f1d,2,12,161.57,278336879
5260,0x1097155c,0x044358ba,4,67,227.14,278336860
5261,0x10971204,0x010b0f51,1,11,39.21,278336004
5262,0x109711e5,0x031423b8,3,20,91.44,278335973
5263,0x109713e5,0x070b114f,7,11,44.31,278336485
5264,0x109715a0,0x041c58b2,4,28,227.06,278336928
5265,0x109712ae,0x010e0f51,1,14,39.21,278336174
5266,0x10971249,0x030623b6,3,6,91.42,278336073
5267,0x10971449,0x07241149,7,36,44.25,278336585
5268,0x10968b81,0x061300bf,6,19,1.91,278301569
5269,0x10971565,0x00153134,0,21,125.96,278336869
5270,0x1097160c,0x02333f1a,2,51,161.54,278337036
5271,0x109712a8,0x032523b2,3,37,91.38,278336168
5272,0x109715f9,0x0037312f,0,55,125.91,278337017
5273,0x109715a0,0x042058b2,4,32,227.06,278336928
5274,0x10971348,0x031623b2,3,22,91.38,278336328
5275,0x109712ae,0x01450f51,1,69,39.21,278336174
5276,0x109715fb,0x05251f37,5,37,79.91,278337019
5277,0x10971449,0x07031149,7,3,44.25,278336585
5278,0x10971662,0x061006b7,6,16,17.19,278337122
5279,0x1097160c,0x02063f1a,2,6,161.54,278337036
5280,0x109715f9,0x001c312f,0,28,125.91,278337017
5281,0x10967bd1,0x0502037f,5,2,8.95,278297553
5282,0x1097150c,0x071b1147,7,27,44.23,278336780
5283,0x1097132c,0x01140f4f,1,20,39.19,278336300
5284,0x10971348,0x030423b2,3,4,91.38,278336328
5285,0x109715a0,0x040e58b2,4,14,227.06,278336928
5286,0x1096851f,0x05250377,5,37,8.87,278299935
5287,0x1097159f,0x07301147,7,48,44.23,278336927
5288,0x109713b1,0x033323ae,3,51,91.34,278336433
5289,0x10971662,0x060506b7,6,5,17.19,278337122
5290,0x1097163a,0x0418589a,4,24,226.82,278337082
5291,0x109715f9,0x0001312f,0,1,125.91,278337017
5292,0x109691ef,0x0501036f,5,1,8.79,278303215
5293,0x109716a8,0x04155886,4,21,226.62,278337192
5294,0x109714d7,0x031b23a1,3,27,91.21,278336727
5295,0x1097132c,0x01010f4f,1,1,39.19,278336300
5296,0x1096954b,0x0505036c,5,5,8.76,278304075
5297,0x1097159f,0x07121147,7,18,44.23,278336927
5298,0x109716de,0x022f3eef,2,47,161.11,278337246
5299,0x10971662,0x061f06b7,6,31,17.19,278337122
5300,0x109715f9,0x0004312f,0,4,125.91,278337017
5301,0x10971722,0x022b3eec,2,43,161.08,278337314
5302,0x109716e0,0x000f312a,0,15,125.86,278337248
5303,0x109714d7,0x030923a1,3,9,91.21,278336727
5304,0x109716d2,0x061406b7,6,20,17.19,278337234
5305,0x109716a8,0x04105886,4,16,226.62,278337192
5306,0x1097132c,0x01290f4f,1,41,39.19,278336300
5307,0x1097165e,0x070b1146,7,11,44.22,278337118
5308,0x10971740,0x062506b7,6,37,17.19,278337344
5309,0x10971536,0x033b2398,3,59,91.12,278336822
5310,0x109713a5,0x01010f4b,1,1,39.15,278336421
5311,0x10971784,0x054f1f2b,5,79,79.79,278337412
5312,0x109716e0,0x0009312a,0,9,125.86,278337248
5313,0x10971722,0x02153eec,2,21,161.08,278337314
5314,0x10971456,0x01370f48,1,55,39.12,278336598
5315,0x1097176d,0x04045836,4,4,225.82,278337389
5316,0x1097165e,0x07341146,7,52,44.22,278337118
5317,0x10971536,0x03252398,3,37,91.12,278336822
5318,0x10971740,0x061306b7,6,19,17.19,278337344
5319,0x109717db,0x040b5831,4,11,225.77,278337499
5320,0x109716e0,0x0033312a,0,51,125.86,278337248
5321,0x10971722,0x02123eec,2,18,161.08,278337314
5322,0x10971784,0x05041f2b,5,4,79.79,278337412
5323,0x109715ca,0x031a2394,3,26,91.08,278336970
5324,0x10971805,0x063706b7,6,55,17.19,278337541
5325,0x10971456,0x01100f48,1,16,39.12,278336598
5326,0x109717bc,0x02103ee3,2,16,160.99,278337468
5327,0x1097165e,0x07241146,7,36,44.22,278337118
5328,0x10968b81,0x060300bf,6,3,1.91,278301569
5329,0x109715a7,0x010b0f44,1,11,39.08,278336935
5330,0x109717db,0x04045831,4,4,225.77,278337499
5331,0x109716e0,0x0013312a,0,19,125.86,278337248
5332,0x10971722,0x071a1146,7,26,44.22,278337314
5333,0x109715ca,0x03042394,3,4,91.08,278336970
5334,0x1096931f,0x060600be,6,6,1.90,278303519
5335,0x10971651,0x01080f3d,1,8,39.01,278337105
5336,0x10971811,0x051f1f29,5,31,79.77,278337553
5337,0x10971745,0x00073129,0,7,125.85,278337349
5338,0x109717bc,0x02143ee3,2,20,160.99,278337468
5339,0x109716f6,0x01130f3b,1,19,38.99,278337270
5340,0x1097187b,0x00033102,0,3,125.46,278337659
5341,0x10971722,0x07091146,7,9,44.22,278337314
5342,0x1097188d,0x050a1f27,5,10,79.75,278337677
5343,0x109718b8,0x02413ece,2,65,160.78,278337720
5344,0x109717db,0x040a5831,4,10,225.77,278337499
5345,0x109715ca,0x03012394,3,1,91.08,278336970
5346,0x10971900,0x060406b7,6,4,17.19,278337792
5347,0x10971878,0x04145826,4,20,225.66,278337656
5348,0x1097194a,0x002330f5,0,35,125.33,278337866
5349,0x109716f6,0x01120f3b,1,18,38.99,278337270
5350,0x109718b8,0x02033ece,2,3,160.78,278337720
5351,0x10971722,0x07041146,7,4,44.22,278337314
5352,0x109715ca,0x03142394,3,20,91.08,278336970
5353,0x1097188d,0x05581f27,5,88,79.75,278337677
5354,0x10971900,0x060e06b7,6,14,17.19,278337792
5355,0x1097178f,0x07061143,7,6,44.19,278337423
5356,0x1097176f,0x01130f39,1,19,38.97,278337391
5357,0x10971878,0x04055826,4,5,225.66,278337656
5358,0x10971970,0x063406b7,6,52,17.19,278337904
5359,0x109717f9,0x07441142,7,68,44.18,278337529
5360,0x1097194a,0x002930f5,0,41,125.33,278337866
5361,0x109674b8,0x021f0741,2,31,18.57,278295736
5362,0x109715ca,0x03032394,3,3,91.08,278336970
5363,0x10967637,0x0201073f,2,1,18.55,278296119
5364,0x10971954,0x05181f25,5,24,79.73,278337876
5365,0x10971878,0x04115826,4,17,225.66,278337656
5366,0x109717f9,0x071f1142,7,31,44.18,278337529
5367,0x1097176f,0x01190f39,1,25,38.97,278337391
5368,0x10971970,0x062a06b7,6,42,17.19,278337904
5369,0x10967bd2,0x021b0734,2,27,18.44,278297554
5370,0x109719ae,0x000930f1,0,9,125.29,278337966
5371,0x109715ca,0x031f2394,3,31,91.08,278336970
5372,0x1097185f,0x072e1142,7,46,44.18,278337631
5373,0x10967eee,0x0212072c,2,18,18.36,278298350
5374,0x10971878,0x04075826,4,7,225.66,278337656
5375,0x10971954,0x05131f25,5,19,79.73,278337876
5376,0x109719ae,0x001130f1,0,17,125.29,278337966
5377,0x10971a0a,0x063f06b6,6,63,17.18,278338058
5378,0x1097176f,0x011b0f39,1,27,38.97,278337391
5379,0x109718e9,0x044957e8,4,73,225.04,278337769
5380,0x109715ca,0x03052394,3,5,91.08,278336970
5381,0x1097185f,0x070f1142,7,15,44.18,278337631
5382,0x10971a17,0x000530e7,0,5,125.19,278338071
5383,0x109719cf,0x05071f23,5,7,79.71,278337999
5384,0x10971846,0x010a0f39,1,10,38.97,278337606
5385,0x10971a78,0x062306b6,6,35,17.18,278338168
5386,0x10971aa9,0x023b3e9a,2,59,160.26,278338217
5387,0x109716b7,0x03182394,3,24,91.08,278337207
5388,0x10971943,0x012e0f39,1,46,38.97,278337859
5389,0x109718e9,0x041657e8,4,22,225.04,278337769
5390,0x1097185f,0x071a1142,7,26,44.18,278337631
5391,0x10971a7c,0x004630dc,0,70,125.08,278338172
5392,0x10971a78,0x060e06b6,6,14,17.18,278338168
5393,0x10971985,0x041e57e2,4,30,224.98,278337925
5394,0x109719cf,0x05141f23,5,20,79.71,278337999
5395,0x10971aa9,0x02083e9a,2,8,160.26,278338217
5396,0x109716b7,0x03102394,3,16,91.08,278337207
5397,0x109718ef,0x07451142,7,69,44.18,278337775
5398,0x10971a5a,0x05161f21,5,22,79.69,278338138
5399,0x109719f3,0x041357db,4,19,224.91,278338035
5400,0x1097176e,0x03092391,3,9,91.05,278337390
5401,0x10971943,0x01380f39,1,56,38.97,278337859
5402,0x10971a7c,0x001d30dc,0,29,125.08,278338172
5403,0x10971aed,0x040557b5,4,5,224.53,278338285
5404,0x109718ef,0x07111142,7,17,44.18,278337775
5405,0x10971aa9,0x02033e9a,2,3,160.26,278338217
5406,0x109719f2,0x01130f38,1,19,38.96,278338034
5407,0x10971b10,0x000b30d8,0,11,125.04,278338320
5408,0x1097176e,0x033f2391,3,63,91.05,278337390
5409,0x10971950,0x070a1140,7,10,44.16,278337872
5410,0x10971b1c,0x023c3e8e,2,60,160.14,278338332
5411,0x10971b15,0x062d06b5,6,45,17.17,278338325
5412,0x10971807,0x03082391,3,8,91.05,278337543
5413,0x10971b11,0x052f1f1f,5,47,79.67,278338321
5414,0x10971aed,0x043457b5,4,52,224.53,278338285
5415,0x10971b83,0x062606b5,6,38,17.17,278338435
5416,0x10971892,0x0308238f,3,8,91.03,278337682
5417,0x10971950,0x07181140,7,24,44.16,278337872
5418,0x109719f2,0x01320f38,1,50,38.96,278338034
5419,0x10971bc3,0x061206b5,6,18,17.17,278338499
5420,0x10971b1c,0x02263e8e,2,38,160.14,278338332
5421,0x10971b72,0x003630d7,0,54,125.03,278338418
5422,0x10971a11,0x07181140,7,24,44.16,278338065
5423,0x10971b8d,0x02353e87,2,53,160.07,278338445
5424,0x10971b11,0x051b1f1f,5,27,79.67,278338321
5425,0x10971892,0x032a238f,3,42,91.03,278337682
5426,0x10971aa1,0x0705113e,7,5,44.14,278338209
5427,0x109719f2,0x01070f38,1,7,38.96,278338034
5428,0x10971bc3,0x062206b5,6,34,17.17,278338499
5429,0x109718f6,0x0320238e,3,32,91.02,278337782
5430,0x10971bea,0x04085795,4,8,224.21,278338538
5431,0x10971b72,0x000930d7,0,9,125.03,278338418
5432,0x10971bb7,0x05331f1e,5,51,79.66,278338487
5433,0x10971a77,0x01060f38,1,6,38.96,278338167
5434,0x10971b8d,0x02173e87,2,23,160.07,278338445
5435,0x10971aa1,0x0737113e,7,55,44.14,278338209
5436,0x10971c06,0x001530d6,0,21,125.02,278338566
5437,0x10971c29,0x022b3e86,2,43,160.06,278338601
5438,0x109718f6,0x030e238e,3,14,91.02,278337782
5439,0x10971bc3,0x060f06b5,6,15,17.17,278338499
5440,0x10971c41,0x004630cf,0,70,124.95,278338625
5441,0x10971bea,0x044c5795,4,76,224.21,278338538
5442,0x10971bb7,0x05051f1e,5,5,79.66,278338487
5443,0x10971cc5,0x02223e7b,2,34,159.95,278338757
5444,0x10971c8b,0x060d06b4,6,13,17.16,278338699
5445,0x10971aa1,0x0704113e,7,4,44.14,278338209
5446,0x10971a77,0x01390f38,1,57,38.96,278338167
5447,0x109718f6,0x030f238e,3,15,91.02,278337782
5448,0x10971b02,0x070d113b,7,13,44.11,278338306
5449,0x10971c41,0x001330cf,0,19,124.95,278338625
5450,0x10971963,0x0306238e,3,6,91.02,278337891
5451,0x10971c4e,0x05071f1b,5,7,79.63,278338638
5452,0x10971cc5,0x02293e7b,2,41,159.95,278338757
5453,0x10971cfc,0x062206b3,6,34,17.15,278338812
5454,0x10971cab,0x004b30c8,0,75,124.88,278338731
5455,0x10971bea,0x04095795,4,9,224.21,278338538
5456,0x10971a77,0x010d0f38,1,13,38.96,278338167
5457,0x10971d8d,0x021d3e72,2,29,159.86,278338957
5458,0x10971b02,0x0754113b,7,84,44.11,278338306
5459,0x10971d12,0x05471f1b,5,71,79.63,278338834
5460,0x10971b50,0x01170f36,1,23,38.94,278338384
5461,0x10971963,0x0321238e,3,33,91.02,278337891
5462,0x10971b96,0x0711113b,7,17,44.11,278338454
5463,0x10971cab,0x000930c8,0,9,124.88,278338731
5464,0x1096954b,0x050e036c,5,14,8.76,278304075
5465,0x10971c5b,0x04305791,4,48,224.17,278338651
5466,0x10971cfc,0x063006b3,6,48,17.15,278338812
5467,0x10971bff,0x011e0f33,1,30,38.91,278338559
5468,0x10971d6c,0x001630c4,0,22,124.84,278338924
5469,0x10971d8d,0x020f3e72,2,15,159.86,278338957
5470,0x10971d95,0x061d06b3,6,29,17.15,278338965
5471,0x10971963,0x0302238e,3,2,91.02,278337891
5472,0x10971d2d,0x010f0f31,1,15,38.89,278338861
5473,0x10971b96,0x070d113b,7,13,44.11,278338454
5474,0x10971c5b,0x041d5791,4,29,224.17,278338651
5475,0x10971a2b,0x033a2385,3,58,90.93,278338091
5476,0x10971c9d,0x043b577e,4,59,223.98,278338717
5477,0x10971d8d,0x02063e72,2,6,159.86,278338957
5478,0x10971d95,0x064106b3,6,65,17.15,278338965
5479,0x10971a8f,0x03112384,3,17,90.92,278338191
5480,0x10971b96,0x071f113b,7,31,44.11,278338454
5481,0x10971d2d,0x012c0f31,1,44,38.89,278338861
5482,0x10971d0a,0x0408575d,4,8,223.65,278338826
5483,0x10971e03,0x060106b1,6,1,17.13,278339075
5484,0x10971e2b,0x02063e5f,2,6,159.67,278339115
5485,0x10971e6a,0x052e1f10,5,46,79.52,278339178
5486,0x10971d34,0x072e1139,7,46,44.09,278338868
5487,0x10971e9a,0x001130b9,0,17,124.73,278339226
5488,0x10971a8f,0x03322384,3,50,90.92,278338191
5489,0x10971ede,0x000130b7,0,1,124.71,278339294
5490,0x10971ebc,0x05081f0f,5,8,79.51,278339260
5491,0x10971d0a,0x041d575d,4,29,223.65,278338826
5492,0x10971e03,0x060306b1,6,3,17.13,278339075
5493,0x10971db0,0x011b0f2e,1,27,38.86,278338992
5494,0x10971e2b,0x02063e5f,2,6,159.67,278339115
5495,0x10971d34,0x071e1139,7,30,44.09,278338868
5496,0x10971a8f,0x03152384,3,21,90.92,278338191
5497,0x10971e9c,0x02103e40,2,16,159.36,278339228
5498,0x10971b2b,0x03132377,3,19,90.79,278338347
5499,0x10971d0a,0x042a575d,4,42,223.65,278338826
5500,0x10971eb5,0x01010f2e,1,1,38.86,278339253
5501,0x10971f38,0x02163e3f,2,22,159.35,278339384
5502,0x10971e9d,0x061a06b0,6,26,17.12,278339229
5503,0x10971d34,0x070c1139,7,12,44.09,278338868
5504,0x10971dc6,0x070d1139,7,13,44.09,278339014
5505,0x10971b2b,0x03022377,3,2,90.79,278338347
5506,0x10971d0a,0x0406575d,4,6,223.65,278338826
5507,0x10971f38,0x022e3e3f,2,46,159.35,278339384
5508,0x10971f7b,0x001030ae,0,16,124.62,278339451
5509,0x10971ebc,0x05041f0f,5,4,79.51,278339260
5510,0x10971e9d,0x063706b0,6,55,17.12,278339229
5511,0x10971bbf,0x0346236c,3,70,90.68,278338495
5512,0x10971d73,0x04235735,4,35,223.25,278338931
5513,0x10971fbf,0x001030ad,0,16,124.61,278339519
5514,0x10971f36,0x062806b0,6,40,17.12,278339382
5515,0x10971c6f,0x030c235e,3,12,90.54,278338671
5516,0x10971dc6,0x07421139,7,66,44.09,278339014
5517,0x10971fff,0x00263095,0,38,124.37,278339583
5518,0x10972063,0x021c3e35,2,28,159.25,278339683
5519,0x10971d02,0x030b235c,3,11,90.52,278338818
5520,0x10971d73,0x04145735,4,20,223.25,278338931
5521,0x10971e58,0x07101138,7,16,44.08,278339160
5522,0x10971f36,0x063506b0,6,53,17.12,278339382
5523,0x10971eb5,0x01270f2e,1,39,38.86,278339253
5524,0x10971e06,0x041d570c,4,29,222.84,278339078
5525,0x10971d02,0x0302235c,3,2,90.52,278338818
5526,0x10971fff,0x00333095,0,51,124.37,278339583
5527,0x10971fa3,0x060106b0,6,1,17.12,278339491
5528,0x109720d3,0x022b3e2e,2,43,159.18,278339795
5529,0x10971e58,0x071e1138,7,30,44.08,278339160
5530,0x10971d66,0x030f235c,3,15,90.52,278338918
5531,0x10971ebc,0x050d1f0f,5,13,79.51,278339260
5532,0x10971e06,0x043f570c,4,63,222.84,278339078
5533,0x10971ebe,0x07191137,7,25,44.07,278339262
5534,0x10971df1,0x031b2359,3,27,90.49,278339057
5535,0x10971eb5,0x010a0f2e,1,10,38.86,278339253
5536,0x10971fbb,0x05121f0c,5,18,79.48,278339515
5537,0x10971f2d,0x040656fd,4,6,222.69,278339373
5538,0x10971fa3,0x060606b0,6,6,17.12,278339491
5539,0x10972143,0x021d3e1e,2,29,159.02,278339907
5540,0x10972073,0x05161f06,5,22,79.42,278339699
5541,0x10971ebe,0x071a1137,7,26,44.07,278339262
5542,0x10971fff,0x00053095,0,5,124.37,278339583
5543,0x10972073,0x05011f06,5,1,79.42,278339699
5544,0x10971df1,0x03042359,3,4,90.49,278339057
5545,0x10971f4e,0x07241136,7,36,44.06,278339406
5546,0x109720aa,0x05101f03,5,16,79.39,278339754
5547,0x10971f2d,0x040356fd,4,3,222.69,278339373
5548,0x109720c7,0x00253092,0,37,124.34,278339783
5549,0x10971eb5,0x012a0f2e,1,42,38.86,278339253
5550,0x10971fa3,0x060f06b0,6,15,17.12,278339491
5551,0x10971e50,0x030f234f,3,15,90.39,278339152
5552,0x109720aa,0x05111f03,5,17,79.39,278339754
5553,0x109721b3,0x02013e1d,2,1,159.01,278340019
5554,0x109720aa,0x05111f03,5,17,79.39,278339754
5555,0x10972138,0x000d308d,0,13,124.29,278339896
5556,0x10971f11,0x0324234e,3,36,90.38,278339345
5557,0x10971f4e,0x07181136,7,24,44.06,278339406
5558,0x10971f2c,0x01070f2e,1,7,38.86,278339372
5559,0x109720aa,0x05091f03,5,9,79.39,278339754
5560,0x10971f2d,0x043056fd,4,48,222.69,278339373
5561,0x109720e5,0x05081f02,5,8,79.38,278339813
5562,0x10971fa3,0x061806b0,6,24,17.12,278339491
5563,0x10972138,0x000c308d,0,12,124.29,278339896
5564,0x109721b3,0x02153e1d,2,21,159.01,278340019
5565,0x109720e5,0x05111f02,5,17,79.38,278339813
5566,0x10971f11,0x033a234e,3,58,90.38,278339345
5567,0x10971f4e,0x07111136,7,17,44.06,278339406
5568,0x109720e5,0x05111f02,5,17,79.38,278339813
5569,0x10972226,0x020b3e0c,2,11,158.84,278340134
5570,0x10971f2d,0x041356fd,4,19,222.69,278339373
5571,0x10971f70,0x031b234e,3,27,90.38,278339440
5572,0x10971f2c,0x01420f2e,1,66,38.86,278339372
5573,0x10971faf,0x070f1136,7,15,44.06,278339503
5574,0x109720e5,0x050d1f02,5,13,79.38,278339813
5575,0x10971fa3,0x060506b0,6,5,17.12,278339491
5576,0x10972138,0x0018308d,0,24,124.29,278339896
5577,0x10971ff1,0x030b234e,3,11,90.38,278339569
5578,0x109720a3,0x063d06ad,6,61,17.09,278339747
5579,0x10972176,0x000f308d,0,15,124.29,278339958
5580,0x109722ef,0x05041ef8,5,4,79.28,278340335
5581,0x10971f2d,0x040b56fd,4,11,222.69,278339373
5582,0x10972226,0x02283e0c,2,40,158.84,278340134
5583,0x10971faf,0x07221136,7,34,44.06,278339503
5584,0x109722ef,0x05111ef8,5,17,79.28,278340335
5585,0x10971f2c,0x01190f2e,1,25,38.86,278339372
5586,0x109722c6,0x020b3e06,2,11,158.78,278340294
5587,0x10971ff1,0x0316234e,3,22,90.38,278339569
5588,0x10971ff5,0x042056dd,4,32,222.37,278339573
5589,0x109722ef,0x05111ef8,5,17,79.28,278340335
5590,0x10971ffd,0x01050f2d,1,5,38.85,278339581
5591,0x109722ef,0x05111ef8,5,17,79.28,278340335
5592,0x109720a3,0x060706ad,6,7,17.09,278339747
5593,0x109720d8,0x0313234d,3,19,90.37,278339800
5594,0x10972085,0x041e56cb,4,30,222.19,278339717
5595,0x10972176,0x0023308d,0,35,124.29,278339958
5596,0x109722ef,0x05111ef8,5,17,79.28,278340335
5597,0x10971faf,0x07061136,7,6,44.06,278339503
5598,0x10972046,0x01280f2d,1,40,38.85,278339654
5599,0x109722ef,0x05071ef8,5,7,79.28,278340335
5600,0x10972363,0x02563dfb,2,86,158.67,278340451
5601,0x10972294,0x0013305a,0,19,123.78,278340244
5602,0x109720a3,0x060d06ad,6,13,17.09,278339747
5603,0x109720d8,0x0323234d,3,35,90.37,278339800
5604,0x10972087,0x01030f2c,1,3,38.84,278339719
5605,0x10972085,0x043556cb,4,53,222.19,278339717
5606,0x10971faf,0x07161136,7,22,44.06,278339503
5607,0x10972192,0x03112347,3,17,90.31,278339986
5608,0x10972115,0x041056ca,4,16,222.18,278339861
5609,0x10972050,0x073b1135,7,59,44.05,278339664
5610,0x109720a3,0x060806ad,6,8,17.09,278339747
5611,0x10972363,0x020f3dfb,2,15,158.67,278340451
5612,0x109723fe,0x05081ef7,5,8,79.27,278340606
5613,0x1097232d,0x002c3045,0,44,123.57,278340397
5614,0x10972087,0x01060f2c,1,6,38.84,278339719
5615,0x109723d3,0x02123df3,2,18,158.59,278340563
5616,0x1097213c,0x062b06ad,6,43,17.09,278339900
5617,0x109723eb,0x000b3035,0,11,123.41,278340587
5618,0x10972192,0x03382347,3,56,90.31,278339986
5619,0x10972115,0x040156ca,4,1,222.18,278339861
5620,0x10972050,0x071b1135,7,27,44.05,278339664
5621,0x10972111,0x01450f2c,1,69,38.84,278339857
5622,0x109720ea,0x070e1134,7,14,44.04,278339818
5623,0x1097213c,0x060b06ad,6,11,17.09,278339900
5624,0x109723d3,0x021a3df3,2,26,158.59,278340563
5625,0x1097247c,0x05021ef7,5,2,79.27,278340732
5626,0x10972192,0x03082347,3,8,90.31,278339986
5627,0x10972115,0x041156ca,4,17,222.18,278339861
5628,0x109721a9,0x064006ad,6,64,17.09,278340009
5629,0x109723eb,0x004b3035,0,75,123.41,278340587
5630,0x10967eee,0x0203072c,2,3,18.36,278298350
5631,0x10972246,0x032b233b,3,43,90.19,278340166
5632,0x10972111,0x010a0f2c,1,10,38.84,278339857
5633,0x109720ea,0x07041134,7,4,44.04,278339818
5634,0x10972196,0x01080f2a,1,8,38.82,278339990
5635,0x10972302,0x03182335,3,24,90.13,278340354
5636,0x10972179,0x07141132,7,20,44.02,278339961
5637,0x10972115,0x042256ca,4,34,222.18,278339861
5638,0x109721a9,0x061206ad,6,18,17.09,278340009
5639,0x109723eb,0x000b3035,0,11,123.41,278340587
5640,0x10972259,0x01230f27,1,35,38.79,278340185
5641,0x109724fe,0x02233dd5,2,35,158.29,278340862
5642,0x109721fc,0x07251131,7,37,44.01,278340092
5643,0x10972204,0x040a5687,4,10,221.51,278340100
5644,0x10972212,0x060e06ac,6,14,17.08,278340114
5645,0x1097247c,0x05141ef7,5,20,79.27,278340732
5646,0x10972485,0x001f3025,0,31,123.25,278340741
5647,0x10972302,0x031d2335,3,29,90.13,278340354
5648,0x10972342,0x0717112f,7,23,43.99,278340418
5649,0x10972507,0x05191ef7,5,25,79.27,278340871
5650,0x10972393,0x032c2334,3,44,90.12,278340499
5651,0x109723a3,0x070d112f,7,13,43.99,278340515
5652,0x109722e3,0x01160f26,1,22,38.78,278340323
5653,0x10972204,0x04285687,4,40,221.51,278340100
5654,0x10972212,0x060e06ac,6,14,17.08,278340114
5655,0x10967eee,0x0217072c,2,23,18.36,278298350
5656,0x10972588,0x002a300e,0,42,123.02,278341000
5657,0x1096954b,0x051b036c,5,27,8.76,278304075
5658,0x10967266,0x001505f4,0,21,15.24,278295142
5659,0x10972393,0x03112334,3,17,90.12,278340499
5660,0x109723a3,0x071d112f,7,29,43.99,278340515
5661,0x10972204,0x04185687,4,24,221.51,278340100
5662,0x10972212,0x060606ac,6,6,17.08,278340114
5663,0x10972423,0x03102334,3,16,90.12,278340643
5664,0x10972268,0x0412567a,4,18,221.38,278340200
5665,0x10972283,0x063506ac,6,53,17.08,278340227
5666,0x1097261e,0x02193da5,2,25,157.81,278341150
5667,0x109723f5,0x01220f24,1,34,38.76,278340597
5668,0x109723a3,0x0715112f,7,21,43.99,278340515
5669,0x10972627,0x0051300b,0,81,122.99,278341159
5670,0x10972396,0x0434565c,4,52,221.08,278340502
5671,0x10972423,0x03272334,3,39,90.12,278340643
5672,0x10967266,0x000d05f4,0,13,15.24,278295142
5673,0x109724a8,0x01350f24,1,53,38.76,278340776
5674,0x10972283,0x060d06ac,6,13,17.08,278340227
5675,0x10972487,0x03282333,3,40,90.11,278340743
5676,0x109675dd,0x000505e8,0,5,15.12,278296029
5677,0x109723a3,0x0704112f,7,4,43.99,278340515
5678,0x10972396,0x0419565c,4,25,221.08,278340502
5679,0x1097268e,0x02153da2,2,21,157.78,278341262
5680,0x10972323,0x062006aa,6,32,17.06,278340387
5681,0x109725f9,0x05051ef5,5,5,79.25,278341113
5682,0x10972487,0x030c2333,3,12,90.11,278340743
5683,0x109724a8,0x01100f24,1,16,38.76,278340776
5684,0x109723a3,0x0704112f,7,4,43.99,278340515
5685,0x10972396,0x0418565c,4,24,221.08,278340502
5686,0x10972323,0x061306aa,6,19,17.06,278340387
5687,0x1097242f,0x0716112c,7,22,43.96,278340655
5688,0x10972426,0x040c564b,4,12,220.91,278340646
5689,0x109726f3,0x00083008,0,8,122.96,278341363
5690,0x1097268e,0x02083da2,2,8,157.78,278341262
5691,0x109724ba,0x0719112b,7,25,43.95,278340794
5692,0x10972487,0x03292333,3,41,90.11,278340743
5693,0x109724e9,0x041455d5,4,20,219.73,278340841
5694,0x109724a8,0x010e0f24,1,14,38.76,278340776
5695,0x10972323,0x062c06aa,6,44,17.06,278340387
5696,0x10972737,0x00322ffe,0,50,122.86,278341431
5697,0x10972701,0x02033da0,2,3,157.76,278341377
5698,0x10972580,0x040355ce,4,3,219.66,278340992
5699,0x109725d5,0x010c0f24,1,12,38.76,278341077
5700,0x1097238c,0x062f06a9,6,47,17.05,278340492
5701,0x10972741,0x02113d99,2,17,157.69,278341441
5702,0x109724ba,0x0717112b,7,23,43.95,278340794
5703,0x10972620,0x012b0f24,1,43,38.76,278341152
5704,0x10972487,0x03052333,3,5,90.11,278340743
5705,0x109727d4,0x000b2ff5,0,11,122.77,278341588
5706,0x10972657,0x03332304,3,51,89.64,278341207
5707,0x10972580,0x044f55ce,4,79,219.66,278340992
5708,0x109726d2,0x01110f23,1,17,38.75,278341330
5709,0x1097238c,0x061806a9,6,24,17.05,278340492
5710,0x109724ba,0x0715112b,7,21,43.95,278340794
5711,0x10972741,0x02173d99,2,23,157.69,278341441
5712,0x109723f0,0x062306a8,6,35,17.04,278340592
5713,0x1097274f,0x030922ff,3,9,89.59,278341455
5714,0x10972471,0x062206a7,6,34,17.03,278340721
5715,0x109727d4,0x00272ff5,0,39,122.77,278341588
5716,0x10972580,0x040e55ce,4,14,219.66,278340992
5717,0x109726d2,0x014e0f23,1,78,38.75,278341330
5718,0x109724ba,0x071c112b,7,28,43.95,278340794
5719,0x10972741,0x02093d99,2,9,157.69,278341441
5720,0x10972847,0x00152fe1,0,21,122.57,278341703
5721,0x1097269c,0x042155b2,4,33,219.38,278341276
5722,0x1097274f,0x031a22ff,3,26,89.59,278341455
5723,0x10972471,0x061b06a7,6,27,17.03,278340721
5724,0x109725d0,0x0725112a,7,37,43.94,278341072
5725,0x109725f9,0x05311ef5,5,49,79.25,278341113
5726,0x10972755,0x01010f22,1,1,38.74,278341461
5727,0x109727bc,0x030322fd,3,3,89.57,278341564
5728,0x109724f2,0x063f06a7,6,63,17.03,278340850
5729,0x1097264a,0x050f1ef5,5,15,79.25,278341194
5730,0x1097269c,0x041e55b2,4,30,219.38,278341276
5731,0x10972847,0x004d2fe1,0,77,122.57,278341703
5732,0x10972741,0x020e3d99,2,14,157.69,278341441
5733,0x109725d0,0x0702112a,7,2,43.94,278341072
5734,0x10972806,0x02233d8d,2,35,157.57,278341638
5735,0x10972755,0x015d0f22,1,93,38.74,278341461
5736,0x109727bc,0x031b22fd,3,27,89.57,278341564
5737,0x109724f2,0x060f06a7,6,15,17.03,278340850
5738,0x10972636,0x07271128,7,39,43.92,278341174
5739,0x1097264a,0x05361ef5,5,54,79.25,278341194
5740,0x1097269c,0x041555b2,4,21,219.38,278341276
5741,0x10972880,0x034122f3,3,65,89.47,278341760
5742,0x1097285a,0x01090f20,1,9,38.72,278341722
5743,0x10972697,0x05171ef4,5,23,79.24,278341271
5744,0x10972700,0x044155a4,4,65,219.24,278341376
5745,0x10972806,0x023d3d8d,2,61,157.57,278341638
5746,0x109724f2,0x060906a7,6,9,17.03,278340850
5747,0x10972636,0x07171128,7,23,43.92,278341174
5748,0x10972947,0x001f2fc0,0,31,122.24,278341959
5749,0x10972874,0x02013d65,2,1,157.17,278341748
5750,0x109727ec,0x040f554f,4,15,218.39,278341612
5751,0x10972581,0x064206a7,6,66,17.03,278340993
5752,0x10972697,0x07011127,7,1,43.91,278341271
5753,0x10972880,0x031422f3,3,20,89.47,278341760
5754,0x1097285a,0x01130f20,1,19,38.72,278341722
5755,0x10972697,0x05261ef4,5,38,79.24,278341271
5756,0x1097298b,0x00062fba,0,6,122.18,278342027
5757,0x10972874,0x02133d65,2,19,157.17,278341748
5758,0x109729b9,0x011a0f1a,1,26,38.66,278342073
5759,0x109727ec,0x043d554f,4,61,218.39,278341612
5760,0x10972581,0x062206a7,6,34,17.03,278340993
5761,0x1097271e,0x05141ef3,5,20,79.23,278341406
5762,0x10972697,0x071c1127,7,28,43.91,278341271
5763,0x10972880,0x030122f3,3,1,89.47,278341760
5764,0x109729fc,0x00042fb0,0,4,122.08,278342140
5765,0x109725e0,0x063506a6,6,53,17.02,278341088
5766,0x109727ec,0x0411554f,4,17,218.39,278341612
5767,0x10972874,0x02253d65,2,37,157.17,278341748
5768,0x10972697,0x07471127,7,71,43.91,278341271
5769,0x10972880,0x030922f3,3,9,89.47,278341760
5770,0x1097271e,0x052e1ef3,5,46,79.23,278341406
5771,0x109729b9,0x01020f1a,1,2,38.66,278342073
5772,0x10972855,0x0402554a,4,2,218.34,278341717
5773,0x109728de,0x02123d65,2,18,157.17,278341854
5774,0x109725e0,0x062806a6,6,40,17.02,278341088
5775,0x109726f8,0x07011125,7,1,43.89,278341368
5776,0x1097291c,0x030322f0,3,3,89.44,278341916
5777,0x109729fc,0x00132fb0,0,19,122.08,278342140
5778,0x1097267c,0x063306a6,6,51,17.02,278341244
5779,0x109729b8,0x034922ed,3,73,89.41,278342072
5780,0x109728de,0x02103d65,2,16,157.17,278341854
5781,0x10972855,0x041e554a,4,30,218.34,278341717
5782,0x109729b9,0x01120f1a,1,18,38.66,278342073
5783,0x109726f8,0x071d1125,7,29,43.89,278341368
5784,0x1097271e,0x05151ef3,5,21,79.23,278341406
5785,0x1097267c,0x062206a6,6,34,17.02,278341244
5786,0x10972974,0x02373d5d,2,55,157.09,278342004
5787,0x10972a99,0x001b2fa6,0,27,121.98,278342297
5788,0x109727b0,0x07101124,7,16,43.88,278341552
5789,0x10972713,0x062c06a6,6,44,17.02,278341395
5790,0x109729b8,0x031d22ed,3,29,89.41,278342072
5791,0x10972a09,0x020e3d58,2,14,157.04,278342153
5792,0x10972b28,0x00262f96,0,38,121.82,278342440
5793,0x10972811,0x07231124,7,35,43.88,278341649
5794,0x10972855,0x0414554a,4,20,218.34,278341717
5795,0x10972a70,0x010d0f19,1,13,38.65,278342256
5796,0x10972772,0x060a06a6,6,10,17.02,278341490
5797,0x10972a25,0x033a22e6,3,58,89.34,278342181
5798,0x1097286d,0x07151124,7,21,43.88,278341741
5799,0x10972944,0x04035522,4,3,217.94,278341956
5800,0x1097271e,0x05081ef3,5,8,79.23,278341406
5801,0x10972a09,0x020c3d58,2,12,157.04,278342153
5802,0x1097275e,0x053e1eeb,5,62,79.15,278341470
5803,0x10972772,0x060606a6,6,6,17.02,278341490
5804,0x10967168,0x011701b7,1,23,4.39,278294888
5805,0x10972a25,0x031a22e6,3,26,89.34,278342181
5806,0x1097286d,0x07291124,7,41,43.88,278341741
5807,0x10972a6f,0x02033d50,2,3,156.96,278342255
5808,0x10972bf5,0x00122f6f,0,18,121.43,278342645
5809,0x10972944,0x041b5522,4,27,217.94,278341956
5810,0x109728a7,0x060106a3,6,1,16.99,278341799
5811,0x10972bbf,0x02223d3f,2,34,156.79,278342591
5812,0x10972932,0x064c06a2,6,76,16.98,278341938
5813,0x1097286d,0x07151124,7,21,43.88,278341741
5814,0x10972a25,0x031122e6,3,17,89.34,278342181
5815,0x1097275e,0x05051eeb,5,5,79.15,278341470
5816,0x10972c4b,0x01010f13,1,1,38.59,278342731
5817,0x10972bf5,0x00232f6f,0,35,121.43,278342645
5818,0x10972904,0x070d1124,7,13,43.88,278341892
5819,0x10972944,0x04225522,4,34,217.94,278341956
5820,0x10972a8e,0x030a22e6,3,10,89.34,278342286
5821,0x10972bbf,0x021a3d3f,2,26,156.79,278342591
5822,0x10972932,0x061a06a2,6,26,16.98,278341938
5823,0x10967168,0x010701b7,1,7,4.39,278294888
5824,0x10972a0a,0x04405507,4,64,217.67,278342154
5825,0x1097275e,0x05091eeb,5,9,79.15,278341470
5826,0x10972904,0x071b1124,7,27,43.88,278341892
5827,0x10972991,0x063c06a2,6,60,16.98,278342033
5828,0x10972bf5,0x002c2f6f,0,44,121.43,278342645
5829,0x10972a8e,0x032522e6,3,37,89.34,278342286
5830,0x10972bbf,0x02253d3f,2,37,156.79,278342591
5831,0x10972998,0x07031123,7,3,43.87,278342040
5832,0x1097279a,0x05101ee8,5,16,79.12,278341530
5833,0x10972a0a,0x041b5507,4,27,217.67,278342154
5834,0x10972c65,0x000d2f6b,0,13,121.39,278342757
5835,0x10972d07,0x012f0f13,1,47,38.59,278342919
5836,0x10972991,0x061706a2,6,23,16.98,278342033
5837,0x10972a73,0x043354f9,4,51,217.53,278342259
5838,0x10972cd3,0x00222f69,0,34,121.37,278342867
5839,0x109727d2,0x05291edf,5,41,79.03,278341586
5840,0x10972a8e,0x031c22e6,3,28,89.34,278342286
5841,0x10972998,0x071c1123,7,28,43.87,278342040
5842,0x10972bbf,0x02033d3f,2,3,156.79,278342591
5843,0x10972a22,0x061106a0,6,17,16.96,278342178
5844,0x10972b4d,0x032e22e1,3,46,89.29,278342477
5845,0x10972a73,0x040654f9,4,6,217.53,278342259
5846,0x10972c8b,0x02363d3b,2,54,156.75,278342795
5847,0x109727d2,0x052c1edf,5,44,79.03,278341586
5848,0x10972cd3,0x00172f69,0,23,121.37,278342867
5849,0x10972998,0x07261123,7,38,43.87,278342040
5850,0x10972b06,0x041854e8,4,24,217.36,278342406
5851,0x10972d55,0x022a3d33,2,42,156.67,278342997
5852,0x10972a22,0x061906a0,6,25,16.96,278342178
5853,0x10972857,0x05261edb,5,38,78.99,278341719
5854,0x10972857,0x05361edb,5,54,78.99,278341719
5855,0x10972b4d,0x031722e1,3,23,89.29,278342477
5856,0x10972d87,0x01060f12,1,6,38.58,278343047
5857,0x10972cd3,0x001b2f69,0,27,121.37,278342867
5858,0x10972857,0x05071edb,5,7,78.99,278341719
5859,0x10972998,0x07021123,7,2,43.87,278342040
5860,0x10972b06,0x042954e8,4,41,217.36,278342406
5861,0x10972a22,0x063606a0,6,54,16.96,278342178
5862,0x10972dd6,0x01400f12,1,64,38.58,278343126
5863,0x10972d55,0x022b3d33,2,43,156.67,278342997
5864,0x10972d98,0x00072f59,0,7,121.21,278343064
5865,0x10972b4d,0x030e22e1,3,14,89.29,278342477
5866,0x1097288f,0x051f1ed9,5,31,78.97,278341775
5867,0x10972bfc,0x04045499,4,4,216.57,278342652
5868,0x10972e1d,0x02163d2d,2,22,156.61,278343197
5869,0x10972aaa,0x062b06a0,6,43,16.96,278342314
5870,0x10972941,0x05101ed8,5,16,78.96,278341953
5871,0x10972be2,0x031022df,3,16,89.27,278342626
5872,0x10972998,0x07031123,7,3,43.87,278342040
5873,0x10972c6d,0x042b5493,4,43,216.51,278342765
5874,0x10972941,0x05361ed8,5,54,78.96,278341953
5875,0x10972941,0x05051ed8,5,5,78.96,278341953
5876,0x10972aaa,0x063106a0,6,49,16.96,278342314
5877,0x10972e1d,0x02223d2d,2,34,156.61,278343197
5878,0x10972be2,0x032622df,3,38,89.27,278342626
5879,0x109729d5,0x05311ed7,5,49,78.95,278342101
5880,0x10972c6d,0x04185493,4,24,216.51,278342765
5881,0x10972ecb,0x00072f4b,0,7,121.07,278343371
5882,0x10972998,0x07041123,7,4,43.87,278342040
5883,0x10972b3b,0x061a06a0,6,26,16.96,278342459
5884,0x10972dd6,0x01170f12,1,23,38.58,278343126
5885,0x109729d5,0x05061ed7,5,6,78.95,278342101
5886,0x10972d0a,0x04315490,4,49,216.48,278342922
5887,0x10972a7f,0x05021ecf,5,2,78.87,278342271
5888,0x10972be2,0x030f22df,3,15,89.27,278342626
5889,0x10972e1d,0x020d3d2d,2,13,156.61,278343197
5890,0x10972a7f,0x05081ecf,5,8,78.87,278342271
5891,0x10972b3b,0x063806a0,6,56,16.96,278342459
5892,0x10972998,0x07121123,7,18,43.87,278342040
5893,0x10972ebb,0x023c3d1e,2,60,156.46,278343355
5894,0x10972a7f,0x05031ecf,5,3,78.87,278342271
5895,0x10972d0a,0x040a5490,4,10,216.48,278342922
5896,0x10972a24,0x07501120,7,80,43.84,278342180
5897,0x10972be1,0x060b06a0,6,11,16.96,278342625
5898,0x10972e8e,0x01050f11,1,5,38.57,278343310
5899,0x10972af8,0x053a1ecf,5,58,78.87,278342392
5900,0x10972ecb,0x00472f4b,0,71,121.07,278343371
5901,0x10972be2,0x031022df,3,16,89.27,278342626
5902,0x10972af8,0x05221ecf,5,34,78.87,278342392
5903,0x10972f3b,0x00012f49,0,1,121.05,278343483
5904,0x10972c4c,0x030422db,3,4,89.23,278342732
5905,0x10972b7f,0x051b1ecd,5,27,78.85,278342527
5906,0x10972d0a,0x04025490,4,2,216.48,278342922
5907,0x10972ebb,0x02123d1e,2,18,156.46,278343355
5908,0x10972be1,0x065006a0,6,80,16.96,278342625
5909,0x10972a24,0x07131120,7,19,43.84,278342180
5910,0x10972e8e,0x01030f11,1,3,38.57,278343310
5911,0x10972b7f,0x05251ecd,5,37,78.85,278342527
5912,0x10972cdf,0x030322c3,3,3,88.99,278342879
5913,0x10972f29,0x02133d16,2,19,156.38,278343465
5914,0x10972c9f,0x0603069f,6,3,16.95,278342815
5915,0x10972a80,0x0726111e,7,38,43.82,278342272
5916,0x10972c39,0x05181ecd,5,24,78.85,278342713
5917,0x10972f3b,0x00372f49,0,55,121.05,278343483
5918,0x10972ed7,0x01280f11,1,40,38.57,278343383
5919,0x10972d0a,0x04025490,4,2,216.48,278342922
5920,0x10972c39,0x05241ecd,5,36,78.85,278342713
5921,0x10972cdf,0x035522c3,3,85,88.99,278342879
5922,0x10972f29,0x02373d16,2,55,156.38,278343465
5923,0x10972cbb,0x05191ec5,5,25,78.77,278342843
5924,0x10972c9f,0x0617069f,6,23,16.95,278342815
5925,0x10972a80,0x0718111e,7,24,43.82,278342272
5926,0x10972d43,0x030622c0,3,6,88.96,278342979
5927,0x10972cbb,0x051f1ec5,5,31,78.77,278342843
5928,0x10972d0a,0x04105490,4,16,216.48,278342922
5929,0x10972d34,0x063f069e,6,63,16.94,278342964
5930,0x10972b0d,0x0706111d,7,6,43.81,278342413
5931,0x10972f3b,0x000e2f49,0,14,121.05,278343483
5932,0x10972d9c,0x051e1ec3,5,30,78.75,278343068
5933,0x10972ed7,0x01150f11,1,21,38.57,278343383
5934,0x10972f29,0x02013d16,2,1,156.38,278343465
5935,0x10972d95,0x0410548d,4,16,216.45,278343061
5936,0x10972c52,0x070c111a,7,12,43.78,278342738
5937,0x10972f7d,0x00402f45,0,64,121.01,278343549
5938,0x10972d9c,0x05381ec3,5,56,78.75,278343068
5939,0x10972d43,0x032022c0,3,32,88.96,278342979
5940,0x10972d34,0x0603069e,6,3,16.94,278342964
5941,0x10972fbf,0x024d3d15,2,77,156.37,278343615
5942,0x10972e1b,0x042e5489,4,46,216.41,278343195
5943,0x10972cda,0x0739111a,7,57,43.78,278342874
5944,0x10972ddf,0x030122bb,3,1,88.91,278343135
5945,0x10973133,0x05051ec0,5,5,78.72,278343987
5946,0x10972dc1,0x060e069e,6,14,16.94,278343105
5947,0x109730b1,0x020a3d0c,2,10,156.28,278343857
5948,0x10972ed7,0x01210f11,1,33,38.57,278343383
5949,0x10972f7d,0x00242f45,0,36,121.01,278343549
5950,0x10973133,0x053d1ec0,5,61,78.72,278343987
5951,0x10972e43,0x033022b9,3,48,88.89,278343235
5952,0x10972e1b,0x041c5489,4,28,216.41,278343195
5953,0x10972cda,0x070b111a,7,11,43.78,278342874
5954,0x10973019,0x00322f43,0,50,120.99,278343705
5955,0x10972f51,0x01130f11,1,19,38.57,278343505
5956,0x10973133,0x05051ec0,5,5,78.72,278343987
5957,0x10972ed5,0x04425486,4,66,216.38,278343381
5958,0x10972dc1,0x0654069e,6,84,16.94,278343105
5959,0x109730b1,0x02393d0c,2,57,156.28,278343857
5960,0x10972e43,0x030c22b9,3,12,88.89,278343235
5961,0x10972e20,0x0612069e,6,18,16.94,278343200
5962,0x10972cda,0x0711111a,7,17,43.78,278342874
5963,0x10973019,0x00202f43,0,32,120.99,278343705
5964,0x10972f51,0x01090f11,1,9,38.57,278343505
5965,0x10972ed5,0x04045486,4,4,216.38,278343381
5966,0x109731eb,0x051b1ebd,5,27,78.69,278344171
5967,0x10972d5f,0x07511117,7,81,43.75,278343007
5968,0x10973086,0x00102f3b,0,16,120.91,278343814
5969,0x10972e43,0x032122b9,3,33,88.89,278343235
5970,0x1097317e,0x020c3cfb,2,12,156.11,278344062
5971,0x10972fdc,0x013c0f0d,1,60,38.53,278343644
5972,0x10972dbb,0x07021116,7,2,43.74,278343099
5973,0x10972e20,0x063e069e,6,62,16.94,278343200
5974,0x10972ecb,0x033622b7,3,54,88.87,278343371
5975,0x109731ec,0x02273cf7,2,39,156.07,278344172
5976,0x1097308b,0x01100f08,1,16,38.48,278343819
5977,0x1096954b,0x050e036c,5,14,8.76,278304075
5978,0x10972ed5,0x041b5486,4,27,216.38,278343381
5979,0x10973086,0x00062f3b,0,6,120.91,278343814
5980,0x10972dbb,0x07371116,7,55,43.74,278343099
5981,0x10972e20,0x060b069e,6,11,16.94,278343200
5982,0x10972f65,0x04205484,4,32,216.36,278343525
5983,0x1096974e,0x050a036b,5,10,8.75,278304590
5984,0x10972ecb,0x031122b7,3,17,88.87,278343371
5985,0x10972e17,0x07041114,7,4,43.72,278343191
5986,0x10972ebc,0x061e069c,6,30,16.92,278343356
5987,0x10972f2a,0x032f22b5,3,47,88.85,278343466
5988,0x10973086,0x00492f3b,0,73,120.91,278343814
5989,0x1097308b,0x01110f08,1,17,38.48,278343819
5990,0x10972f49,0x0606069b,6,6,16.91,278343497
5991,0x10972f65,0x042d5484,4,45,216.36,278343525
5992,0x109732d4,0x051d1eba,5,29,78.66,278344404
5993,0x10972f8e,0x032222b2,3,34,88.82,278343566
5994,0x109731b2,0x00052f2b,0,5,120.75,278344114
5995,0x10972e17,0x07061114,7,6,43.72,278343191
5996,0x10972fc9,0x04075482,4,7,216.34,278343625
5997,0x1097328d,0x02343cf5,2,52,156.05,278344333
5998,0x10972f49,0x0609069b,6,9,16.91,278343497
5999,0x10973028,0x0401547a,4,1,216.26,278343720
6000,0x1097308b,0x011d0f08,1,29,38.48,278343819
6001,0x10972f8e,0x030522b2,3,5,88.82,278343566
6002,0x10972e17,0x07191114,7,25,43.72,278343191
6003,0x109731b2,0x00252f2b,0,37,120.75,278344114
6004,0x10972fd8,0x0610069b,6,16,16.91,278343640
6005,0x1097310e,0x01210f07,1,33,38.47,278343950
6006,0x10973053,0x034c22b2,3,76,88.82,278343763
6007,0x109732d4,0x05111eba,5,17,78.66,278344404
6008,0x1097328d,0x02133cf5,2,19,156.05,278344333
6009,0x10973067,0x0648069b,6,72,16.91,278343783
6010,0x10973028,0x0406547a,4,6,216.26,278343720
6011,0x1096974e,0x054e036b,5,78,8.75,278304590
6012,0x109730db,0x031422ad,3,20,88.77,278343899
6013,0x10972e17,0x07191114,7,25,43.72,278343191
6014,0x109731b2,0x00162f2b,0,22,120.75,278344114
6015,0x109732d4,0x02383ced,2,56,155.97,278344404
6016,0x109698c4,0x0503036a,5,3,8.74,278304964
6017,0x10972e78,0x07281110,7,40,43.68,278343288
6018,0x1097310e,0x011f0f07,1,31,38.47,278343950
6019,0x10973028,0x0402547a,4,2,216.26,278343720
6020,0x109732aa,0x000c2f17,0,12,120.55,278344362
6021,0x10973067,0x061d069b,6,29,16.91,278343783
6022,0x109731bb,0x01100f02,1,16,38.42,278344123
6023,0x109730db,0x032322ad,3,35,88.77,278343899
6024,0x10972e78,0x070d1110,7,13,43.68,278343288
6025,0x10973297,0x01110f02,1,17,38.42,278344343
6026,0x109732d4,0x020b3ced,2,11,155.97,278344404
6027,0x10973067,0x0601069b,6,1,16.91,278343783
6028,0x10973028,0x0425547a,4,37,216.26,278343720
6029,0x109732aa,0x00172f17,0,23,120.55,278344362
6030,0x10972ed4,0x07331105,7,51,43.57,278343380
6031,0x109730f2,0x062d069b,6,45,16.91,278343922
6032,0x10973198,0x032222a7,3,34,88.71,278344088
6033,0x1097308c,0x0433546c,4,51,216.12,278343820
6034,0x1097326e,0x06110699,6,17,16.89,278344302
6035,0x10973297,0x01240f02,1,36,38.42,278344343
6036,0x109732aa,0x00012f17,0,1,120.55,278344362
6037,0x109732d4,0x02043ced,2,4,155.97,278344404
6038,0x10972ed4,0x07031105,7,3,43.57,278343380
6039,0x10973152,0x0402545d,4,2,215.97,278344018
6040,0x10973198,0x033422a7,3,52,88.71,278344088
6041,0x1097331a,0x012c0f02,1,44,38.42,278344474
6042,0x10972f3e,0x07401104,7,64,43.56,278343486
6043,0x10973322,0x06150699,6,21,16.89,278344482
6044,0x109732aa,0x00302f17,0,48,120.55,278344362
6045,0x10972fd7,0x07171104,7,23,43.56,278343639
6046,0x109731dd,0x040f5451,4,15,215.85,278344157
6047,0x10973366,0x02103cde,2,16,155.82,278344550
6048,0x10973198,0x030d22a7,3,13,88.71,278344088
6049,0x10973422,0x022a3cde,2,42,155.82,278344738
6050,0x109733e5,0x06390697,6,57,16.87,278344677
6051,0x109731fc,0x030a22a7,3,10,88.71,278344188
6052,0x10972fd7,0x07281104,7,40,43.56,278343639
6053,0x1097331a,0x010c0f02,1,12,38.42,278344474
6054,0x10973422,0x02043cde,2,4,155.82,278344738
6055,0x109732aa,0x00032f17,0,3,120.55,278344362
6056,0x109731dd,0x042c5451,4,44,215.85,278344157
6057,0x10973287,0x030722a1,3,7,88.65,278344327
6058,0x10973346,0x00412f04,0,65,120.36,278344518
6059,0x1097351f,0x021b3cc5,2,27,155.57,278344991
6060,0x109733e5,0x06230697,6,35,16.87,278344677
6061,0x1097333e,0x030422a1,3,4,88.65,278344510
6062,0x10972fd7,0x07151104,7,21,43.56,278343639
6063,0x1097331a,0x01290f02,1,41,38.42,278344474
6064,0x109731dd,0x040b5451,4,11,215.85,278344157
6065,0x1097344e,0x06230697,6,35,16.87,278344782
6066,0x109733fa,0x030c229d,3,12,88.61,278344698
6067,0x10973618,0x02073cc2,2,7,155.54,278345240
6068,0x1097306b,0x07221103,7,34,43.55,278343787
6069,0x10973346,0x001a2f04,0,26,120.36,278344518
6070,0x109733c8,0x01010eff,1,1,38.39,278344648
6071,0x109733b3,0x000d2efa,0,13,120.26,278344627
6072,0x109731dd,0x040d5451,4,13,215.85,278344157
6073,0x1097344e,0x06120697,6,18,16.87,278344782
6074,0x1097306b,0x072a1103,7,42,43.55,278343787
6075,0x109733fa,0x030a229d,3,10,88.61,278344698
6076,0x10973694,0x020e3cc2,2,14,155.54,278345364
6077,0x10973434,0x05241eb1,5,36,78.57,278344756
6078,0x1097323c,0x0429542f,4,41,215.51,278344252
6079,0x10973557,0x060b0694,6,11,16.84,278345047
6080,0x109733b3,0x001b2efa,0,27,120.26,278344627
6081,0x109733c8,0x01250eff,1,37,38.39,278344648
6082,0x10973694,0x024a3cc2,2,74,155.54,278345364
6083,0x109732cb,0x0423542b,4,35,215.47,278344395
6084,0x1097347f,0x05111ea8,5,17,78.48,278344831
6085,0x109735c4,0x06320693,6,50,16.83,278345156
6086,0x109733fa,0x0317229d,3,23,88.61,278344698
6087,0x109734a1,0x012c0eff,1,44,38.39,278344865
6088,0x1097306b,0x07051103,7,5,43.55,278343787
6089,0x10973659,0x060b0693,6,11,16.83,278345305
6090,0x109734c8,0x052a1ea8,5,42,78.48,278344904
6091,0x109733b3,0x00172efa,0,23,120.26,278344627
6092,0x109734df,0x03102291,3,16,88.49,278344927
6093,0x109732cb,0x040a542b,4,10,215.47,278344395
6094,0x1097372d,0x02163cab,2,22,155.31,278345517
6095,0x10973153,0x072f1102,7,47,43.54,278344019
6096,0x10973659,0x06380693,6,56,16.83,278345305
6097,0x109733b3,0x00072efa,0,7,120.26,278344627
6098,0x109734a1,0x010f0eff,1,15,38.39,278344865
6099,0x109734df,0x03312291,3,49,88.49,278344927
6100,0x109731af,0x07131101,7,19,43.53,278344111
6101,0x109732cb,0x0415542b,4,21,215.47,278344395
6102,0x1097353e,0x0330228b,3,48,88.43,278345022
6103,0x1097326d,0x07051101,7,5,43.53,278344301
6104,0x10973388,0x040e5418,4,14,215.28,278344584
6105,0x109734a1,0x01170eff,1,23,38.39,278344865
6106,0x109733b3,0x00192efa,0,25,120.26,278344627
6107,0x1097372d,0x023d3cab,2,61,155.31,278345517
6108,0x109733e7,0x042553f1,4,37,214.89,278344679
6109,0x1097353e,0x030a228b,3,10,88.43,278345022
6110,0x1097326d,0x07201101,7,32,43.53,278344301
6111,0x10973448,0x002d2ee9,0,45,120.09,278344776
6112,0x10973446,0x040253ee,4,2,214.86,278344774
6113,0x10973550,0x01230efe,1,35,38.38,278345040
6114,0x109737be,0x02083ca9,2,8,155.29,278345662
6115,0x1097365c,0x0307227b,3,7,88.27,278345308
6116,0x109732f2,0x07141100,7,20,43.52,278344434
6117,0x10973749,0x061a0692,6,26,16.82,278345545
6118,0x109734b1,0x00172edf,0,23,119.99,278344881
6119,0x109733aa,0x070510f3,7,5,43.39,278344618
6120,0x10973877,0x02263ca5,2,38,155.25,278345847
6121,0x109737b7,0x06080692,6,8,16.82,278345655
6122,0x10973446,0x042b53ee,4,43,214.86,278344774
6123,0x10973435,0x071710f2,7,23,43.38,278344757
6124,0x10973877,0x02133ca5,2,19,155.25,278345847
6125,0x1097365c,0x030d227b,3,13,88.27,278345308
6126,0x10973550,0x01020efe,1,2,38.38,278345040
6127,0x109737f7,0x06070692,6,7,16.82,278345719
6128,0x109734b1,0x00232edf,0,35,119.99,278344881
6129,0x1097352f,0x040553ec,4,5,214.84,278345007
6130,0x10973515,0x002b2edd,0,43,119.97,278344981
6131,0x10973435,0x073510f2,7,53,43.38,278344757
6132,0x1097365c,0x0306227b,3,6,88.27,278345308
6133,0x1097357e,0x000b2edb,0,11,119.95,278345086
6134,0x10973911,0x02133ca1,2,19,155.21,278346001
6135,0x1097352f,0x043253ec,4,50,214.84,278345007
6136,0x109737f7,0x06150692,6,21,16.82,278345719
6137,0x10973550,0x01300efe,1,48,38.38,278345040
6138,0x109734c0,0x072510f1,7,37,43.37,278344896
6139,0x10973911,0x02373ca1,2,55,155.21,278346001
6140,0x1097358e,0x042153da,4,33,214.66,278345102
6141,0x109735dc,0x012a0efe,1,42,38.38,278345180
6142,0x1097365c,0x0328227b,3,40,88.27,278345308
6143,0x1097357e,0x00032edb,0,3,119.95,278345086
6144,0x109737f7,0x06290692,6,41,16.82,278345719
6145,0x109734c0,0x070b10f1,7,11,43.37,278344896
6146,0x10973689,0x01020efd,1,2,38.37,278345353
6147,0x109736c5,0x03102279,3,16,88.25,278345413
6148,0x1097358e,0x041353da,4,19,214.66,278345102
6149,0x1097357f,0x072410ee,7,36,43.34,278345087
6150,0x10973761,0x03292277,3,41,88.23,278345569
6151,0x109735ed,0x042d53d0,4,45,214.56,278345197
6152,0x1097357e,0x00052edb,0,5,119.95,278345086
6153,0x109737f7,0x061f0692,6,31,16.82,278345719
6154,0x109739e6,0x02093c9d,2,9,155.17,278346214
6155,0x109734c8,0x052f1ea8,5,47,78.48,278344904
6156,0x10973689,0x012e0efd,1,46,38.37,278345353
6157,0x109737f1,0x03032276,3,3,88.22,278345713
6158,0x10973651,0x041253cf,4,18,214.55,278345297
6159,0x10973615,0x00062eb4,0,6,119.56,278345237
6160,0x109739e6,0x020c3c9d,2,12,155.17,278346214
6161,0x1097357f,0x073710ee,7,55,43.34,278345087
6162,0x1097382f,0x06150692,6,21,16.82,278345775
6163,0x109739e6,0x020c3c9d,2,12,155.17,278346214
6164,0x10973739,0x010d0ef7,1,13,38.31,278345529
6165,0x10973511,0x05031ea5,5,3,78.45,278344977
6166,0x109738f0,0x06190691,6,25,16.81,278345968
6167,0x109739e6,0x020c3c9d,2,12,155.17,278346214
6168,0x109737f1,0x03332276,3,51,88.22,278345713
6169,0x10973651,0x041f53cf,4,31,214.55,278345297
6170,0x10973615,0x000b2eb4,0,11,119.56,278345237
6171,0x1097357f,0x070b10ee,7,11,43.34,278345087
6172,0x10973881,0x03092267,3,9,88.07,278345857
6173,0x10973716,0x040453c5,4,4,214.45,278345494
6174,0x1097369d,0x00222ea1,0,34,119.37,278345373
6175,0x10973739,0x013a0ef7,1,58,38.31,278345529
6176,0x109735db,0x075310ec,7,83,43.32,278345179
6177,0x109738f0,0x06070691,6,7,16.81,278345968
6178,0x109739e6,0x02173c9d,2,23,155.17,278346214
6179,0x109737c0,0x01220ef5,1,34,38.29,278345664
6180,0x10973944,0x030e225e,3,14,87.98,278346052
6181,0x10973667,0x070510eb,7,5,43.31,278345319
6182,0x1097395a,0x060a0691,6,10,16.81,278346074
6183,0x109737c0,0x012b0ef5,1,43,38.29,278345664
6184,0x1097369d,0x00282ea1,0,40,119.37,278345373
6185,0x10973a33,0x03172252,3,23,87.86,278346291
6186,0x10973716,0x040b53c5,4,11,214.45,278345494
6187,0x1096931f,0x060500be,6,5,1.90,278303519
6188,0x10973511,0x050b1ea5,5,11,78.45,278344977
6189,0x109736fc,0x00232e96,0,35,119.26,278345468
6190,0x10973874,0x012d0ef5,1,45,38.29,278345844
6191,0x10973667,0x072d10eb,7,45,43.31,278345319
6192,0x10973ae8,0x02493c91,2,73,155.05,278346472
6193,0x10973716,0x042953c5,4,41,214.45,278345494
6194,0x109736c3,0x072d10e9,7,45,43.29,278345411
6195,0x10973a33,0x03302252,3,48,87.86,278346291
6196,0x10973b43,0x064d068f,6,77,16.79,278346563
6197,0x10973874,0x012a0ef5,1,42,38.29,278345844
6198,0x109736fc,0x00292e96,0,41,119.26,278345468
6199,0x1096931f,0x061400be,6,20,1.90,278303519
6200,0x109738ed,0x010d0ef2,1,13,38.26,278345965
6201,0x10973716,0x041b53c5,4,27,214.45,278345494
6202,0x109736c3,0x070610e9,7,6,43.29,278345411
6203,0x10973ae8,0x020a3c91,2,10,155.05,278346472
6204,0x10973b2a,0x03032250,3,3,87.84,278346538
6205,0x109738ed,0x013f0ef2,1,63,38.26,278345965
6206,0x10973746,0x070610e8,7,6,43.28,278345542
6207,0x10973775,0x042653bf,4,38,214.39,278345589
6208,0x10973760,0x00092e94,0,9,119.24,278345568
6209,0x10973b98,0x0336224d,3,54,87.81,278346648
6210,0x109739c9,0x01110ef1,1,17,38.25,278346185
6211,0x10973be2,0x0603068f,6,3,16.79,278346722
6212,0x10973b7c,0x021f3c8b,2,31,154.99,278346620
6213,0x10973746,0x070d10e8,7,13,43.28,278345542
6214,0x10973b7c,0x02253c8b,2,37,154.99,278346620
6215,0x10973775,0x041a53bf,4,26,214.39,278345589
6216,0x10973a6f,0x01040ef0,1,4,38.24,278346351
6217,0x10973760,0x00222e94,0,34,119.24,278345568
6218,0x10973b7c,0x02173c8b,2,23,154.99,278346620
6219,0x10973c39,0x03102243,3,16,87.71,278346809
6220,0x10973be2,0x062a068f,6,42,16.79,278346722
6221,0x10973746,0x070f10e8,7,15,43.28,278345542
6222,0x10973bf7,0x02193c8a,2,25,154.98,278346743
6223,0x10973775,0x040953bf,4,9,214.39,278345589
6224,0x10973a6f,0x011d0ef0,1,29,38.24,278346351
6225,0x109737fb,0x073910e7,7,57,43.27,278345723
6226,0x1097386c,0x041a53b5,4,26,214.29,278345836
6227,0x10973cad,0x03262237,3,38,87.59,278346925
6228,0x10973be2,0x0602068f,6,2,16.79,278346722
6229,0x10973b5e,0x01180eef,1,24,38.23,278346590
6230,0x10973760,0x000c2e94,0,12,119.24,278345568
6231,0x109738f7,0x041553b5,4,21,214.29,278345975
6232,0x10967176,0x030b04dc,3,11,12.44,278294902
6233,0x10973c52,0x0621068e,6,33,16.78,278346834
6234,0x10973bf7,0x02023c8a,2,2,154.98,278346743
6235,0x109737fb,0x070410e7,7,4,43.27,278345723
6236,0x109737bf,0x00142e87,0,20,119.11,278345663
6237,0x10967330,0x031104da,3,17,12.42,278295344
6238,0x10973898,0x00132e7e,0,19,119.02,278345880
6239,0x109738e1,0x074210e5,7,66,43.25,278345953
6240,0x109738f7,0x040e53b5,4,14,214.29,278345975
6241,0x10973c87,0x01110eed,1,17,38.21,278346887
6242,0x10973969,0x070110e4,7,1,43.24,278346089
6243,0x10973c52,0x0624068e,6,36,16.78,278346834
6244,0x10973bf7,0x02213c8a,2,33,154.98,278346743
6245,0x10973511,0x05241ea5,5,36,78.45,278344977
6246,0x10973d2e,0x010b0eed,1,11,38.21,278347054
6247,0x10973d78,0x032e2237,3,46,87.59,278347128
6248,0x10973cdf,0x02273c80,2,39,154.88,278346975
6249,0x109738f7,0x041653b5,4,22,214.29,278345975
6250,0x10973898,0x001a2e7e,0,26,119.02,278345880
6251,0x10967168,0x011501b7,1,21,4.39,278294888
6252,0x10973969,0x071510e4,7,21,43.24,278346089
6253,0x1096749c,0x05232352,5,35,90.42,278295708
6254,0x10973985,0x041a53b1,4,26,214.25,278346117
6255,0x1097394c,0x00032e7a,0,3,118.98,278346060
6256,0x10973d78,0x03242237,3,36,87.59,278347128
6257,0x1096749c,0x050e2352,5,14,90.42,278295708
6258,0x10967196,0x010501b7,1,5,4.39,278294934
6259,0x10973cc0,0x0615068d,6,21,16.77,278346944
6260,0x109738e2,0x05013ca9,5,1,155.29,278345954
6261,0x10973969,0x070310e4,7,3,43.24,278346089
6262,0x10973d5a,0x02063c7f,2,6,154.87,278347098
6263,0x109738e2,0x05013ca9,5,1,155.29,278345954
6264,0x10973985,0x042c53b1,4,44,214.25,278346117
6265,0x10973d59,0x060d068d,6,13,16.77,278347097
6266,0x1097394c,0x001e2e7a,0,30,118.98,278346060
6267,0x109738e2,0x05013ca9,5,1,155.29,278345954
6268,0x109739f4,0x071410df,7,20,43.19,278346228
6269,0x10973d78,0x03052237,3,5,87.59,278347128
6270,0x10973e53,0x01230eeb,1,35,38.19,278347347
6271,0x10973a50,0x071410de,7,20,43.18,278346320
6272,0x1096749c,0x05312352,5,49,90.42,278295708
6273,0x10973e53,0x011b0eeb,1,27,38.19,278347347
6274,0x10973d5a,0x02433c7f,2,67,154.87,278347098
6275,0x10973985,0x040e53b1,4,14,214.25,278346117
6276,0x10973556,0x051d1ea4,5,29,78.44,278345046
6277,0x10973d59,0x0633068d,6,51,16.77,278347097
6278,0x1097394c,0x00022e7a,0,2,118.98,278346060
6279,0x10973b0b,0x071b10db,7,27,43.15,278346507
6280,0x10973e44,0x03282228,3,40,87.44,278347332
6281,0x10973df8,0x021a3c7a,2,26,154.82,278347256
6282,0x10973a3c,0x043a53b0,4,58,214.24,278346300
6283,0x10973ef2,0x01380eeb,1,56,38.19,278347506
6284,0x10973556,0x051f1ea4,5,31,78.44,278345046
6285,0x10973eb2,0x033b2227,3,59,87.43,278347442
6286,0x10973597,0x05341ea3,5,52,78.43,278345111
6287,0x10973acc,0x040753b0,4,7,214.24,278346444
6288,0x10973ef2,0x01070eeb,1,7,38.19,278347506
6289,0x10973d59,0x0625068d,6,37,16.77,278347097
6290,0x10973b0b,0x070410db,7,4,43.15,278346507
6291,0x1097394c,0x00362e7a,0,54,118.98,278346060
6292,0x10973dc6,0x0616068d,6,22,16.77,278347206
6293,0x10973b96,0x074b10da,7,75,43.14,278346646
6294,0x10973f28,0x02113c6b,2,17,154.67,278347560
6295,0x109739b0,0x00302e60,0,48,118.72,278346160
6296,0x10973597,0x05161ea3,5,22,78.43,278345111
6297,0x10973eb2,0x03122227,3,18,87.43,278347442
6298,0x10973acc,0x043853b0,4,56,214.24,278346444
6299,0x10967196,0x014201b7,1,66,4.39,278294934
6300,0x10973597,0x05181ea3,5,24,78.43,278345111
6301,0x10967330,0x031304da,3,19,12.42,278295344
6302,0x109672ec,0x011501b6,1,21,4.38,278295276
6303,0x10973b2b,0x042c53b0,4,44,214.24,278346539
6304,0x10973dc6,0x0639068d,6,57,16.77,278347206
6305,0x10973b96,0x070610da,7,6,43.14,278346646
6306,0x1096eb3d,0x051d420d,5,29,169.09,278326077
6307,0x109739b0,0x00292e60,0,41,118.72,278346160
6308,0x10973c1f,0x074110d8,7,65,43.12,278346783
6309,0x1096eb3d,0x050a420d,5,10,169.09,278326077
6310,0x10967330,0x030504da,3,5,12.42,278295344
6311,0x109739b7,0x00023c9e,0,2,155.18,278346167
6312,0x10973fa5,0x02183c65,2,24,154.61,278347685
6313,0x10973fe6,0x010f0eeb,1,15,38.19,278347750
6314,0x109739b7,0x05363c9e,5,54,155.18,278346167
6315,0x10973c7b,0x070410d8,7,4,43.12,278346875
6316,0x10973b2b,0x040c53b0,4,12,214.24,278346539
6317,0x10973dc6,0x0607068d,6,7,16.77,278347206
6318,0x10967736,0x032f04d3,3,47,12.35,278296374
6319,0x109739b7,0x000e3c9e,0,14,155.18,278346167
6320,0x10973fe6,0x010b0eeb,1,11,38.19,278347750
6321,0x10973e02,0x0621068d,6,33,16.77,278347266
6322,0x109739b7,0x05083c9e,5,8,155.18,278346167
6323,0x109739b7,0x00203c9e,0,32,155.18,278346167
6324,0x109739b7,0x05113c9e,5,17,155.18,278346167
6325,0x10973c7b,0x074d10d8,7,77,43.12,278346875
6326,0x10973b2b,0x042053b0,4,32,214.24,278346539
6327,0x10973fa5,0x021f3c65,2,31,154.61,278347685
6328,0x10967736,0x030204d3,3,2,12.35,278296374
6329,0x10973dc4,0x070910d2,7,9,43.06,278347204
6330,0x109739b7,0x00063c9e,0,6,155.18,278346167
6331,0x109739b7,0x051d3c9e,5,29,155.18,278346167
6332,0x10973e02,0x0605068d,6,5,16.77,278347266
6333,0x109735d3,0x05181e9d,5,24,78.37,278345171
6334,0x109740a4,0x012d0ee9,1,45,38.17,278347940
6335,0x10974042,0x02373c59,2,55,154.49,278347842
6336,0x10967cdf,0x033704cb,3,55,12.27,278297823
6337,0x10973e25,0x071010d0,7,16,43.04,278347301
6338,0x10973e94,0x061f068c,6,31,16.76,278347412
6339,0x10973b2b,0x040753b0,4,7,214.24,278346539
6340,0x109735d3,0x052d1e9d,5,45,78.37,278345171
6341,0x10967ed6,0x031e04c8,3,30,12.24,278298326
6342,0x10973efc,0x060d068b,6,13,16.75,278347516
6343,0x10973b8a,0x043353a7,4,51,214.15,278346634
6344,0x109689bf,0x021f0719,2,31,18.17,278301119
6345,0x10973a3f,0x00122e5c,0,18,118.68,278346303
6346,0x10973614,0x05081e97,5,8,78.31,278345236
6347,0x10973f8c,0x0635068b,6,53,16.75,278347660
6348,0x10973e25,0x070810d0,7,8,43.04,278347301
6349,0x10973c21,0x041f53a6,4,31,214.14,278346785
6350,0x1097411e,0x01100ee9,1,16,38.17,278348062
6351,0x10973a3f,0x00132e5c,0,19,118.68,278346303
6352,0x1097412b,0x031b2222,3,27,87.38,278348075
6353,0x10973614,0x052a1e97,5,42,78.31,278345236
6354,0x10974139,0x02213c57,2,33,154.47,278348089
6355,0x10973c21,0x040e53a6,4,14,214.14,278346785
6356,0x10973e25,0x070d10d0,7,13,43.04,278347301
6357,0x109739b7,0x002f3c9e,0,47,155.18,278346167
6358,0x10973f8c,0x0612068b,6,18,16.75,278347660
6359,0x10973614,0x05021e97,5,2,78.31,278345236
6360,0x1097411e,0x010f0ee9,1,15,38.17,278348062
6361,0x109739b7,0x00073c9e,0,7,155.18,278346167
6362,0x10973d45,0x0425538b,4,37,213.87,278347077
6363,0x10973fed,0x0628068a,6,40,16.74,278347757
6364,0x10973614,0x05111e97,5,17,78.31,278345236
6365,0x1097412b,0x03232222,3,35,87.38,278348075
6366,0x109739b7,0x00233c9e,0,35,155.18,278346167
6367,0x10974081,0x0605068a,6,5,16.74,278347905
6368,0x10973e25,0x071110d0,7,17,43.04,278347301
6369,0x10973650,0x052e1e94,5,46,78.28,278345296
6370,0x109739b7,0x00133c9e,0,19,155.18,278346167
6371,0x10973650,0x050d1e94,5,13,78.28,278345296
6372,0x10973d45,0x042f538b,4,47,213.87,278347077
6373,0x109741da,0x01340ee6,1,52,38.14,278348250
6374,0x1097412b,0x03032222,3,3,87.38,278348075
6375,0x10973650,0x050d1e94,5,13,78.28,278345296
6376,0x10973e25,0x072310d0,7,35,43.04,278347301
6377,0x10974081,0x061f068a,6,31,16.74,278347905
6378,0x10973acd,0x00122e2e,0,18,118.22,278346445
6379,0x1097419e,0x030a221d,3,10,87.33,278348190
6380,0x10973d45,0x0401538b,4,1,213.87,278347077
6381,0x10973650,0x05031e94,5,3,78.28,278345296
6382,0x10973f08,0x070610cf,7,6,43.03,278347528
6383,0x10974161,0x06310688,6,49,16.72,278348129
6384,0x10973b55,0x00152e1c,0,21,118.04,278346581
6385,0x10973da4,0x0414537f,4,20,213.75,278347172
6386,0x109741b6,0x023d3c42,2,61,154.26,278348214
6387,0x1097425a,0x010b0ee5,1,11,38.13,278348378
6388,0x1097368c,0x052e1e89,5,46,78.17,278345356
6389,0x10973f08,0x071110cf,7,17,43.03,278347528
6390,0x10973b55,0x00272e1c,0,39,118.04,278346581
6391,0x1097419e,0x030f221d,3,15,87.33,278348190
6392,0x10973e33,0x0428537f,4,40,213.75,278347315
6393,0x1097368c,0x050e1e89,5,14,78.17,278345356
6394,0x10974161,0x06030688,6,3,16.72,278348129
6395,0x10973bd6,0x00312de9,0,49,117.53,278346710
6396,0x10973e92,0x0407537f,4,7,213.75,278347410
6397,0x10974223,0x06260688,6,38,16.72,278348323
6398,0x1097375f,0x05071e86,5,7,78.14,278345567
6399,0x1097425a,0x01080ee5,1,8,38.13,278348378
6400,0x10973f08,0x071310cf,7,19,43.03,278347528
6401,0x109741b6,0x02033c42,2,3,154.26,278348214
6402,0x1097419e,0x032c221d,3,44,87.33,278348190
6403,0x109742bc,0x06270687,6,39,16.71,278348476
6404,0x10973796,0x051a1e84,5,26,78.12,278345622
6405,0x10973e92,0x0433537f,4,51,213.75,278347410
6406,0x10973bd6,0x00062de9,0,6,117.53,278346710
6407,0x109742ee,0x013c0ee4,1,60,38.12,278348526
6408,0x10973f95,0x070410ce,7,4,43.02,278347669
6409,0x1097420f,0x0329221d,3,41,87.33,278348303
6410,0x10973796,0x05131e84,5,19,78.12,278345622
6411,0x10973f5b,0x04175377,4,23,213.67,278347611
6412,0x10973c35,0x00472dd9,0,71,117.37,278346805
6413,0x109740ff,0x074b10ca,7,75,42.98,278348031
6414,0x109741b6,0x021f3c42,2,31,154.26,278348214
6415,0x109737cd,0x05151e76,5,21,77.98,278345677
6416,0x10973fec,0x040a5354,4,10,213.32,278347756
6417,0x1097420f,0x031e221d,3,30,87.33,278348303
6418,0x10974207,0x022f3c3e,2,47,154.22,278348295
6419,0x10974384,0x063f0684,6,63,16.68,278348676
6420,0x109737cd,0x051a1e76,5,26,77.98,278345677
6421,0x10973c35,0x00052dd9,0,5,117.37,278346805
6422,0x109742ee,0x01020ee4,1,2,38.12,278348526
6423,0x109740ff,0x070410ca,7,4,42.98,278348031
6424,0x109742ab,0x03282217,3,40,87.27,278348459
6425,0x10973812,0x05051e72,5,5,77.94,278345746
6426,0x10973fec,0x04375354,4,55,213.32,278347756
6427,0x10973ca7,0x00122dd1,0,18,117.29,278346919
6428,0x10974258,0x02093c3e,2,9,154.22,278348376
6429,0x10974165,0x071710c7,7,23,42.95,278348133
6430,0x109741c6,0x071710c6,7,23,42.94,278348230
6431,0x10973859,0x05201e71,5,32,77.93,278345817
6432,0x109742ab,0x033a2217,3,58,87.27,278348459
6433,0x109742ee,0x01080ee4,1,8,38.12,278348526
6434,0x10973ca7,0x000d2dd1,0,13,117.29,278346919
6435,0x10973fec,0x040d5354,4,13,213.32,278347756
6436,0x10974227,0x073210c3,7,50,42.91,278348327
6437,0x10973859,0x05371e71,5,55,77.93,278345817
6438,0x10974418,0x06340682,6,52,16.66,278348824
6439,0x10974258,0x02023c3e,2,2,154.22,278348376
6440,0x10974318,0x03192214,3,25,87.24,278348568
6441,0x109743a6,0x01440ee1,1,68,38.09,278348710
6442,0x1097404c,0x04325350,4,50,213.28,278347852
6443,0x109742eb,0x022b3c35,2,43,154.13,278348523
6444,0x1097445c,0x06230682,6,35,16.66,278348892
6445,0x10973895,0x05181e6f,5,24,77.91,278345877
6446,0x109740ab,0x0401533c,4,1,213.08,278347947
6447,0x109742eb,0x020f3c35,2,15,154.13,278348523
6448,0x10974227,0x071210c3,7,18,42.91,278348327
6449,0x10973ca7,0x00152dd1,0,21,117.29,278346919
6450,0x10974318,0x03202214,3,32,87.24,278348568
6451,0x1097437a,0x02073c2a,2,7,154.02,278348666
6452,0x10974432,0x01160edb,1,22,38.03,278348850
6453,0x109742b5,0x072010c3,7,32,42.91,278348469
6454,0x10973d96,0x00292dc2,0,41,117.14,278347158
6455,0x10973895,0x05211e6f,5,33,77.91,278345877
6456,0x1097437a,0x02523c2a,2,82,154.02,278348666
6457,0x109740ab,0x0423533c,4,35,213.08,278347947
6458,0x109743d3,0x071a10bd,7,26,42.85,278348755
6459,0x1097445f,0x02013c24,2,1,153.96,278348895
6460,0x10973eff,0x001a2d90,0,26,116.64,278347519
6461,0x109744d9,0x014d0edb,1,77,38.03,278349017
6462,0x10974318,0x03252214,3,37,87.24,278348568
6463,0x109738c8,0x05181e6f,5,24,77.91,278345928
6464,0x109744f9,0x06390681,6,57,16.65,278349049
6465,0x1097445f,0x020a3c24,2,10,153.96,278348895
6466,0x1097453b,0x060d0681,6,13,16.65,278349115
6467,0x109740ab,0x041a533c,4,26,213.08,278347947
6468,0x10973eff,0x002e2d90,0,46,116.64,278347519
6469,0x109743d3,0x072b10bd,7,43,42.85,278348755
6470,0x10974166,0x0417533b,4,23,213.07,278348134
6471,0x10974318,0x03082214,3,8,87.24,278348568
6472,0x109745b7,0x02063c16,2,6,153.82,278349239
6473,0x109738c8,0x05311e6f,5,49,77.91,278345928
6474,0x109744d9,0x01160edb,1,22,38.03,278349017
6475,0x109744be,0x073410bc,7,52,42.84,278348990
6476,0x109741f1,0x041d5336,4,29,213.02,278348273
6477,0x109743ad,0x03202213,3,32,87.23,278348717
6478,0x10973eff,0x000d2d90,0,13,116.64,278347519
6479,0x1097453b,0x06450681,6,69,16.65,278349115
6480,0x10973937,0x05281e6b,5,40,77.87,278346039
6481,0x10974250,0x0401532f,4,1,212.95,278348368
6482,0x10973b9c,0x002b3c90,0,43,155.04,278346652
6483,0x10974632,0x020f3c0d,2,15,153.73,278349362
6484,0x109744be,0x071710bc,7,23,42.84,278348990
6485,0x109743ad,0x032f2213,3,47,87.23,278348717
6486,0x1097459c,0x01130eda,1,19,38.02,278349212
6487,0x10973fac,0x00022d88,0,2,116.56,278347692
6488,0x1097453b,0x06100681,6,16,16.65,278349115
6489,0x10974586,0x071c10ba,7,28,42.82,278349190
6490,0x10974250,0x0419532f,4,25,212.95,278348368
6491,0x10974442,0x030c2211,3,12,87.21,278348866
6492,0x10973937,0x05301e6b,5,48,77.87,278346039
6493,0x10974617,0x01040eda,1,4,38.02,278349335
6494,0x109740d5,0x00032d85,0,3,116.53,278347989
6495,0x109745d5,0x062f067e,6,47,16.62,278349269
6496,0x10974536,0x0303220e,3,3,87.18,278349110
6497,0x10973976,0x05031e6a,5,3,77.86,278346102
6498,0x10974643,0x0615067d,6,21,16.61,278349379
6499,0x109746ad,0x02343c09,2,52,153.69,278349485
6500,0x10974586,0x074010ba,7,64,42.82,278349190
6501,0x10974250,0x040b532f,4,11,212.95,278348368
6502,0x109739a9,0x05101e6a,5,16,77.86,278346153
6503,0x109740d5,0x00292d85,0,41,116.53,278347989
6504,0x10974617,0x01550eda,1,85,38.02,278349335
6505,0x1097461c,0x070810b2,7,8,42.74,278349340
6506,0x10974536,0x0328220e,3,40,87.18,278349110
6507,0x10974243,0x00012d74,0,1,116.36,278348355
6508,0x10974643,0x0651067d,6,81,16.61,278349379
6509,0x109746b2,0x070810af,7,8,42.71,278349490
6510,0x10974250,0x041b532f,4,27,212.95,278348368
6511,0x109742c1,0x00032d53,0,3,116.03,278348481
6512,0x10974708,0x0607067b,6,7,16.59,278349576
6513,0x109739a9,0x05361e6a,5,54,77.86,278346153
6514,0x10974348,0x04425324,4,66,212.84,278348616
6515,0x10974617,0x010c0eda,1,12,38.02,278349335
6516,0x109746ad,0x021a3c09,2,26,153.69,278349485
6517,0x10974536,0x0322220e,3,34,87.18,278349110
6518,0x10973a74,0x05221e69,5,34,77.85,278346356
6519,0x10974739,0x02363c06,2,54,153.66,278349625
6520,0x1097459f,0x031c220c,3,28,87.16,278349215
6521,0x10974782,0x072510a7,7,37,42.63,278349698
6522,0x109742c1,0x00292d53,0,41,116.03,278348481
6523,0x10974708,0x0613067b,6,19,16.59,278349576
6524,0x10973aba,0x05051e67,5,5,77.83,278346426
6525,0x10974348,0x04075324,4,7,212.84,278348616
6526,0x1097433f,0x00172d52,0,23,116.02,278348607
6527,0x109747a2,0x0638067b,6,56,16.59,278349730
6528,0x1097459f,0x0320220c,3,32,87.16,278349215
6529,0x1097445b,0x0401530a,4,1,212.58,278348891
6530,0x10973b48,0x05011e62,5,1,77.78,278346568
6531,0x109747f2,0x071010a5,7,16,42.61,278349810
6532,0x109672ec,0x010b01b6,1,11,4.38,278295276
6533,0x109747e4,0x02473be7,2,71,153.35,278349796
6534,0x1097462f,0x030b2208,3,11,87.12,278349359
6535,0x1097433f,0x00212d52,0,33,116.02,278348607
6536,0x1097445b,0x041c530a,4,28,212.58,278348891
6537,0x109675f1,0x012901b5,1,41,4.37,278296049
6538,0x109746ee,0x03182204,3,24,87.08,278349550
6539,0x109747a2,0x061e067b,6,30,16.59,278349730
6540,0x10974862,0x071910a5,7,25,42.61,278349922
6541,0x109743ce,0x001b2d52,0,27,116.02,278348750
6542,0x10973b48,0x05151e62,5,21,77.78,278346568
6543,0x10974515,0x040f52fe,4,15,212.46,278349077
6544,0x1097483c,0x0619067b,6,25,16.59,278349884
6545,0x109747e4,0x02183be7,2,24,153.35,278349796
6546,0x10974574,0x040352fd,4,3,212.45,278349172
6547,0x10973bc7,0x05031e60,5,3,77.76,278346695
6548,0x109746ee,0x03392204,3,57,87.08,278349550
6549,0x109743ce,0x003c2d52,0,60,116.02,278348750
6550,0x1097465a,0x040452f0,4,4,212.32,278349402
6551,0x10974873,0x02383be1,2,56,153.29,278349939
6552,0x1097483c,0x060c067b,6,12,16.59,278349884
6553,0x109744b9,0x00162d3b,0,22,115.79,278348985
6554,0x10973bc7,0x05321e60,5,50,77.76,278346695
6555,0x109746ee,0x03032204,3,3,87.08,278349550
6556,0x109748d6,0x0601067a,6,1,16.58,278350038
6557,0x109748a4,0x01320ed6,1,50,37.98,278349988
6558,0x1097458c,0x00072d30,0,7,115.68,278349196
6559,0x109748d2,0x073010a0,7,48,42.56,278350034
6560,0x1097465a,0x042c52f0,4,44,212.32,278349402
6561,0x10973bc7,0x05031e60,5,3,77.76,278346695
6562,0x10974757,0x032821ff,3,40,87.03,278349655
6563,0x10974873,0x02153be1,2,21,153.29,278349939
6564,0x109746be,0x041d52e7,4,29,212.23,278349502
6565,0x109748f8,0x01190ed6,1,25,37.98,278350072
6566,0x109747e8,0x030521ff,3,5,87.03,278349800
6567,0x1097458c,0x00062d30,0,6,115.68,278349196
6568,0x1097492f,0x02323bcd,2,50,153.09,278350127
6569,0x109747b3,0x041652a5,4,22,211.57,278349747
6570,0x10974973,0x06130679,6,19,16.57,278350195
6571,0x109748d2,0x070610a0,7,6,42.56,278350034
6572,0x109748a7,0x030721fd,3,7,87.01,278349991
6573,0x109746d4,0x00212d24,0,33,115.56,278349524
6574,0x10973bc7,0x05091e60,5,9,77.76,278346695
6575,0x10974916,0x0728109f,7,40,42.55,278350102
6576,0x109748f8,0x010b0ed6,1,11,37.98,278350072
6577,0x109747b3,0x041152a5,4,17,211.57,278349747
6578,0x10974987,0x071f109d,7,31,42.53,278350215
6579,0x10973c07,0x05281e5f,5,40,77.75,278346759
6580,0x109749e7,0x06200678,6,32,16.56,278350311
6581,0x109746d4,0x00452d24,0,69,115.56,278349524
6582,0x109748a7,0x031521fd,3,21,87.01,278349991
6583,0x1097484a,0x0435529d,4,53,211.49,278349898
6584,0x1097479c,0x00162d22,0,22,115.54,278349724
6585,0x10974910,0x032421ef,3,36,86.87,278350096
6586,0x10974a4d,0x0710109c,7,16,42.52,278350413
6587,0x109749da,0x020b3bc1,2,11,152.97,278350298
6588,0x10974927,0x04025295,4,2,211.41,278350119
6589,0x109749be,0x010e0ed5,1,14,37.97,278350270
6590,0x10973c07,0x05081e5f,5,8,77.75,278346759
6591,0x10974a4d,0x070b109c,7,11,42.52,278350413
6592,0x1097479c,0x003b2d22,0,59,115.54,278349724
6593,0x10974910,0x031421ef,3,20,86.87,278350096
6594,0x10974927,0x040f5295,4,15,211.41,278350119
6595,0x10974a2c,0x020a3bbe,2,10,152.94,278350380
6596,0x10974a02,0x031021eb,3,16,86.83,278350338
6597,0x109749be,0x013b0ed5,1,59,37.97,278350270
6598,0x10973c07,0x05261e5f,5,38,77.75,278346759
6599,0x1097479c,0x00042d22,0,4,115.54,278349724
6600,0x10974aec,0x0707109b,7,7,42.51,278350572
6601,0x10974aaa,0x02423b90,2,66,152.48,278350506
6602,0x10974a5a,0x06110677,6,17,16.55,278350426
6603,0x10974a3c,0x01150ed5,1,21,37.97,278350396
6604,0x10974927,0x04305295,4,48,211.41,278350119
6605,0x10973c4b,0x05231e5e,5,35,77.74,278346827
6606,0x10974836,0x00362d10,0,54,115.36,278349878
6607,0x109749e6,0x0435527f,4,53,211.19,278350310
6608,0x10973cd0,0x05121e56,5,18,77.66,278346960
6609,0x10974aec,0x0701109b,7,1,42.51,278350572
6610,0x10974a9c,0x062f0677,6,47,16.55,278350492
6611,0x10974aaa,0x021e3b90,2,30,152.48,278350506
6612,0x10974836,0x000c2d10,0,12,115.36,278349878
6613,0x10974b31,0x031821dc,3,24,86.68,278350641
6614,0x10974a3c,0x01090ed5,1,9,37.97,278350396
6615,0x10974b5c,0x071f108b,7,31,42.35,278350684
6616,0x109748c5,0x00292d06,0,41,115.26,278350021
6617,0x109749e6,0x040f527f,4,15,211.19,278350310
6618,0x10974ac7,0x013a0ed1,1,58,37.93,278350535
6619,0x10974a9c,0x06160677,6,22,16.55,278350492
6620,0x10974aab,0x041f5272,4,31,211.06,278350507
6621,0x10973cd0,0x05071e56,5,7,77.66,278346960
6622,0x10974b31,0x030721dc,3,7,86.68,278350641
6623,0x109692cd,0x070201da,7,2,4.74,278303437
6624,0x10974ad8,0x06330677,6,51,16.55,278350552
6625,0x109748c5,0x00292d06,0,41,115.26,278350021
6626,0x1096932a,0x070901da,7,9,4.74,278303530
6627,0x10974978,0x000d2cf4,0,13,115.08,278350200
6628,0x10974ac7,0x01220ed1,1,34,37.93,278350535
6629,0x10974aab,0x04035272,4,3,211.06,278350507
6630,0x10974b31,0x032d21dc,3,45,86.68,278350641
6631,0x10973cd0,0x051c1e56,5,28,77.66,278346960
6632,0x10974ad8,0x060a0677,6,10,16.55,278350552
6633,0x10974b7a,0x011b0ed0,1,27,37.92,278350714
6634,0x10974b73,0x030a21cd,3,10,86.53,278350707
6635,0x10974978,0x00082cf4,0,8,115.08,278350200
6636,0x10974b66,0x06220676,6,34,16.54,278350694
6637,0x10974c8b,0x0739107b,7,57,42.19,278350987
6638,0x10974b61,0x02013b8a,2,1,152.42,278350689
6639,0x10973d23,0x05181e52,5,24,77.62,278347043
6640,0x10974aab,0x04035272,4,3,211.06,278350507
6641,0x10974be4,0x030221cd,3,2,86.53,278350820
6642,0x10974c2d,0x01080ed0,1,8,37.92,278350893
6643,0x10974a05,0x00112cf0,0,17,115.04,278350341
6644,0x10974b18,0x0440526a,4,64,210.98,278350616
6645,0x10974c51,0x030921c8,3,9,86.48,278350929
6646,0x10974b66,0x060b0676,6,11,16.54,278350694
6647,0x10974bad,0x04135254,4,19,210.76,278350765
6648,0x10974c8b,0x0711107b,7,17,42.19,278350987
6649,0x10974b61,0x022f3b8a,2,47,152.42,278350689
6650,0x10973d23,0x05131e52,5,19,77.62,278347043
6651,0x10974a05,0x000b2cf0,0,11,115.04,278350341
6652,0x10974cfe,0x0713106a,7,19,42.02,278351102
6653,0x10974c2d,0x012a0ed0,1,42,37.92,278350893
6654,0x10974be0,0x02103b8a,2,16,152.42,278350816
6655,0x10974a90,0x00452cf0,0,69,115.04,278350480
6656,0x10974c51,0x033021c8,3,48,86.48,278350929
6657,0x10973d6c,0x05331e52,5,51,77.62,278347116
6658,0x10974b66,0x06130676,6,19,16.54,278350694
6659,0x10974bad,0x04125254,4,18,210.76,278350765
6660,0x10974c2f,0x02163b8a,2,22,152.42,278350895
6661,0x10974bd3,0x06410674,6,65,16.52,278350803
6662,0x10974c42,0x04405247,4,64,210.63,278350914
6663,0x10974a90,0x000d2cf0,0,13,115.04,278350480
6664,0x10974d9b,0x07501064,7,80,41.96,278351259
6665,0x10974c2d,0x010f0ed0,1,15,37.92,278350893
6666,0x10974c51,0x031721c8,3,23,86.48,278350929
6667,0x10974cab,0x040d5240,4,13,210.56,278351019
6668,0x10974aed,0x00082cef,0,8,115.03,278350573
6669,0x10973d6c,0x052a1e52,5,42,77.62,278347116
6670,0x10974c2f,0x023b3b8a,2,59,152.42,278350895
6671,0x10974bd3,0x06200674,6,32,16.52,278350803
6672,0x10974d9b,0x07141064,7,20,41.96,278351259
6673,0x10974c51,0x030e21c8,3,14,86.48,278350929
6674,0x10974c2d,0x01090ed0,1,9,37.92,278350893
6675,0x10974c68,0x06160674,6,22,16.52,278350952
6676,0x10974aed,0x00092cef,0,9,115.03,278350573
6677,0x10974cab,0x04175240,4,23,210.56,278351019
6678,0x10974e0b,0x07381060,7,56,41.92,278351371
6679,0x10973d6c,0x05041e52,5,4,77.62,278347116
6680,0x10974d41,0x031421c7,3,20,86.47,278351169
6681,0x10974b82,0x001e2ced,0,30,115.01,278350722
6682,0x10974d13,0x01110ecf,1,17,37.91,278351123
6683,0x10974c2f,0x02073b8a,2,7,152.42,278350895
6684,0x109744fa,0x05381e4e,5,56,77.58,278349050
6685,0x10974c68,0x060d0674,6,13,16.52,278350952
6686,0x10974cab,0x042d5240,4,45,210.56,278351019
6687,0x10974c7e,0x022e3b7d,2,46,152.29,278350974
6688,0x10974e0b,0x070b1060,7,11,41.92,278351371
6689,0x10974b82,0x00292ced,0,41,115.01,278350722
6690,0x10974d41,0x035121c7,3,81,86.47,278351169
6691,0x10974cfd,0x06060673,6,6,16.51,278351101
6692,0x10974d6a,0x040f5236,4,15,210.46,278351210
6693,0x10974d13,0x01180ecf,1,24,37.91,278351123
6694,0x10974db2,0x030421c1,3,4,86.41,278351282
6695,0x10974df7,0x060e0670,6,14,16.48,278351351
6696,0x109744fa,0x05101e4e,5,16,77.58,278349050
6697,0x10974b82,0x000d2ced,0,13,115.01,278350722
6698,0x10974c7e,0x02263b7d,2,38,152.29,278350974
6699,0x10974f0a,0x071b1058,7,27,41.84,278351626
6700,0x10974ec3,0x01110ec9,1,17,37.85,278351555
6701,0x1097464b,0x051e1e45,5,30,77.49,278349387
6702,0x10974d6a,0x04135236,4,19,210.46,278351210
6703,0x10974c0e,0x001f2cea,0,31,114.98,278350862
6704,0x10974db2,0x033f21c1,3,63,86.41,278351282
6705,0x10974d01,0x02093b7a,2,9,152.26,278351105
6706,0x10974f7d,0x072f1056,7,47,41.82,278351741
6707,0x10974e8f,0x061d066f,6,29,16.47,278351503
6708,0x10974c96,0x000b2ce8,0,11,114.96,278350998
6709,0x10974733,0x050d1e42,5,13,77.46,278349619
6710,0x10974ec3,0x01110ec9,1,17,37.85,278351555
6711,0x10974d22,0x00032ce5,0,3,114.93,278351138
6712,0x10974f5e,0x0609066f,6,9,16.47,278351710
6713,0x10974d6a,0x040b5236,4,11,210.46,278351210
6714,0x10974db2,0x030f21c1,3,15,86.41,278351282
6715,0x10974f7d,0x07031056,7,3,41.82,278351741
6716,0x10974d01,0x02303b7a,2,48,152.26,278351105
6717,0x10974daa,0x00092cc3,0,9,114.59,278351274
6718,0x10974e2e,0x04095229,4,9,210.33,278351406
6719,0x10974f7e,0x011b0ec8,1,27,37.84,278351742
6720,0x10974e1f,0x030b21be,3,11,86.38,278351391
6721,0x10974e59,0x02233b5a,2,35,151.94,278351449
6722,0x10974733,0x051a1e42,5,26,77.46,278349619
6723,0x10974daa,0x001f2cc3,0,31,114.59,278351274
6724,0x10974f7d,0x072d1056,7,45,41.82,278351741
6725,0x10974e2e,0x04485229,4,72,210.33,278351406
6726,0x10974e1f,0x031e21be,3,30,86.38,278351391
6727,0x10975002,0x0603066d,6,3,16.45,278351874
6728,0x10974e36,0x00262cc0,0,38,114.56,278351414
6729,0x10974f7e,0x01090ec8,1,9,37.84,278351742
6730,0x1097501f,0x07071055,7,7,41.81,278351903
6731,0x10974e59,0x020f3b5a,2,15,151.94,278351449
6732,0x10974733,0x05141e42,5,20,77.46,278349619
6733,0x10975044,0x0639066d,6,57,16.45,278351940
6734,0x10974ebe,0x00122c91,0,18,114.09,278351550
6735,0x10975038,0x01500ec7,1,80,37.83,278351928
6736,0x10974f08,0x023e3b54,2,62,151.88,278351624
6737,0x10974e2e,0x04135229,4,19,210.33,278351406
6738,0x10974851,0x051a1e42,5,26,77.46,278349905
6739,0x10974e1f,0x032c21be,3,44,86.38,278351391
6740,0x1097501f,0x07151055,7,21,41.81,278351903
6741,0x10974f2d,0x04075214,4,7,210.12,278351661
6742,0x10974ebe,0x001a2c91,0,26,114.09,278351550
6743,0x10974eb4,0x030d21bd,3,13,86.37,278351540
6744,0x10975044,0x0615066d,6,21,16.45,278351940
6745,0x10974f9a,0x042b5214,4,43,210.12,278351770
6746,0x10974f1a,0x001f2c85,0,31,113.97,278351642
6747,0x10974851,0x05041e42,5,4,77.46,278349905
6748,0x1097501f,0x07181055,7,24,41.81,278351903
6749,0x109750eb,0x014d0ec5,1,77,37.81,278352107
6750,0x10975044,0x0608066d,6,8,16.45,278351940
6751,0x10974eb4,0x034b21bd,3,75,86.37,278351540
6752,0x109750bc,0x072e1055,7,46,41.81,278352060
6753,0x10974f9a,0x04175214,4,23,210.12,278351770
6754,0x10975106,0x02523b49,2,82,151.77,278352134
6755,0x10974904,0x051c1e3e,5,28,77.42,278350084
6756,0x10974f1a,0x00082c85,0,8,113.97,278351642
6757,0x10974f4a,0x030421b8,3,4,86.32,278351690
6758,0x10975032,0x04275213,4,39,210.11,278351922
6759,0x1097502a,0x00422c7b,0,66,113.87,278351914
6760,0x109750eb,0x010b0ec5,1,11,37.81,278352107
6761,0x10975044,0x0602066d,6,2,16.45,278351940
6762,0x109750bc,0x07221055,7,34,41.81,278352060
6763,0x10974904,0x05211e3e,5,33,77.42,278350084
6764,0x1097519d,0x01240ec3,1,36,37.79,278352285
6765,0x10975106,0x020d3b49,2,13,151.77,278352134
6766,0x109750e1,0x061f066b,6,31,16.43,278352097
6767,0x10974f4a,0x031821b8,3,24,86.32,278351690
6768,0x10975032,0x04355213,4,53,210.11,278351922
6769,0x1097502a,0x001c2c7b,0,28,113.87,278351914
6770,0x10974fb3,0x032521b2,3,37,86.26,278351795
6771,0x1097499a,0x05251e2c,5,37,77.24,278350234
6772,0x1097509b,0x041f51f5,4,31,209.81,278352027
6773,0x109750bc,0x07121055,7,18,41.81,278352060
6774,0x109750e3,0x00402c54,0,64,113.48,278352099
6775,0x109750e1,0x061d066b,6,29,16.43,278352097
6776,0x1097512d,0x070e1053,7,14,41.79,278352173
6777,0x10975150,0x060d066a,6,13,16.42,278352208
6778,0x1097524b,0x01170ec2,1,23,37.78,278352459
6779,0x10974fb3,0x030421b2,3,4,86.26,278351795
6780,0x109751d0,0x021d3b20,2,29,151.36,278352336
6781,0x1097509b,0x042f51f5,4,47,209.81,278352027
6782,0x1097499a,0x05011e2c,5,1,77.24,278350234
6783,0x109750e3,0x00132c54,0,19,113.48,278352099
6784,0x10975046,0x030421b1,3,4,86.25,278351942
6785,0x10975163,0x041251eb,4,18,209.71,278352227
6786,0x10974a52,0x054d1e29,5,77,77.21,278350418
6787,0x1097512d,0x073a1053,7,58,41.79,278352173
6788,0x10975178,0x00062c33,0,6,113.15,278352248
6789,0x109750aa,0x031921a6,3,25,86.14,278352042
6790,0x10975150,0x0638066a,6,56,16.42,278352208
6791,0x1097524b,0x01100ec2,1,16,37.78,278352459
6792,0x109751c9,0x07071052,7,7,41.78,278352329
6793,0x1097520d,0x00012c2a,0,1,113.06,278352397
6794,0x109751ba,0x06100669,6,16,16.41,278352314
6795,0x10974ad8,0x05161e21,5,22,77.13,278350552
6796,0x109751d0,0x02333b20,2,51,151.36,278352336
6797,0x10975163,0x043851eb,4,56,209.71,278352227
6798,0x109752a2,0x003d2c27,0,61,113.03,278352546
6799,0x109750aa,0x031e21a6,3,30,86.14,278352042
6800,0x109751fb,0x041051e6,4,16,209.66,278352379
6801,0x109751c9,0x070a1052,7,10,41.78,278352329
6802,0x109751ba,0x06460669,6,70,16.41,278352314
6803,0x1097514f,0x033621a5,3,54,86.13,278352207
6804,0x10974ad8,0x051a1e21,5,26,77.13,278350552
6805,0x109752de,0x01410ec1,1,65,37.77,278352606
6806,0x10975236,0x07381051,7,56,41.77,278352438
6807,0x109751d0,0x020b3b20,2,11,151.36,278352336
6808,0x1097539d,0x00332c16,0,51,112.86,278352797
6809,0x109751fb,0x042c51e6,4,44,209.66,278352379
6810,0x109751ba,0x06040669,6,4,16.41,278352314
6811,0x10974bc9,0x05201e20,5,32,77.12,278350793
6812,0x1097514f,0x031a21a5,3,26,86.13,278352207
6813,0x1097524e,0x022e3b13,2,46,151.23,278352462
6814,0x10975293,0x040c51b5,4,12,209.17,278352531
6815,0x10975236,0x07271051,7,39,41.77,278352438
6816,0x109753c8,0x06060666,6,6,16.38,278352840
6817,0x109752de,0x010c0ec1,1,12,37.77,278352606
6818,0x1097539d,0x00222c16,0,34,112.86,278352797
6819,0x1097532b,0x040a519d,4,10,208.93,278352683
6820,0x109752cb,0x07051051,7,5,41.77,278352587
6821,0x1097535c,0x01270ec1,1,39,37.77,278352732
6822,0x10974bc9,0x05421e20,5,66,77.12,278350793
6823,0x1097514f,0x030b21a5,3,11,86.13,278352207
6824,0x10975410,0x000f2c0b,0,15,112.75,278352912
6825,0x10975360,0x0713104d,7,19,41.73,278352736
6826,0x1097524e,0x02123b13,2,18,151.23,278352462
6827,0x109753f3,0x01120ebf,1,18,37.75,278352883
6828,0x109753f5,0x0709104b,7,9,41.71,278352885
6829,0x10974c50,0x05141e1d,5,20,77.09,278350928
6830,0x109751ec,0x034421a4,3,68,86.12,278352364
6831,0x1097532b,0x0401519d,4,1,208.93,278352683
6832,0x10975469,0x061f0660,6,31,16.32,278353001
6833,0x10975410,0x00042c0b,0,4,112.75,278352912
6834,0x1097524e,0x02153b13,2,21,151.23,278352462
6835,0x109754b0,0x00242bdf,0,36,112.31,278353072
6836,0x10974c50,0x05301e1d,5,48,77.09,278350928
6837,0x109753f5,0x074a104b,7,74,41.71,278352885
6838,0x10975285,0x0320219e,3,32,86.06,278352517
6839,0x1097532b,0x043f519d,4,63,208.93,278352683
6840,0x109753f3,0x01260ebf,1,38,37.75,278352883
6841,0x10974d05,0x05141e1b,5,20,77.07,278351109
6842,0x109754e1,0x012b0ebc,1,43,37.72,278353121
6843,0x109752f4,0x023f3b01,2,63,151.05,278352628
6844,0x10974dbb,0x051c1e19,5,28,77.05,278351291
6845,0x109754b0,0x000a2bdf,0,10,112.31,278353072
6846,0x109753f5,0x0704104b,7,4,41.71,278352885
6847,0x10975285,0x0310219e,3,16,86.06,278352517
6848,0x1097532b,0x041c519d,4,28,208.93,278352683
6849,0x10974dbb,0x050b1e19,5,11,77.05,278351291
6850,0x1096931f,0x061100be,6,17,1.90,278303519
6851,0x10974e40,0x05221e13,5,34,76.99,278351424
6852,0x10975550,0x000c2bcd,0,12,112.13,278353232
6853,0x109753c3,0x04205198,4,32,208.88,278352835
6854,0x1097533e,0x033c2196,3,60,85.98,278352702
6855,0x109752f4,0x02033b01,2,3,151.05,278352628
6856,0x10974e40,0x051c1e13,5,28,76.99,278351424
6857,0x10969388,0x063100be,6,49,1.90,278303624
6858,0x10975387,0x02203afd,2,32,151.01,278352775
6859,0x10975487,0x040c518d,4,12,208.77,278353031
6860,0x109753f5,0x0702104b,7,2,41.71,278352885
6861,0x10974e40,0x05041e13,5,4,76.99,278351424
6862,0x10975387,0x021c3afd,2,28,151.01,278352775
6863,0x109693f1,0x062200be,6,34,1.90,278303729
6864,0x10974ef8,0x05181e0b,5,24,76.91,278351608
6865,0x109754e5,0x07351046,7,53,41.66,278353125
6866,0x10975550,0x00282bcd,0,40,112.13,278353232
6867,0x1097533e,0x03272196,3,39,85.98,278352702
6868,0x10975387,0x02273afd,2,39,151.01,278352775
6869,0x1097558b,0x01200ebb,1,32,37.71,278353291
6870,0x10974ef8,0x05081e0b,5,8,76.91,278351608
6871,0x10975556,0x07071045,7,7,41.65,278353238
6872,0x10975487,0x0413518d,4,19,208.77,278353031
6873,0x10975448,0x020f3af4,2,15,150.92,278352968
6874,0x109753d8,0x03252195,3,37,85.97,278352856
6875,0x10974fdc,0x05051e08,5,5,76.88,278351836
6876,0x109754d7,0x02053af3,2,5,150.91,278353111
6877,0x109754f4,0x0406518b,4,6,208.75,278353140
6878,0x10975649,0x064a065d,6,74,16.29,278353481
6879,0x109754d7,0x02373af3,2,55,150.91,278353111
6880,0x10975550,0x000c2bcd,0,12,112.13,278353232
6881,0x10975064,0x05031e07,5,3,76.87,278351972
6882,0x1097511f,0x052b1dfb,5,43,76.75,278352159
6883,0x109753d8,0x03192195,3,25,85.97,278352856
6884,0x10975556,0x07181045,7,24,41.65,278353238
6885,0x109754d7,0x021a3af3,2,26,150.91,278353111
6886,0x1097558d,0x02213ae2,2,33,150.74,278353293
6887,0x1097511f,0x05231dfb,5,35,76.75,278352159
6888,0x1097558b,0x01090ebb,1,9,37.71,278353291
6889,0x10975445,0x03242195,3,36,85.97,278352965
6890,0x109755c3,0x07491044,7,73,41.64,278353347
6891,0x109754f4,0x041b518b,4,27,208.75,278353140
6892,0x1097558d,0x020a3ae2,2,10,150.74,278353293
6893,0x10975550,0x00142bcd,0,20,112.13,278353232
6894,0x109751d7,0x05081df9,5,8,76.73,278352343
6895,0x109754ee,0x03052194,3,5,85.96,278353134
6896,0x1097555d,0x0408515d,4,8,208.29,278353245
6897,0x109756c6,0x06610659,6,97,16.25,278353606
6898,0x109755f0,0x000d2bc3,0,13,112.03,278353392
6899,0x1097537d,0x05101df1,5,16,76.65,278352765
6900,0x1097558d,0x02133ae2,2,19,150.74,278353293
6901,0x1097537d,0x050a1df1,5,10,76.65,278352765
6902,0x109755c3,0x07121044,7,18,41.64,278353347
6903,0x10975661,0x00022baf,0,2,111.83,278353505
6904,0x1097558b,0x01110ebb,1,17,37.71,278353291
6905,0x1097537d,0x050a1df1,5,10,76.65,278352765
6906,0x10975767,0x02283adf,2,40,150.71,278353767
6907,0x109754ee,0x03432194,3,67,85.96,278353134
6908,0x1097555d,0x043e515d,4,62,208.29,278353245
6909,0x10975687,0x074d103f,7,77,41.59,278353543
6910,0x109755da,0x01030ebb,1,3,37.71,278353370
6911,0x10975767,0x02063adf,2,6,150.71,278353767
6912,0x1097537d,0x05391df1,5,57,76.65,278352765
6913,0x109756c6,0x06010659,6,1,16.25,278353606
6914,0x10975557,0x031f2191,3,31,85.93,278353239
6915,0x10975438,0x05021def,5,2,76.63,278352952
6916,0x10975661,0x001a2baf,0,26,111.83,278353505
6917,0x10975758,0x06170658,6,23,16.24,278353752
6918,0x10975674,0x01320eb6,1,50,37.66,278353524
6919,0x1097555d,0x0411515d,4,17,208.29,278353245
6920,0x10975438,0x053b1def,5,59,76.63,278352952
6921,0x10975687,0x0719103f,7,25,41.59,278353543
6922,0x109756ce,0x001d2b6f,0,29,111.19,278353614
6923,0x10975557,0x03152191,3,21,85.93,278353239
6924,0x10975801,0x021d3ace,2,29,150.54,278353921
6925,0x10975625,0x0421515b,4,33,208.27,278353445
6926,0x10975724,0x07101033,7,16,41.47,278353700
6927,0x109755f7,0x03092190,3,9,85.92,278353399
6928,0x109756bd,0x04345159,4,52,208.25,278353597
6929,0x10975674,0x01030eb6,1,3,37.66,278353524
6930,0x109756ce,0x00252b6f,0,37,111.19,278353614
6931,0x10975692,0x03132190,3,19,85.92,278353554
6932,0x10975438,0x05091def,5,9,76.63,278352952
6933,0x10975721,0x011d0eb3,1,29,37.63,278353697
6934,0x1097587c,0x02183ac9,2,24,150.49,278354044
6935,0x109754eb,0x05191dea,5,25,76.58,278353131
6936,0x10975792,0x003b2b68,0,59,111.12,278353810
6937,0x10975724,0x07051033,7,5,41.47,278353700
6938,0x10975802,0x06030657,6,3,16.23,278353922
6939,0x109754eb,0x051d1dea,5,29,76.58,278353131
6940,0x1097587c,0x021c3ac9,2,28,150.49,278354044
6941,0x109756bd,0x04285159,4,40,208.25,278353597
6942,0x10975811,0x01240eaf,1,36,37.59,278353937
6943,0x109757c0,0x072d1031,7,45,41.45,278353856
6944,0x10975851,0x06040657,6,4,16.23,278354001
6945,0x10975692,0x03172190,3,23,85.92,278353554
6946,0x109754eb,0x05061dea,5,6,76.58,278353131
6947,0x10975755,0x042e5147,4,46,208.07,278353749
6948,0x10975792,0x00242b68,0,36,111.12,278353810
6949,0x109758f2,0x01020ead,1,2,37.57,278354162
6950,0x1097582c,0x05171de6,5,23,76.54,278353964
6951,0x10975914,0x02013a8b,2,1,149.87,278354196
6952,0x1097585c,0x070a102f,7,10,41.43,278354012
6953,0x10975692,0x031e2190,3,30,85.92,278353554
6954,0x10975914,0x02243a8b,2,36,149.87,278354196
6955,0x10975755,0x042b5147,4,43,208.07,278353749
6956,0x109689bf,0x02030719,2,3,18.17,278301119
6957,0x10975792,0x00062b68,0,6,111.12,278353810
6958,0x109757dd,0x032d2185,3,45,85.81,278353885
6959,0x1097582c,0x05081de6,5,8,76.54,278353964
6960,0x1097582e,0x002e2b22,0,46,110.42,278353966
6961,0x1097585c,0x0736102f,7,54,41.43,278354012
6962,0x109758fb,0x062e0655,6,46,16.21,278354171
6963,0x1097596d,0x011b0eab,1,27,37.55,278354285
6964,0x10975755,0x040a5147,4,10,208.07,278353749
6965,0x109758c7,0x000e2b1c,0,14,110.36,278354119
6966,0x109759c9,0x02523a81,2,82,149.77,278354377
6967,0x1097594d,0x05091de5,5,9,76.53,278354253
6968,0x109757dd,0x032c2185,3,44,85.81,278353885
6969,0x109757be,0x04075132,4,7,207.86,278353854
6970,0x1097585c,0x0713102f,7,19,41.43,278354012
6971,0x1097596d,0x01020eab,1,2,37.55,278354285
6972,0x109759c9,0x02083a81,2,8,149.77,278354377
6973,0x109758a3,0x03192185,3,25,85.81,278354083
6974,0x109758fb,0x06090655,6,9,16.21,278354171
6975,0x109758f5,0x073a102e,7,58,41.42,278354165
6976,0x109758c7,0x002e2b1c,0,46,110.36,278354119
6977,0x1097594d,0x052a1de5,5,42,76.53,278354253
6978,0x109757be,0x04295132,4,41,207.86,278353854
6979,0x1097594a,0x06110655,6,17,16.21,278354250
6980,0x10975934,0x000a2b14,0,10,110.28,278354228
6981,0x109758a3,0x03052185,3,5,85.81,278354083
6982,0x1097594d,0x05031de5,5,3,76.53,278354253
6983,0x109758f5,0x070c102e,7,12,41.42,278354165
6984,0x109757be,0x041b5132,4,27,207.86,278353854
6985,0x10975963,0x072b102d,7,43,41.41,278354275
6986,0x10975a9c,0x024a3a5a,2,74,149.38,278354588
6987,0x10975934,0x00042b14,0,4,110.28,278354228
6988,0x10975a32,0x013a0eaa,1,58,37.54,278354482
6989,0x1097594a,0x06210655,6,33,16.21,278354250
6990,0x10975886,0x040d5100,4,13,207.36,278354054
6991,0x109758a3,0x033c2185,3,60,85.81,278354083
6992,0x109759f9,0x000b2b05,0,11,110.13,278354425
6993,0x10975a81,0x01040eaa,1,4,37.54,278354561
6994,0x1097594d,0x050c1de5,5,12,76.53,278354253
6995,0x10975910,0x0314217c,3,20,85.72,278354192
6996,0x10975a9c,0x02083a5a,2,8,149.38,278354588
6997,0x10975963,0x070e102d,7,14,41.41,278354275
6998,0x10975886,0x04165100,4,22,207.36,278354054
6999,0x10975a0b,0x050c1ddc,5,12,76.44,278354443
7000,0x10975a5c,0x07211024,7,33,41.32,278354524
7001,0x1097594a,0x062d0655,6,45,16.21,278354250
7002,0x109759f9,0x000f2b05,0,15,110.13,278354425
7003,0x10975b2c,0x01200ea8,1,32,37.52,278354732
7004,0x10975af2,0x072f1023,7,47,41.31,278354674
7005,0x10975910,0x032f217c,3,47,85.72,278354192
7006,0x10975886,0x04075100,4,7,207.36,278354054
7007,0x10975b58,0x020c3a53,2,12,149.31,278354776
7008,0x109759a8,0x0314216e,3,20,85.58,278354344
7009,0x10975a0b,0x054c1ddc,5,76,76.44,278354443
7010,0x109759f9,0x00482b05,0,72,110.13,278354425
7011,0x1097594a,0x06020655,6,2,16.21,278354250
7012,0x1097591e,0x041350f1,4,19,207.21,278354206
7013,0x10975af2,0x07021023,7,2,41.31,278354674
7014,0x10975aba,0x050f1ddc,5,15,76.44,278354618
7015,0x109759d5,0x06570653,6,87,16.19,278354389
7016,0x109759a8,0x0351216e,3,81,85.58,278354344
7017,0x10975bba,0x074c1023,7,76,41.31,278354874
7018,0x1097591e,0x042450f1,4,36,207.21,278354206
7019,0x109759f9,0x00042b05,0,4,110.13,278354425
7020,0x10975ba9,0x013c0ea7,1,60,37.51,278354857
7021,0x10975a40,0x030a216d,3,10,85.57,278354496
7022,0x10975a92,0x00192ad8,0,25,109.68,278354578
7023,0x10975aba,0x05321ddc,5,50,76.44,278354618
7024,0x109759d5,0x060d0653,6,13,16.19,278354389
7025,0x10975bfa,0x010c0ea7,1,12,37.51,278354938
7026,0x10975b2b,0x001e2abf,0,30,109.43,278354731
7027,0x1097591e,0x042550f1,4,37,207.21,278354206
7028,0x10975c5e,0x07401021,7,64,41.29,278355038
7029,0x10975a88,0x062d0651,6,45,16.17,278354568
7030,0x10975a40,0x0340216d,3,64,85.57,278354496
7031,0x10975b98,0x00122a91,0,18,108.97,278354840
7032,0x10975987,0x041b50e0,4,27,207.04,278354311
7033,0x10975bdd,0x02363a4d,2,54,149.25,278354909
7034,0x10975aa9,0x030d216c,3,13,85.56,278354601
7035,0x10975b10,0x06250651,6,37,16.17,278354704
7036,0x10975aba,0x050e1ddc,5,14,76.44,278354618
7037,0x10975a23,0x0423508b,4,35,206.19,278354467
7038,0x10975bfa,0x01020ea7,1,2,37.51,278354938
7039,0x10975c5e,0x07181021,7,24,41.29,278355038
7040,0x10975c30,0x05191dd7,5,25,76.39,278354992
7041,0x10975c01,0x00162a8c,0,22,108.92,278354945
7042,0x10975cd1,0x071e1020,7,30,41.28,278355153
7043,0x10975aa9,0x0303216c,3,3,85.56,278354601
7044,0x10975a23,0x0410508b,4,16,206.19,278354467
7045,0x10975b10,0x06010651,6,1,16.17,278354704
7046,0x10975bdd,0x02143a4d,2,20,149.25,278354909
7047,0x10975cf5,0x003f2a82,0,63,108.82,278355189
7048,0x10975b4d,0x030e2169,3,14,85.53,278354765
7049,0x10975bfa,0x01240ea7,1,36,37.51,278354938
7050,0x10975a87,0x04345086,4,52,206.14,278354567
7051,0x10975b94,0x06040651,6,4,16.17,278354836
7052,0x10975c30,0x05191dd7,5,25,76.39,278354992
7053,0x10975b15,0x040b5086,4,11,206.14,278354709
7054,0x10975d2d,0x01350ea5,1,53,37.49,278355245
7055,0x10975caa,0x050d1dd1,5,13,76.33,278355114
7056,0x10975cf5,0x00072a82,0,7,108.82,278355189
7057,0x10975bdd,0x02013a4d,2,1,149.25,278354909
7058,0x10975b4d,0x03132169,3,19,85.53,278354765
7059,0x10975cd1,0x07391020,7,57,41.28,278355153
7060,0x10975c32,0x02083a4d,2,8,149.25,278354994
7061,0x10975d92,0x00562a48,0,86,108.24,278355346
7062,0x10975c32,0x02103a4d,2,16,149.25,278354994
7063,0x10975b15,0x043e5086,4,62,206.14,278354709
7064,0x10975caa,0x05431dd1,5,67,76.33,278355114
7065,0x10975c32,0x022c3a4d,2,44,149.25,278354994
7066,0x10975d2d,0x01020ea5,1,2,37.49,278355245
7067,0x10975b4d,0x03152169,3,21,85.53,278354765
7068,0x10975c3e,0x062c064b,6,44,16.11,278355006
7069,0x10975cd1,0x07051020,7,5,41.28,278355153
7070,0x10975c32,0x021c3a4d,2,28,149.25,278354994
7071,0x10975d4c,0x05041dcf,5,4,76.31,278355276
7072,0x10975bed,0x03052168,3,5,85.52,278354925
7073,0x10975d92,0x00062a48,0,6,108.24,278355346
7074,0x10975c84,0x02103a3f,2,16,149.11,278355076
7075,0x10975b15,0x04145086,4,20,206.14,278354709
7076,0x10975d71,0x0727101e,7,39,41.26,278355313
7077,0x10975c84,0x02103a3f,2,16,149.11,278355076
7078,0x10975b74,0x04295086,4,41,206.14,278354804
7079,0x10975d0b,0x02013a38,2,1,149.04,278355211
7080,0x10975c3e,0x062d064b,6,45,16.11,278355006
7081,0x10975bed,0x032f2168,3,47,85.52,278354925
7082,0x10975d4c,0x05051dcf,5,5,76.31,278355276
7083,0x10975c0b,0x04045065,4,4,205.81,278354955
7084,0x10975e2f,0x003929e3,0,57,107.23,278355503
7085,0x10975d0b,0x021e3a38,2,30,149.04,278355211
7086,0x10975d71,0x0715101e,7,21,41.26,278355313
7087,0x10975c86,0x03322167,3,50,85.51,278355078
7088,0x10975de4,0x01220ea4,1,34,37.48,278355428
7089,0x10975d17,0x0603064b,6,3,16.11,278355223
7090,0x10975d0b,0x020a3a38,2,10,149.04,278355211
7091,0x10975ea0,0x002629b1,0,38,106.73,278355616
7092,0x10975db3,0x0711101d,7,17,41.25,278355379
7093,0x10975e63,0x01060ea4,1,6,37.48,278355555
7094,0x10975d91,0x02143a30,2,20,148.96,278355345
7095,0x10975c0b,0x04435065,4,67,205.81,278354955
7096,0x10975d4c,0x050c1dcf,5,12,76.31,278355276
7097,0x10975d91,0x021e3a30,2,30,148.96,278355345
7098,0x10975c86,0x03322167,3,50,85.51,278355078
7099,0x10975eb0,0x010b0ea2,1,11,37.46,278355632
7100,0x10975d28,0x04015031,4,1,205.29,278355240
7101,0x10975d91,0x021e3a30,2,30,148.96,278355345
7102,0x10975dee,0x05301dcd,5,48,76.29,278355438
7103,0x10975ea0,0x000e29b1,0,14,106.73,278355616
7104,0x10975d17,0x0610064b,6,16,16.11,278355223
7105,0x10975db3,0x0736101d,7,54,41.25,278355379
7106,0x10975d16,0x03142150,3,20,85.28,278355222
7107,0x10975d91,0x02113a30,2,17,148.96,278355345
7108,0x10975e90,0x05131dcb,5,19,76.27,278355600
7109,0x10975db9,0x0616064b,6,22,16.11,278355385
7110,0x10975e1d,0x072a101c,7,42,41.24,278355485
7111,0x10975da6,0x031c214b,3,28,85.23,278355366
7112,0x10975d28,0x04125031,4,18,205.29,278355240
7113,0x10975fc9,0x020d3a2d,2,13,148.93,278355913
7114,0x10975e02,0x0603064b,6,3,16.11,278355458
7115,0x10975fc9,0x020d3a2d,2,13,148.93,278355913
7116,0x10975e1d,0x070f101c,7,15,41.24,278355485
7117,0x10975fc9,0x02163a2d,2,22,148.93,278355913
7118,0x10975e90,0x05081dcb,5,8,76.27,278355600
7119,0x10975fa2,0x000b266a,0,11,98.34,278355874
7120,0x10975f88,0x01110ea1,1,17,37.45,278355848
7121,0x10975da6,0x0312214b,3,18,85.23,278355366
7122,0x10975d28,0x04015031,4,1,205.29,278355240
7123,0x10975fc9,0x02163a2d,2,22,148.93,278355913
7124,0x10975eb2,0x070f101b,7,15,41.23,278355634
7125,0x10975fc9,0x020d3a2d,2,13,148.93,278355913
7126,0x10975ddf,0x0427501f,4,39,205.11,278355423
7127,0x10975e02,0x0612064b,6,18,16.11,278355458
7128,0x10975fc9,0x020d3a2d,2,13,148.93,278355913
7129,0x10975e90,0x050c1dcb,5,12,76.27,278355600
7130,0x10975fe6,0x000f262d,0,15,97.73,278355942
7131,0x10975e0a,0x03062144,3,6,85.16,278355466
7132,0x10975eb2,0x0738101b,7,56,41.23,278355634
7133,0x10975f06,0x05141dca,5,20,76.26,278355718
7134,0x10975f88,0x01020ea1,1,2,37.45,278355848
7135,0x10975ddf,0x040b501f,4,11,205.11,278355423
7136,0x10975fc9,0x02053a2d,2,5,148.93,278355913
7137,0x10975e02,0x0623064b,6,35,16.11,278355458
7138,0x10975fd3,0x05141dc8,5,20,76.24,278355923
7139,0x10975e0a,0x030b2144,3,11,85.16,278355466
7140,0x10975fe6,0x002a262d,0,42,97.73,278355942
7141,0x10975eb2,0x070f101b,7,15,41.23,278355634
7142,0x10975f35,0x06400649,6,64,16.09,278355765
7143,0x10975e98,0x030e213d,3,14,85.09,278355608
7144,0x10975ddf,0x040a501f,4,10,205.11,278355423
7145,0x10975f88,0x01080ea1,1,8,37.45,278355848
7146,0x10975f47,0x0704101b,7,4,41.23,278355783
7147,0x10975e43,0x041b500f,4,27,204.95,278355523
7148,0x10975fd3,0x05191dc8,5,25,76.24,278355923
7149,0x10975fe6,0x0009262d,0,9,97.73,278355942
7150,0x10975fdc,0x07251019,7,37,41.21,278355932
7151,0x10975e98,0x0306213d,3,6,85.09,278355608
7152,0x10976054,0x00302600,0,48,97.28,278356052
7153,0x10975f35,0x060f0649,6,15,16.09,278355765
7154,0x10976071,0x07191019,7,25,41.21,278356081
7155,0x10975f26,0x0344213c,3,68,85.08,278355750
7156,0x10975e43,0x0407500f,4,7,204.95,278355523
7157,0x1097610c,0x02463a27,2,70,148.87,278356236
7158,0x10975f88,0x01310ea1,1,49,37.45,278355848
7159,0x10975fd3,0x05091dc8,5,9,76.24,278355923
7160,0x10976016,0x063d0649,6,61,16.09,278355990
7161,0x10976054,0x00072600,0,7,97.28,278356052
7162,0x10975fd7,0x01290ea1,1,41,37.45,278355927
7163,0x10976071,0x07171019,7,23,41.21,278356081
7164,0x10975f26,0x0306213c,3,6,85.08,278355750
7165,0x109760c2,0x001f25e9,0,31,97.05,278356162
7166,0x10975e43,0x042b500f,4,43,204.95,278355523
7167,0x1097610c,0x020a3a27,2,10,148.87,278356236
7168,0x109760d7,0x07131014,7,19,41.16,278356183
7169,0x10975f98,0x04164fe9,4,22,204.57,278355864
7170,0x10976016,0x061a0649,6,26,16.09,278355990
7171,0x1097615b,0x02303a10,2,48,148.64,278356315
7172,0x10975fd3,0x05091dc8,5,9,76.24,278355923
7173,0x10975f26,0x0301213c,3,1,85.08,278355750
7174,0x109760c2,0x001b25e9,0,27,97.05,278356162
7175,0x10975fd7,0x012a0ea1,1,42,37.45,278355927
7176,0x10975fe0,0x030a2139,3,10,85.05,278355936
7177,0x109761d2,0x07291013,7,41,41.15,278356434
7178,0x10975f98,0x04054fe9,4,5,204.57,278355864
7179,0x10976062,0x01100e9f,1,16,37.43,278356066
7180,0x10976016,0x06010649,6,1,16.09,278355990
7181,0x10976049,0x05081dc8,5,8,76.24,278356041
7182,0x10976001,0x04304fb8,4,48,204.08,278355969
7183,0x109760c2,0x000325e9,0,3,97.05,278356162
7184,0x1097609d,0x06240649,6,36,16.09,278356125
7185,0x1097628d,0x021a39fc,2,26,148.44,278356621
7186,0x10975fe0,0x030e2139,3,14,85.05,278355936
7187,0x10976116,0x05091dc5,5,9,76.21,278356246
7188,0x109761d2,0x07101013,7,16,41.15,278356434
7189,0x109761bb,0x003425ba,0,52,96.58,278356411
7190,0x10976062,0x01050e9f,1,5,37.43,278356066
7191,0x1097614d,0x061f0648,6,31,16.08,278356301
7192,0x10976063,0x03402138,3,64,85.04,278356067
7193,0x10976001,0x04074fb8,4,7,204.08,278355969
7194,0x1097618c,0x054b1dc3,5,75,76.19,278356364
7195,0x109760c7,0x03042136,3,4,85.02,278356167
7196,0x1097626b,0x07521013,7,82,41.15,278356587
7197,0x109760e9,0x01030e9e,1,3,37.42,278356201
7198,0x1097628d,0x020339fc,2,3,148.44,278356621
7199,0x10976093,0x04104fb5,4,16,204.05,278356115
7200,0x109762ad,0x00482596,0,72,96.22,278356653
7201,0x109760f7,0x04244fa8,4,36,203.92,278356215
7202,0x1097614d,0x063d0648,6,61,16.08,278356301
7203,0x1097618c,0x05041dc3,5,4,76.19,278356364
7204,0x109760c7,0x03052136,3,5,85.02,278356167
7205,0x10976185,0x04154fa5,4,21,203.89,278356357
7206,0x109762dc,0x071d1010,7,29,41.12,278356700
7207,0x109760e9,0x010f0e9e,1,15,37.42,278356201
7208,0x109761fe,0x05361dbd,5,54,76.13,278356478
7209,0x109763b0,0x002a255f,0,42,95.67,278356912
7210,0x10976179,0x01150e9e,1,21,37.42,278356345
7211,0x10976397,0x0728100f,7,40,41.11,278356887
7212,0x1097614d,0x060a0648,6,10,16.08,278356301
7213,0x109760c7,0x032a2136,3,42,85.02,278356167
7214,0x10976185,0x041d4fa5,4,29,203.89,278356357
7215,0x10976234,0x01140e9e,1,20,37.42,278356532
7216,0x10976201,0x06290646,6,41,16.06,278356481
7217,0x109761fe,0x050f1dbd,5,15,76.13,278356478
7218,0x10976397,0x0708100f,7,8,41.11,278356887
7219,0x10976286,0x06120646,6,18,16.06,278356614
7220,0x109760c7,0x03172136,3,23,85.02,278356167
7221,0x10976399,0x022e39e1,2,46,148.17,278356889
7222,0x10976185,0x041d4fa5,4,29,203.89,278356357
7223,0x10976420,0x0007254a,0,7,95.46,278357024
7224,0x10976234,0x01120e9e,1,18,37.42,278356532
7225,0x10976155,0x03232133,3,35,84.99,278356309
7226,0x10976361,0x061c0646,6,28,16.06,278356833
7227,0x109761fe,0x05171dbd,5,23,76.13,278356478
7228,0x109761e4,0x040d4fa0,4,13,203.84,278356452
7229,0x10976397,0x071e100f,7,30,41.11,278356887
7230,0x109762eb,0x01160e9b,1,22,37.39,278356715
7231,0x10976316,0x040b4f70,4,11,203.36,278356758
7232,0x1097629d,0x05161db4,5,22,76.04,278356637
7233,0x10976437,0x07331005,7,51,41.01,278357047
7234,0x10976464,0x002e253c,0,46,95.32,278357092
7235,0x10976155,0x031e2133,3,30,84.99,278356309
7236,0x10976399,0x020139e1,2,1,148.17,278356889
7237,0x10976466,0x04044f4d,4,4,203.01,278357094
7238,0x10976361,0x06060646,6,6,16.06,278356833
7239,0x109761e3,0x0310212d,3,16,84.93,278356451
7240,0x109762eb,0x01310e9b,1,49,37.39,278356715
7241,0x1097629d,0x054b1db4,5,75,76.04,278356637
7242,0x10976242,0x0308212c,3,8,84.92,278356546
7243,0x10976437,0x072b1005,7,43,41.01,278357047
7244,0x10976464,0x000f253c,0,15,95.32,278357092
7245,0x10976466,0x04074f4d,4,7,203.01,278357094
7246,0x10976399,0x020439e1,2,4,148.17,278356889
7247,0x1097637a,0x05061db1,5,6,76.01,278356858
7248,0x10976398,0x01310e99,1,49,37.37,278356888
7249,0x109762d9,0x031d2126,3,29,84.86,278356697
7250,0x109764a8,0x07071002,7,7,40.98,278357160
7251,0x10976361,0x06020646,6,2,16.06,278356833
7252,0x1097470b,0x02153c0d,2,21,153.73,278349579
7253,0x10976464,0x0008253c,0,8,95.32,278357092
7254,0x109763e4,0x06320642,6,50,16.02,278356964
7255,0x10976466,0x04214f4d,4,33,203.01,278357094
7256,0x109762d9,0x03252126,3,37,84.86,278356697
7257,0x109763ea,0x021939de,2,25,148.14,278356970
7258,0x109764a8,0x07081002,7,8,40.98,278357160
7259,0x109764d5,0x000b2521,0,11,95.05,278357205
7260,0x10976398,0x011c0e99,1,28,37.37,278356888
7261,0x1097637a,0x052b1db1,5,43,76.01,278356858
7262,0x10976394,0x03112125,3,17,84.85,278356884
7263,0x10976541,0x07200ff8,7,32,40.88,278357313
7264,0x10976546,0x000c2507,0,12,94.79,278357318
7265,0x10976471,0x01450e95,1,69,37.33,278357105
7266,0x10976466,0x04104f4d,4,16,203.01,278357094
7267,0x109763e4,0x062c0642,6,44,16.02,278356964
7268,0x1097637a,0x05121db1,5,18,76.01,278356858
7269,0x109763ea,0x020b39de,2,11,148.14,278356970
7270,0x10976394,0x03212125,3,33,84.85,278356884
7271,0x109764ed,0x061b063f,6,27,15.99,278357229
7272,0x10976541,0x07120ff8,7,18,40.88,278357313
7273,0x10976546,0x00332507,0,51,94.79,278357318
7274,0x10976471,0x010e0e95,1,14,37.33,278357105
7275,0x1097641d,0x05091da7,5,9,75.91,278357021
7276,0x10976466,0x04084f4d,4,8,203.01,278357094
7277,0x109765da,0x07480ff8,7,72,40.88,278357466
7278,0x109765b3,0x000a2482,0,10,93.46,278357427
7279,0x10976471,0x010a0e95,1,10,37.33,278357105
7280,0x10976394,0x03272125,3,39,84.85,278356884
7281,0x10976554,0x04114f44,4,17,202.92,278357332
7282,0x109763ea,0x022e39de,2,46,148.14,278356970
7283,0x10976520,0x01420e90,1,66,37.28,278357280
7284,0x1097641d,0x05071da7,5,7,75.91,278357021
7285,0x109764ed,0x061f063f,6,31,15.99,278357229
7286,0x10976624,0x040e4f22,4,14,202.58,278357540
7287,0x109763f3,0x03152124,3,21,84.84,278356979
7288,0x109765da,0x070d0ff8,7,13,40.88,278357466
7289,0x109765b3,0x00322482,0,50,93.46,278357427
7290,0x10976527,0x050f1da4,5,15,75.88,278357287
7291,0x10976457,0x03082115,3,8,84.69,278357079
7292,0x10976673,0x074e0ff8,7,78,40.88,278357619
7293,0x109765d4,0x05241da2,5,36,75.86,278357460
7294,0x109763ea,0x021139de,2,17,148.14,278356970
7295,0x10976520,0x011c0e90,1,28,37.28,278357280
7296,0x109764ed,0x0612063f,6,18,15.99,278357229
7297,0x1097670c,0x07060ff6,7,6,40.86,278357772
7298,0x109765b3,0x00082482,0,8,93.46,278357427
7299,0x10976457,0x03012115,3,1,84.69,278357079
7300,0x1097470b,0x02013c0d,2,1,153.73,278349579
7301,0x10976574,0x061b063f,6,27,15.99,278357364
7302,0x1097470b,0x02143c0d,2,20,153.73,278349579
7303,0x109765d5,0x01370e8f,1,55,37.27,278357461
7304,0x10976677,0x001d2471,0,29,93.29,278357623
7305,0x109765d4,0x05351da2,5,53,75.86,278357460
7306,0x10976623,0x0610063b,6,16,15.95,278357539
7307,0x1097470b,0x02153c0d,2,21,153.73,278349579
7308,0x10976624,0x04054f22,4,5,202.58,278357540
7309,0x1097670c,0x07320ff6,7,50,40.86,278357772
7310,0x10976457,0x031c2115,3,28,84.69,278357079
7311,0x1097664a,0x05231d9b,5,35,75.79,278357578
7312,0x109767d4,0x072b0ff5,7,43,40.85,278357972
7313,0x10976677,0x003b2471,0,59,93.29,278357623
7314,0x109765d5,0x01050e8f,1,5,37.27,278357461
7315,0x10976624,0x04264f22,4,38,202.58,278357540
7316,0x10976623,0x0615063b,6,21,15.95,278357539
7317,0x10976710,0x00172464,0,23,93.16,278357776
7318,0x10976439,0x020539b4,2,5,147.72,278357049
7319,0x1097664a,0x052f1d9b,5,47,75.79,278357578
7320,0x10976685,0x010d0e8d,1,13,37.25,278357637
7321,0x10976457,0x03112115,3,17,84.69,278357079
7322,0x109767d4,0x07080ff5,7,8,40.85,278357972
7323,0x109766d2,0x0603063b,6,3,15.95,278357714
7324,0x109766ec,0x05021d9a,5,2,75.78,278357740
7325,0x109764c0,0x023b39ae,2,59,147.66,278357184
7326,0x10976624,0x04154f22,4,21,202.58,278357540
7327,0x10976710,0x001d2464,0,29,93.16,278357776
7328,0x109767b4,0x05091d99,5,9,75.77,278357940
7329,0x10976691,0x04244f22,4,36,202.58,278357649
7330,0x109764e9,0x0328210a,3,40,84.58,278357225
7331,0x1097677d,0x0002244b,0,2,92.91,278357885
7332,0x109767d4,0x07130ff5,7,19,40.85,278357972
7333,0x109766d2,0x0640063b,6,64,15.95,278357714
7334,0x10976685,0x012c0e8d,1,44,37.25,278357637
7335,0x109765d6,0x033a210a,3,58,84.58,278357462
7336,0x109764c0,0x020939ae,2,9,147.66,278357184
7337,0x10976874,0x07170ff2,7,23,40.82,278358132
7338,0x10976691,0x040e4f22,4,14,202.58,278357649
7339,0x109767b4,0x05151d99,5,21,75.77,278357940
7340,0x10976758,0x06030639,6,3,15.93,278357848
7341,0x10976552,0x022c3993,2,44,147.39,278357330
7342,0x109768e5,0x070a0ff1,7,10,40.81,278358245
7343,0x1097677d,0x0008244b,0,8,92.91,278357885
7344,0x1097675b,0x04434f1e,4,67,202.54,278357851
7345,0x10976852,0x05121d99,5,18,75.77,278358098
7346,0x109765d6,0x0317210a,3,23,84.58,278357462
7347,0x10976636,0x0211398e,2,17,147.34,278357558
7348,0x10976685,0x011e0e8d,1,30,37.25,278357637
7349,0x1096932a,0x072e01da,7,46,4.74,278303530
7350,0x10976799,0x040f4f1c,4,15,202.52,278357913
7351,0x10976753,0x01290e8c,1,41,37.24,278357843
7352,0x109766be,0x020c398d,2,12,147.33,278357694
7353,0x10976758,0x06240639,6,36,15.93,278357848
7354,0x1097677d,0x0023244b,0,35,92.91,278357885
7355,0x109765d6,0x0301210a,3,1,84.58,278357462
7356,0x10976852,0x05381d99,5,56,75.77,278358098
7357,0x10976799,0x04464f1c,4,70,202.52,278357913
7358,0x109769d9,0x07250fee,7,37,40.78,278358489
7359,0x10976664,0x034a2109,3,74,84.57,278357604
7360,0x10976812,0x01100e8a,1,16,37.22,278358034
7361,0x109767d5,0x04114f0a,4,17,202.34,278357973
7362,0x1097677d,0x0008244b,0,8,92.91,278357885
7363,0x109766be,0x023c398d,2,60,147.33,278357694
7364,0x10976758,0x060e0639,6,14,15.93,278357848
7365,0x10976a49,0x07020fed,7,2,40.77,278358601
7366,0x10976852,0x05091d99,5,9,75.77,278358098
7367,0x1097470b,0x00153c0d,0,21,153.73,278349579
7368,0x1097674e,0x0201397e,2,1,147.18,278357838
7369,0x10976664,0x03042109,3,4,84.57,278357604
7370,0x10976837,0x06160639,6,22,15.93,278358071
7371,0x1097691c,0x05331d93,5,51,75.71,278358300
7372,0x109767d5,0x04054f0a,4,5,202.34,278357973
7373,0x10976815,0x001c242d,0,28,92.61,278358037
7374,0x109766c3,0x03182108,3,24,84.56,278357699
7375,0x10976812,0x01290e8a,1,41,37.22,278358034
7376,0x1097683e,0x0202397a,2,2,147.14,278358078
7377,0x1097683f,0x043f4ee2,4,63,201.94,278358079
7378,0x109769b8,0x05081d91,5,8,75.69,278358456
7379,0x109768ce,0x012c0e89,1,44,37.21,278358222
7380,0x109768ad,0x001423c7,0,20,91.59,278358189
7381,0x10976ab9,0x074a0fe7,7,74,40.71,278358713
7382,0x10976837,0x063a0639,6,58,15.93,278358071
7383,0x109768ce,0x01240e89,1,36,37.21,278358222
7384,0x109766c3,0x03292108,3,41,84.56,278357699
7385,0x1097683f,0x040c4ee2,4,12,201.94,278358079
7386,0x1097683e,0x0217397a,2,23,147.14,278358078
7387,0x109768e7,0x060a0638,6,10,15.92,278358247
7388,0x1097695d,0x011b0e85,1,27,37.17,278358365
7389,0x109769b8,0x05441d91,5,68,75.69,278358456
7390,0x109768ad,0x003323c7,0,51,91.59,278358189
7391,0x109768a3,0x041b4ed1,4,27,201.77,278358179
7392,0x10976ab9,0x07020fe7,7,2,40.71,278358713
7393,0x109768f3,0x020d397a,2,13,147.14,278358259
7394,0x10976945,0x002823a2,0,40,91.22,278358341
7395,0x10976924,0x04184ea5,4,24,201.33,278358308
7396,0x10976b2c,0x07530fe3,7,83,40.67,278358828
7397,0x109766c3,0x03232108,3,35,84.56,278357699
7398,0x109768e7,0x062d0638,6,45,15.92,278358247
7399,0x10976a70,0x040c4e59,4,12,200.57,278358640
7400,0x109769b8,0x050d1d91,5,13,75.69,278358456
7401,0x10976996,0x06140637,6,20,15.91,278358422
7402,0x10976a2e,0x053b1d90,5,59,75.68,278358574
7403,0x10976945,0x001d23a2,0,29,91.22,278358341
7404,0x1097695d,0x01180e85,1,24,37.17,278358365
7405,0x1097678c,0x03302104,3,48,84.52,278357900
7406,0x109768f3,0x022b397a,2,43,147.14,278358259
7407,0x10976b2c,0x070c0fe3,7,12,40.67,278358828
7408,0x109769ae,0x0001239b,0,1,91.15,278358446
7409,0x10976a70,0x040b4e59,4,11,200.57,278358640
7410,0x10976bcc,0x07010fe2,7,1,40.66,278358988
7411,0x10976b0c,0x04204e44,4,32,200.36,278358796
7412,0x1097678c,0x032a2104,3,42,84.52,278357900
7413,0x10976a2e,0x05101d90,5,16,75.68,278358574
7414,0x109768f3,0x0209397a,2,9,147.14,278358259
7415,0x10976996,0x06100637,6,16,15.91,278358422
7416,0x1097695d,0x01030e85,1,3,37.17,278358365
7417,0x10976c69,0x071a0fe1,7,26,40.65,278359145
7418,0x109769ae,0x0038239b,0,56,91.15,278358446
7419,0x10976b0d,0x05021d8e,5,2,75.66,278358797
7420,0x109767f0,0x03092103,3,9,84.51,278358000
7421,0x10976a07,0x02383952,2,56,146.74,278358535
7422,0x1097684f,0x03102100,3,16,84.48,278358095
7423,0x10976b0c,0x04024e44,4,2,200.36,278358796
7424,0x10976b87,0x05301d8c,5,48,75.64,278358919
7425,0x10976c69,0x071a0fe1,7,26,40.65,278359145
7426,0x10976b00,0x02053949,2,5,146.65,278358784
7427,0x10976996,0x060e0637,6,14,15.91,278358422
7428,0x1097695d,0x010e0e85,1,14,37.17,278358365
7429,0x109769ae,0x0014239b,0,20,91.15,278358446
7430,0x10976a19,0x062d0635,6,45,15.89,278358553
7431,0x1097684f,0x031d2100,3,29,84.48,278358095
7432,0x10976b87,0x050f1d8c,5,15,75.64,278358919
7433,0x10976b0c,0x04124e44,4,18,200.36,278358796
7434,0x10976a24,0x0002238f,0,2,91.03,278358564
7435,0x10976c69,0x07180fe1,7,24,40.65,278359145
7436,0x10976acb,0x060e0634,6,14,15.88,278358731
7437,0x10976c2a,0x050d1d8b,5,13,75.63,278359082
7438,0x109768d2,0x030e20ff,3,14,84.47,278358226
7439,0x10976b00,0x020a3949,2,10,146.65,278358784
7440,0x10976bf4,0x04084e3d,4,8,200.29,278359028
7441,0x10976b20,0x0002238f,0,2,91.03,278358816
7442,0x1097695d,0x011b0e85,1,27,37.17,278358365
7443,0x10976a60,0x012d0e84,1,45,37.16,278358624
7444,0x10976b7c,0x06010634,6,1,15.88,278358908
7445,0x10976c69,0x07110fe1,7,17,40.65,278359145
7446,0x109768d2,0x032e20ff,3,46,84.47,278358226
7447,0x10976bf4,0x04304e3d,4,48,200.29,278359028
7448,0x10976b00,0x02063949,2,6,146.65,278358784
7449,0x10976b20,0x000c238f,0,12,91.03,278358816
7450,0x10976a8e,0x010b0e83,1,11,37.15,278358670
7451,0x10976d0b,0x07280fdf,7,40,40.63,278359307
7452,0x10976961,0x031720fe,3,23,84.46,278358369
7453,0x10976bbc,0x001e238d,0,30,91.01,278358972
7454,0x10976bb5,0x02253949,2,37,146.65,278358965
7455,0x10973e96,0x05420490,5,66,11.68,278347414
7456,0x10976bf4,0x040b4e3d,4,11,200.29,278359028
7457,0x10976c29,0x06570633,6,87,15.87,278359081
7458,0x10976c5c,0x0025235b,0,37,90.51,278359132
7459,0x10976c38,0x02053915,2,5,146.13,278359096
7460,0x10976d0b,0x07330fdf,7,51,40.63,278359307
7461,0x10976961,0x030620fe,3,6,84.46,278358369
7462,0x10976a8e,0x01170e83,1,23,37.15,278358670
7463,0x10976ca7,0x060c0631,6,12,15.85,278359207
7464,0x10976d7c,0x07270fdd,7,39,40.61,278359420
7465,0x10976bf4,0x04014e3d,4,1,200.29,278359028
7466,0x10976e41,0x052e1d81,5,46,75.53,278359617
7467,0x10976c5c,0x0001235b,0,1,90.51,278359132
7468,0x10976961,0x030f20fe,3,15,84.46,278358369
7469,0x10976c38,0x02243915,2,36,146.13,278359096
7470,0x10976c8d,0x043c4d85,4,60,198.45,278359181
7471,0x10976a8e,0x01030e83,1,3,37.15,278358670
7472,0x10976d8d,0x02063902,2,6,145.94,278359437
7473,0x10976d7c,0x07030fdd,7,3,40.61,278359420
7474,0x10976ca7,0x061f0631,6,31,15.85,278359207
7475,0x10976c5c,0x0027235b,0,39,90.51,278359132
7476,0x10973e96,0x05110490,5,17,11.68,278347414
7477,0x10976961,0x030e20fe,3,14,84.46,278358369
7478,0x10976cc5,0x00042327,0,4,89.99,278359237
7479,0x10976c8d,0x040e4d85,4,14,198.45,278359181
7480,0x10976e72,0x020438fd,2,4,145.89,278359666
7481,0x109769c0,0x031620f4,3,22,84.36,278358464
7482,0x10976a8e,0x01020e83,1,2,37.15,278358670
7483,0x10976cfa,0x04494d4b,4,73,197.87,278359290
7484,0x10973e96,0x054e0490,5,78,11.68,278347414
7485,0x10976d7c,0x07160fdd,7,22,40.61,278359420
7486,0x10976b84,0x012a0e83,1,42,37.15,278358916
7487,0x10976ca7,0x060a0631,6,10,15.85,278359207
7488,0x10976cc5,0x00182327,0,24,89.99,278359237
7489,0x109769c0,0x031220f4,3,18,84.36,278358464
7490,0x10976e72,0x021738fd,2,23,145.89,278359666
7491,0x10976bb2,0x01240e83,1,36,37.15,278358962
7492,0x10976cfa,0x04054d4b,4,5,197.87,278359290
7493,0x10976f55,0x021838ef,2,24,145.75,278359893
7494,0x10976d7c,0x071a0fdd,7,26,40.61,278359420
7495,0x10976f85,0x05071d7d,5,7,75.49,278359941
7496,0x10976cc5,0x00212327,0,33,89.99,278359237
7497,0x10976d92,0x040a4ce7,4,10,196.87,278359442
7498,0x10976ca7,0x06140631,6,20,15.85,278359207
7499,0x10976f55,0x020e38ef,2,14,145.75,278359893
7500,0x109769c0,0x032920f4,3,41,84.36,278358464
7501,0x10976d99,0x0027230d,0,39,89.73,278359449
7502,0x10976e5a,0x04464ca6,4,70,196.22,278359642
7503,0x10976bb2,0x01390e83,1,57,37.15,278358962
7504,0x10976ddd,0x060f0630,6,15,15.84,278359517
7505,0x10976d7c,0x07020fdd,7,2,40.61,278359420
7506,0x1097701a,0x020538e1,2,5,145.61,278360090
7507,0x10977002,0x05011d77,5,1,75.43,278360066
7508,0x10976c30,0x01040e83,1,4,37.15,278359088
7509,0x10976ea7,0x07050fdb,7,5,40.59,278359719
7510,0x109769c0,0x030d20f4,3,13,84.36,278358464
7511,0x10976e5a,0x04174ca6,4,23,196.22,278359642
7512,0x10976f19,0x070b0fd8,7,11,40.56,278359833
7513,0x10976d99,0x0008230d,0,8,89.73,278359449
7514,0x10976ddd,0x064c0630,6,76,15.84,278359517
7515,0x10976a5c,0x031420eb,3,20,84.27,278358620
7516,0x1097701a,0x024338e1,2,67,145.61,278360090
7517,0x10976eed,0x04124c34,4,18,195.08,278359789
7518,0x10976f86,0x07130fd8,7,19,40.56,278359942
7519,0x10976e5d,0x0028228a,0,40,88.42,278359645
7520,0x10976c30,0x01030e83,1,3,37.15,278359088
7521,0x10976e97,0x06140630,6,20,15.84,278359703
7522,0x10976ff3,0x071d0fd6,7,29,40.54,278360051
7523,0x10976a5c,0x031120eb,3,17,84.27,278358620
7524,0x10976eed,0x04234c34,4,35,195.08,278359789
7525,0x10976e5d,0x0025228a,0,37,88.42,278359645
7526,0x1097707f,0x05211d76,5,33,75.42,278360191
7527,0x10976af3,0x030e20eb,3,14,84.27,278358771
7528,0x10976e97,0x06150630,6,21,15.84,278359703
7529,0x10976c30,0x01290e83,1,41,37.15,278359088
7530,0x109770ce,0x05081d76,5,8,75.42,278360270
7531,0x10976eca,0x001f2272,0,31,88.18,278359754
7532,0x10977113,0x07200fd5,7,32,40.53,278360339
7533,0x10976b52,0x030a20ea,3,10,84.26,278358866
7534,0x10976f4e,0x00072266,0,7,88.06,278359886
7535,0x10976f1e,0x061e062e,6,30,15.82,278359838
7536,0x109770d7,0x043f4a25,4,63,189.81,278360279
7537,0x10977150,0x02573891,2,87,144.81,278360400
7538,0x10977186,0x07320fd4,7,50,40.52,278360454
7539,0x10977150,0x02013891,2,1,144.81,278360400
7540,0x10976c30,0x010d0e83,1,13,37.15,278359088
7541,0x1097717a,0x05121d73,5,18,75.39,278360442
7542,0x10976b52,0x035420ea,3,84,84.26,278358866
7543,0x109770d7,0x040b4a25,4,11,189.81,278360279
7544,0x10976f1e,0x063a062e,6,58,15.82,278359838
7545,0x10976f4e,0x00482266,0,72,88.06,278359886
7546,0x10977186,0x07120fd4,7,18,40.52,278360454
7547,0x109771f5,0x02063862,2,6,144.34,278360565
7548,0x10977145,0x042849df,4,40,189.11,278360389
7549,0x10977044,0x0010224f,0,16,87.83,278360132
7550,0x10976b52,0x030520ea,3,5,84.26,278358866
7551,0x10976c30,0x01250e83,1,37,37.15,278359088
7552,0x10976fa5,0x0603062d,6,3,15.81,278359973
7553,0x109771f7,0x05271d72,5,39,75.38,278360567
7554,0x10976bd3,0x034f20e8,3,79,84.24,278358995
7555,0x10977225,0x07090fd0,7,9,40.48,278360613
7556,0x10976cae,0x010c0e81,1,12,37.13,278359214
7557,0x10976c32,0x030d20e6,3,13,84.22,278359090
7558,0x109771b3,0x042649b8,4,38,188.72,278360499
7559,0x10977044,0x0005224f,0,5,87.83,278360132
7560,0x10977276,0x0207385d,2,7,144.29,278360694
7561,0x10976fa5,0x063c062d,6,60,15.81,278359973
7562,0x109771af,0x001a2194,0,26,85.96,278360495
7563,0x10977225,0x07010fd0,7,1,40.48,278360613
7564,0x109771f7,0x051e1d72,5,30,75.38,278360567
7565,0x10976cae,0x010e0e81,1,14,37.13,278359214
7566,0x10976c32,0x032520e6,3,37,84.22,278359090
7567,0x1097724c,0x041b4995,4,27,188.37,278360652
7568,0x109772f4,0x02133837,2,19,143.91,278360820
7569,0x10977284,0x050b1d71,5,11,75.37,278360708
7570,0x109772f4,0x021f3837,2,31,143.91,278360820
7571,0x109772bb,0x043d4957,4,61,187.75,278360763
7572,0x10976fa5,0x0610062d,6,16,15.81,278359973
7573,0x109771af,0x00272194,0,39,85.96,278360495
7574,0x10977225,0x073c0fd0,7,60,40.48,278360613
7575,0x10976c32,0x030d20e6,3,13,84.22,278359090
7576,0x109772f4,0x021a3837,2,26,143.91,278360820
7577,0x10977053,0x060c062d,6,12,15.81,278360147
7578,0x109772f7,0x07050fc7,7,5,40.39,278360823
7579,0x10976cae,0x01140e81,1,20,37.13,278359214
7580,0x10976cf9,0x031220e6,3,18,84.22,278359289
7581,0x109772bb,0x04124957,4,18,187.75,278360763
7582,0x10977104,0x061a062b,6,26,15.79,278360324
7583,0x10977284,0x051d1d71,5,29,75.37,278360708
7584,0x10976d27,0x01270e80,1,39,37.12,278359335
7585,0x109771af,0x001b2194,0,27,85.96,278360495
7586,0x10976d8a,0x033a20d5,3,58,84.05,278359434
7587,0x10977253,0x00272180,0,39,85.76,278360659
7588,0x109772f7,0x07040fc7,7,4,40.39,278360823
7589,0x109771b1,0x0621062a,6,33,15.78,278360497
7590,0x109773b8,0x041c4927,4,28,187.27,278361016
7591,0x109689bf,0x021c0719,2,28,18.17,278301119
7592,0x10976d8a,0x030120d5,3,1,84.05,278359434
7593,0x10977284,0x050e1d71,5,14,75.37,278360708
7594,0x10976d27,0x010f0e80,1,15,37.12,278359335
7595,0x109772f7,0x070e0fc7,7,14,40.39,278360823
7596,0x10977253,0x00262180,0,38,85.76,278360659
7597,0x1097733f,0x05431d70,5,67,75.36,278360895
7598,0x10977433,0x02053825,2,5,143.73,278361139
7599,0x10976e1b,0x034920cc,3,73,83.96,278359579
7600,0x109773b8,0x04214927,4,33,187.27,278361016
7601,0x1097725f,0x06190628,6,25,15.76,278360671
7602,0x10976d27,0x01180e80,1,24,37.12,278359335
7603,0x10977253,0x00082180,0,8,85.76,278360659
7604,0x109772f7,0x07320fc7,7,50,40.39,278360823
7605,0x10977433,0x02083825,2,8,143.73,278361139
7606,0x10976e7a,0x034820cc,3,72,83.96,278359674
7607,0x1097733f,0x05231d70,5,35,75.36,278360895
7608,0x109773b8,0x04224927,4,34,187.27,278361016
7609,0x109770e4,0x003c38b9,0,60,145.21,278360292
7610,0x10976e0c,0x01230e76,1,35,37.02,278359564
7611,0x1097725f,0x063d0628,6,61,15.76,278360671
7612,0x10976ed9,0x030520bf,3,5,83.83,278359769
7613,0x1097742b,0x04064922,4,6,187.22,278361131
7614,0x109773cb,0x05381d6e,5,56,75.34,278361035
7615,0x109770e4,0x002638b9,0,38,145.21,278360292
7616,0x109772f7,0x070e0fc7,7,14,40.39,278360823
7617,0x109770e4,0x000438b9,0,4,145.21,278360292
7618,0x109774e9,0x020a381f,2,10,143.67,278361321
7619,0x10977397,0x07060fc4,7,6,40.36,278360983
7620,0x10976ed9,0x030d20bf,3,13,83.83,278359769
7621,0x10976e0c,0x01030e76,1,3,37.02,278359564
7622,0x1097725f,0x060a0628,6,10,15.76,278360671
7623,0x1097749c,0x040348ea,4,3,186.66,278361244
7624,0x109773cb,0x05051d6e,5,5,75.34,278361035
7625,0x10976f6a,0x031e20bd,3,30,83.81,278359914
7626,0x109772e0,0x060a0626,6,10,15.74,278360800
7627,0x109772ef,0x002b2113,0,43,84.67,278360815
7628,0x10977397,0x072e0fc4,7,46,40.36,278360983
7629,0x10977483,0x053f1d6c,5,63,75.32,278361219
7630,0x10977416,0x06150626,6,21,15.74,278361110
7631,0x10976e0c,0x01200e76,1,32,37.02,278359564
7632,0x10976f6a,0x031220bd,3,18,83.81,278359914
7633,0x10977535,0x044248c1,4,66,186.25,278361397
7634,0x10977566,0x02263805,2,38,143.41,278361446
7635,0x109772ef,0x00192113,0,25,84.67,278360815
7636,0x10977397,0x07160fc4,7,22,40.36,278360983
7637,0x10976fc9,0x031220b8,3,18,83.76,278360009
7638,0x109770e4,0x003238b9,0,50,145.21,278360292
7639,0x109689bf,0x021a0719,2,26,18.17,278301119
7640,0x10977483,0x05121d6c,5,18,75.32,278361219
7641,0x10977416,0x062b0626,6,43,15.74,278361110
7642,0x10976e0c,0x01050e76,1,5,37.02,278359564
7643,0x109775a6,0x04254887,4,37,185.67,278361510
7644,0x109770e4,0x003438b9,0,52,145.21,278360292
7645,0x10976fc9,0x032620b8,3,38,83.76,278360009
7646,0x10977536,0x05281d6b,5,40,75.31,278361398
7647,0x10977397,0x07170fc4,7,23,40.36,278360983
7648,0x10968b78,0x02190713,2,25,18.11,278301560
7649,0x1097749d,0x061c0625,6,28,15.73,278361245
7650,0x10976e85,0x01260e75,1,38,37.01,278359685
7651,0x10977617,0x042d486a,4,45,185.38,278361623
7652,0x10977408,0x070e0fc4,7,14,40.36,278361096
7653,0x1097735c,0x000620cb,0,6,83.95,278360924
7654,0x10976fc9,0x031020b8,3,16,83.76,278360009
7655,0x10977536,0x052e1d6b,5,46,75.31,278361398
7656,0x10977405,0x004f2092,0,79,83.38,278361093
7657,0x1097749d,0x062d0625,6,45,15.73,278361245
7658,0x109776a4,0x020f37f8,2,15,143.28,278361764
7659,0x10977617,0x0412486a,4,18,185.38,278361623
7660,0x10977036,0x033420b1,3,52,83.69,278360118
7661,0x10976e85,0x01030e75,1,3,37.01,278359685
7662,0x10977408,0x07210fc4,7,33,40.36,278361096
7663,0x109775e9,0x05251d68,5,37,75.28,278361577
7664,0x10977520,0x06230625,6,35,15.73,278361376
7665,0x10977475,0x07110fb5,7,17,40.21,278361205
7666,0x10977405,0x000c2092,0,12,83.38,278361093
7667,0x10977036,0x032320b1,3,35,83.69,278360118
7668,0x109774de,0x07110fb5,7,17,40.21,278361310
7669,0x10977724,0x025137b3,2,81,142.59,278361892
7670,0x10976e85,0x013b0e75,1,59,37.01,278359685
7671,0x10977477,0x000d205e,0,13,82.86,278361207
7672,0x109770d2,0x032620ae,3,38,83.66,278360274
7673,0x1097756e,0x07170fae,7,23,40.14,278361454
7674,0x109775e9,0x05251d68,5,37,75.28,278361577
7675,0x10977520,0x06400625,6,64,15.73,278361376
7676,0x109776b4,0x04364865,4,54,185.33,278361780
7677,0x10976fdf,0x011d0e71,1,29,36.97,278360031
7678,0x10977199,0x031020a2,3,16,83.54,278360473
7679,0x10977725,0x04074861,4,7,185.29,278361893
7680,0x1097769d,0x05111d5f,5,17,75.19,278361757
7681,0x109775f9,0x060e0621,6,14,15.69,278361593
7682,0x10977477,0x0012205e,0,18,82.86,278361207
7683,0x1097756e,0x070a0fae,7,10,40.14,278361454
7684,0x10977560,0x00191ffb,0,25,81.87,278361440
7685,0x10977199,0x034320a2,3,67,83.54,278360473
7686,0x109775d2,0x07330fa4,7,51,40.04,278361554
7687,0x109777a2,0x02273781,2,39,142.09,278362018
7688,0x10976fdf,0x01170e71,1,23,36.97,278360031
7689,0x10977725,0x042d4861,4,45,185.29,278361893
7690,0x109771f8,0x0317209d,3,23,83.49,278360568
7691,0x109775f9,0x06570621,6,87,15.69,278361593
7692,0x1097769d,0x05111d5f,5,17,75.19,278361757
7693,0x10977765,0x04104840,4,16,184.96,278361957
7694,0x10977084,0x01330e71,1,51,36.97,278360196
7695,0x10977560,0x000f1ffb,0,15,81.87,278361440
7696,0x109776ac,0x0607061e,6,7,15.66,278361772
7697,0x109775d2,0x070e0fa4,7,14,40.04,278361554
7698,0x109775c6,0x00321fc3,0,50,81.31,278361542
7699,0x109777a2,0x02043781,2,4,142.09,278362018
7700,0x109771f8,0x0302209d,3,2,83.49,278360568
7701,0x10977631,0x073a0f9c,7,58,39.96,278361649
7702,0x1097775c,0x0601061e,6,1,15.66,278361948
7703,0x10977765,0x043d4840,4,61,184.96,278361957
7704,0x10977084,0x01250e71,1,37,36.97,278360196
7705,0x1097769d,0x05081d5f,5,8,75.19,278361757
7706,0x10977857,0x0227375b,2,39,141.71,278362199
7707,0x109776cd,0x07190f9a,7,25,39.94,278361805
7708,0x10977750,0x05101d5f,5,16,75.19,278361936
7709,0x109775c6,0x00111fc3,0,17,81.31,278361542
7710,0x109770ff,0x01040e6d,1,4,36.93,278360319
7711,0x109771f8,0x0302209d,3,2,83.49,278360568
7712,0x10977765,0x04194840,4,25,184.96,278361957
7713,0x10977803,0x053d1d5c,5,61,75.16,278362115
7714,0x109772ba,0x0302208d,3,2,83.33,278360762
7715,0x1097775c,0x062e061e,6,46,15.66,278361948
7716,0x109776cd,0x07230f9a,7,35,39.94,278361805
7717,0x1097788b,0x0410482d,4,16,184.77,278362251
7718,0x109775c6,0x00211fc3,0,33,81.31,278361542
7719,0x10977906,0x02033747,2,3,141.51,278362374
7720,0x10977319,0x0321208c,3,33,83.32,278360857
7721,0x109770ff,0x01250e6d,1,37,36.93,278360319
7722,0x10975a6f,0x001a3a67,0,26,149.51,278354543
7723,0x109773de,0x0313206a,3,19,82.98,278361054
7724,0x109776cd,0x07280f9a,7,40,39.94,278361805
7725,0x10977803,0x05061d5c,5,6,75.16,278362115
7726,0x1097775c,0x060b061e,6,11,15.66,278361948
7727,0x10975a6f,0x000a3a67,0,10,149.51,278354543
7728,0x109778f9,0x04224827,4,34,184.71,278362361
7729,0x1097788a,0x05041d5b,5,4,75.15,278362250
7730,0x10977906,0x02313747,2,49,141.51,278362374
7731,0x10975a6f,0x002f3a67,0,47,149.51,278354543
7732,0x109770ff,0x011f0e6d,1,31,36.93,278360319
7733,0x1097780c,0x063b061c,6,59,15.64,278362124
7734,0x109773de,0x0323206a,3,35,82.98,278361054
7735,0x10977992,0x04114811,4,17,184.49,278362514
7736,0x1097784c,0x07320f95,7,50,39.89,278362188
7737,0x10975a6f,0x00033a67,0,3,149.51,278354543
7738,0x1097796b,0x05171d59,5,23,75.13,278362475
7739,0x10977178,0x010a0e68,1,10,36.88,278360440
7740,0x109773de,0x030c206a,3,12,82.98,278361054
7741,0x10977992,0x04504811,4,80,184.49,278362514
7742,0x1097784c,0x07010f95,7,1,39.89,278362188
7743,0x10977906,0x020f3747,2,15,141.51,278362374
7744,0x1097780c,0x060f061c,6,15,15.64,278362124
7745,0x10977689,0x003a1fc1,0,58,81.29,278361737
7746,0x10977495,0x033d2066,3,61,82.94,278361237
7747,0x1097796b,0x05011d59,5,1,75.13,278362475
7748,0x10977a2f,0x04054803,4,5,184.35,278362671
7749,0x10977178,0x01050e68,1,5,36.88,278360440
7750,0x1097771d,0x00281fbf,0,40,81.27,278361885
7751,0x109771f6,0x01340e68,1,52,36.88,278360566
7752,0x10977495,0x03182066,3,24,82.94,278361237
7753,0x1097784c,0x07270f95,7,39,39.89,278362188
7754,0x1097780c,0x0603061c,6,3,15.64,278362124
7755,0x10977906,0x02103747,2,16,141.51,278362374
7756,0x10977299,0x01160e67,1,22,36.87,278360729
7757,0x10977a2f,0x04494803,4,73,184.35,278362671
7758,0x1097771d,0x00051fbf,0,5,81.27,278361885
7759,0x1097790e,0x070c0f95,7,12,39.89,278362382
7760,0x10977527,0x032a205d,3,42,82.85,278361383
7761,0x10977a15,0x02143713,2,20,140.99,278362645
7762,0x10977abd,0x05441d55,5,68,75.09,278362813
7763,0x1097797b,0x070d0f94,7,13,39.88,278362491
7764,0x109775b2,0x03012059,3,1,82.81,278361522
7765,0x10977314,0x010c0e66,1,12,36.86,278360852
7766,0x10977a15,0x02143713,2,20,140.99,278362645
7767,0x109778ee,0x0653061c,6,83,15.64,278362350
7768,0x10977aa9,0x0226370d,2,38,140.93,278362793
7769,0x10977acc,0x040647d8,4,6,183.92,278362828
7770,0x10977aa9,0x020e370d,2,14,140.93,278362793
7771,0x1097771d,0x00071fbf,0,7,81.27,278361885
7772,0x109775b2,0x031d2059,3,29,82.81,278361522
7773,0x1097797b,0x07120f94,7,18,39.88,278362491
7774,0x10977abd,0x050d1d55,5,13,75.09,278362813
7775,0x10977aa9,0x021d370d,2,29,140.93,278362793
7776,0x10977314,0x01460e66,1,70,36.86,278360852
7777,0x109777b1,0x00171fbc,0,23,81.24,278362033
7778,0x10977979,0x063e061b,6,62,15.63,278362489
7779,0x109779e1,0x07080f94,7,8,39.88,278362593
7780,0x109735aa,0x021d1e9e,2,29,78.38,278345130
7781,0x10977b5b,0x05261d48,5,38,74.96,278362971
7782,0x10977acc,0x043747d8,4,55,183.92,278362828
7783,0x10977845,0x003f1fba,0,63,81.22,278362181
7784,0x10977a47,0x07280f93,7,40,39.87,278362695
7785,0x109775b2,0x032b2059,3,43,82.81,278361522
7786,0x109735aa,0x021d1e9e,2,29,78.38,278345130
7787,0x10977b3a,0x041647cf,4,22,183.83,278362938
7788,0x109778d9,0x00091fad,0,9,81.09,278362329
7789,0x1097763d,0x03372056,3,55,82.78,278361661
7790,0x10977314,0x01040e66,1,4,36.86,278360852
7791,0x10977979,0x0608061b,6,8,15.63,278362489
7792,0x10977c35,0x020f36ff,2,15,140.79,278363189
7793,0x10977c0c,0x05121d46,5,18,74.94,278363148
7794,0x10977a47,0x072f0f93,7,47,39.87,278362695
7795,0x109773d4,0x011b0e66,1,27,36.86,278361044
7796,0x10977b3a,0x041147cf,4,17,183.83,278362938
7797,0x10977a29,0x062c061a,6,44,15.62,278362665
7798,0x109778d9,0x00481fad,0,72,81.09,278362329
7799,0x1097763d,0x03052056,3,5,82.78,278361661
7800,0x10977aa8,0x07030f8e,7,3,39.82,278362792
7801,0x10977ba8,0x044147c4,4,65,183.72,278363048
7802,0x10977a4d,0x000a1f9b,0,10,80.91,278362701
7803,0x1097769c,0x03302053,3,48,82.75,278361756
7804,0x1097745b,0x01450e63,1,69,36.83,278361179
7805,0x10977c8c,0x050c1d44,5,12,74.92,278363276
7806,0x10977a29,0x0633061a,6,51,15.62,278362665
7807,0x10977aa8,0x070d0f8e,7,13,39.82,278362792
7808,0x10977cf6,0x020e36c6,2,14,140.22,278363382
7809,0x10977ba8,0x040e47c4,4,14,183.72,278363048
7810,0x10977a4d,0x00311f9b,0,49,80.91,278362701
7811,0x10977aae,0x060d061a,6,13,15.62,278362798
7812,0x1097769c,0x030a2053,3,10,82.75,278361756
7813,0x10977b70,0x07260f8d,7,38,39.81,278362992
7814,0x10977ae1,0x00071f96,0,7,80.86,278362849
7815,0x10977cf6,0x021536c6,2,21,140.22,278363382
7816,0x1097750c,0x01580e63,1,88,36.83,278361356
7817,0x10977727,0x030c203e,3,12,82.54,278361895
7818,0x10977ca4,0x06070617,6,7,15.59,278363300
7819,0x10977d0f,0x05151d3e,5,21,74.86,278363407
7820,0x10977c52,0x00141f6c,0,20,80.44,278363218
7821,0x10977ba8,0x040a47c4,4,10,183.72,278363048
7822,0x109777e8,0x030c203b,3,12,82.51,278362088
7823,0x10977b70,0x071e0f8d,7,30,39.81,278362992
7824,0x10977ce9,0x00171f67,0,23,80.39,278363369
7825,0x1097787a,0x031b2036,3,27,82.46,278362234
7826,0x1097750c,0x010e0e63,1,14,36.83,278361356
7827,0x10977c2e,0x07290f8d,7,41,39.81,278363182
7828,0x10977cf6,0x021d36c6,2,29,140.22,278363382
7829,0x10977585,0x01020e5e,1,2,36.78,278361477
7830,0x10977d0f,0x05291d3e,5,41,74.86,278363407
7831,0x10977ca4,0x06490617,6,73,15.59,278363300
7832,0x1097787a,0x03022036,3,2,82.46,278362234
7833,0x10977ce9,0x00281f67,0,40,80.39,278363369
7834,0x10977ccf,0x040847b4,4,8,183.56,278363343
7835,0x10977603,0x011e0e5d,1,30,36.77,278361603
7836,0x10977c2e,0x07290f8d,7,41,39.81,278363182
7837,0x10977d9c,0x050e1d35,5,14,74.77,278363548
7838,0x10977cf6,0x020436c6,2,4,140.22,278363382
7839,0x10977cc1,0x07180f8b,7,24,39.79,278363329
7840,0x10977ca4,0x06150617,6,21,15.59,278363300
7841,0x1097787a,0x031a2036,3,26,82.46,278362234
7842,0x10977ce9,0x00201f67,0,32,80.39,278363369
7843,0x10977603,0x01250e5d,1,37,36.77,278361603
7844,0x10977ccf,0x041247b4,4,18,183.56,278363343
7845,0x109778db,0x030b202d,3,11,82.37,278362331
7846,0x10977dd3,0x00241f67,0,36,80.39,278363603
7847,0x10977cc1,0x071e0f8b,7,30,39.79,278363329
7848,0x109776b1,0x011c0e5c,1,28,36.76,278361777
7849,0x10977d3d,0x043b47af,4,59,183.51,278363453
7850,0x10977d8d,0x06410615,6,65,15.57,278363533
7851,0x10977d9c,0x05381d35,5,56,74.77,278363548
7852,0x1097772a,0x01050e5b,1,5,36.75,278361898
7853,0x109778db,0x031a202d,3,26,82.37,278362331
7854,0x10977e90,0x05221d2a,5,34,74.66,278363792
7855,0x10977e18,0x060a0615,6,10,15.57,278363672
7856,0x10977cc1,0x071c0f8b,7,28,39.79,278363329
7857,0x10977dd3,0x00101f67,0,16,80.39,278363603
7858,0x10977d3d,0x042747af,4,39,183.51,278363453
7859,0x10977e90,0x05101d2a,5,16,74.66,278363792
7860,0x10977d53,0x070c0f87,7,12,39.75,278363475
7861,0x10977e41,0x002c1f48,0,44,80.08,278363713
7862,0x10977e9a,0x021336ad,2,19,139.97,278363802
7863,0x1097772a,0x01160e5b,1,22,36.75,278361898
7864,0x10977da8,0x041147af,4,17,183.51,278363560
7865,0x109778db,0x030b202d,3,11,82.37,278362331
7866,0x10977e9a,0x021b36ad,2,27,139.97,278363802
7867,0x10977de5,0x07120f86,7,18,39.74,278363621
7868,0x10977f64,0x05061d27,5,6,74.63,278364004
7869,0x1097772a,0x010f0e5b,1,15,36.75,278361898
7870,0x10977f64,0x051b1d27,5,27,74.63,278364004
7871,0x109777e1,0x010c0e5b,1,12,36.75,278362081
7872,0x10977e18,0x06020615,6,2,15.57,278363672
7873,0x10977e9a,0x021536ad,2,21,139.97,278363802
7874,0x10977e41,0x00011f48,0,1,80.08,278363713
7875,0x109778db,0x032e202d,3,46,82.37,278362331
7876,0x10977f64,0x050a1d27,5,10,74.63,278364004
7877,0x109777e1,0x01080e5b,1,8,36.75,278362081
7878,0x10977da8,0x041d47af,4,29,183.51,278363560
7879,0x10977de5,0x070d0f86,7,13,39.74,278363621
7880,0x10977ed7,0x00131f41,0,19,80.01,278363863
7881,0x109779cc,0x030e202c,3,14,82.36,278362572
7882,0x10977ef8,0x020636a8,2,6,139.92,278363896
7883,0x10977894,0x01040e57,1,4,36.71,278362260
7884,0x10977e18,0x06200615,6,32,15.57,278363672
7885,0x1097793b,0x010f0e57,1,15,36.71,278362427
7886,0x10978019,0x05111d22,5,17,74.58,278364185
7887,0x10977de5,0x072a0f86,7,42,39.74,278363621
7888,0x1097793b,0x01260e57,1,38,36.71,278362427
7889,0x10977ed7,0x00111f41,0,17,80.01,278363863
7890,0x109779cc,0x0310202c,3,16,82.36,278362572
7891,0x10977da8,0x041347af,4,19,183.51,278363560
7892,0x10978019,0x05091d22,5,9,74.58,278364185
7893,0x10978015,0x022236a5,2,34,139.89,278364181
7894,0x10977e92,0x06240615,6,36,15.57,278363794
7895,0x109779b7,0x01150e57,1,21,36.71,278362551
7896,0x10977a2b,0x0324202b,3,36,82.35,278362667
7897,0x10977e42,0x042047a3,4,32,183.39,278363714
7898,0x109779b7,0x01260e57,1,38,36.71,278362551
7899,0x10977de5,0x070c0f86,7,12,39.74,278363621
7900,0x10977ed7,0x001d1f41,0,29,80.01,278363863
7901,0x10977b76,0x01150e53,1,21,36.67,278362998
7902,0x10968b78,0x02170713,2,23,18.11,278301560
7903,0x109780b1,0x05321d1e,5,50,74.54,278364337
7904,0x10977b76,0x01030e53,1,3,36.67,278362998
7905,0x10977e77,0x072c0f86,7,44,39.74,278363767
7906,0x10977e92,0x06050615,6,5,15.57,278363794
7907,0x10977a2b,0x0304202b,3,4,82.35,278362667
7908,0x10977f6e,0x001c1f37,0,28,79.91,278364014
7909,0x109780b1,0x05031d1e,5,3,74.54,278364337
7910,0x10977b76,0x01030e53,1,3,36.67,278362998
7911,0x10968d6a,0x022a0710,2,42,18.08,278302058
7912,0x10977e42,0x041347a3,4,19,183.39,278363714
7913,0x109780b1,0x05031d1e,5,3,74.54,278364337
7914,0x10977b76,0x01030e53,1,3,36.67,278362998
7915,0x10977f33,0x06510612,6,81,15.54,278363955
7916,0x10969075,0x0203070c,2,3,18.04,278302837
7917,0x10977b76,0x01030e53,1,3,36.67,278362998
7918,0x10977ee8,0x04024794,4,2,183.24,278363880
7919,0x109780b1,0x05011d1e,5,1,74.54,278364337
7920,0x10977e77,0x071d0f86,7,29,39.74,278363767
7921,0x10977a2b,0x0309202b,3,9,82.35,278362667
7922,0x10977f6e,0x000d1f37,0,13,79.91,278364014
7923,0x10969200,0x02080709,2,8,18.01,278303232
7924,0x10977b76,0x01030e53,1,3,36.67,278362998
7925,0x10977f87,0x041b477b,4,27,182.99,278364039
7926,0x10977edd,0x070d0f86,7,13,39.74,278363869
7927,0x10977ab6,0x0301202b,3,1,82.35,278362806
7928,0x10977b76,0x01030e53,1,3,36.67,278362998
7929,0x10978004,0x001e1f35,0,30,79.89,278364164
7930,0x1097816d,0x02033693,2,3,139.71,278364525
7931,0x10977b76,0x01030e53,1,3,36.67,278362998
7932,0x10977f33,0x06020612,6,2,15.54,278363955
7933,0x10977b74,0x03032019,3,3,82.17,278362996
7934,0x10978188,0x05021d15,5,2,74.45,278364552
7935,0x1097816d,0x02033693,2,3,139.71,278364525
7936,0x10977b76,0x01030e53,1,3,36.67,278362998
7937,0x10978188,0x05031d15,5,3,74.45,278364552
7938,0x10977edd,0x07270f86,7,39,39.74,278363869
7939,0x1097816d,0x02033693,2,3,139.71,278364525
7940,0x10977bd3,0x03112018,3,17,82.16,278363091
7941,0x10977f87,0x0429477b,4,41,182.99,278364039
7942,0x10977b76,0x01030e53,1,3,36.67,278362998
7943,0x10978004,0x00301f35,0,48,79.89,278364164
7944,0x10978188,0x05031d15,5,3,74.45,278364552
7945,0x1097816d,0x02033693,2,3,139.71,278364525
7946,0x10977fc9,0x06030611,6,3,15.53,278364105
7947,0x10977b76,0x01030e53,1,3,36.67,278362998
7948,0x10977f99,0x070a0f81,7,10,39.69,278364057
7949,0x10977c5e,0x030e2002,3,14,81.94,278363230
7950,0x10978188,0x05031d15,5,3,74.45,278364552
7951,0x1097816d,0x02033693,2,3,139.71,278364525
7952,0x10977b76,0x01030e53,1,3,36.67,278362998
7953,0x10977fff,0x07060f81,7,6,39.69,278364159
7954,0x1097816d,0x022f3693,2,47,139.71,278364525
7955,0x10977cef,0x03172002,3,23,81.94,278363375
7956,0x10978188,0x052b1d15,5,43,74.45,278364552
7957,0x10977b76,0x010e0e53,1,14,36.67,278362998
7958,0x10977f87,0x0409477b,4,9,182.99,278364039
7959,0x1097816d,0x02013693,2,1,139.71,278364525
7960,0x10977e3c,0x03041fc9,3,4,81.37,278363708
7961,0x10978004,0x00121f35,0,18,79.89,278364164
7962,0x10977fc9,0x06180611,6,24,15.53,278364105
7963,0x10977ff2,0x042a4770,4,42,182.88,278364146
7964,0x10977bf2,0x01210e51,1,33,36.65,278363122
7965,0x10977fff,0x07110f81,7,17,39.69,278364159
7966,0x1097806e,0x00211f2d,0,33,79.81,278364270
7967,0x10978277,0x05041d12,5,4,74.42,278364791
7968,0x10978277,0x05031d12,5,3,74.42,278364791
7969,0x10978103,0x00221f28,0,34,79.76,278364419
7970,0x10977e3c,0x031b1fc9,3,27,81.37,278363708
7971,0x10978277,0x050d1d12,5,13,74.42,278364791
7972,0x10977bf2,0x011b0e51,1,27,36.65,278363122
7973,0x10977fff,0x07480f81,7,72,39.69,278364159
7974,0x10977f89,0x03311fb4,3,49,81.16,278364041
7975,0x10977ff2,0x04154770,4,21,182.88,278364146
7976,0x10978277,0x05051d12,5,5,74.42,278364791
7977,0x10977d00,0x01090e4f,1,9,36.63,278363392
7978,0x10978060,0x07100f81,7,16,39.69,278364256
7979,0x10978014,0x03171fb3,3,23,81.15,278364180
7980,0x10978103,0x00141f28,0,20,79.76,278364419
7981,0x109780a2,0x0416474b,4,22,182.51,278364322
7982,0x10978304,0x02023662,2,2,139.22,278364932
7983,0x10977fc9,0x06030611,6,3,15.53,278364105
7984,0x109780f9,0x07050f7d,7,5,39.65,278364409
7985,0x10978198,0x00131f24,0,19,79.72,278364568
7986,0x10978184,0x043b4738,4,59,182.32,278364548
7987,0x10977d7a,0x013e0e4f,1,62,36.63,278363514
7988,0x10973e96,0x05050490,5,5,11.68,278347414
7989,0x10978304,0x02093662,2,9,139.22,278364932
7990,0x10978014,0x03451fb3,3,69,81.15,278364180
7991,0x109698c4,0x0533036a,5,51,8.74,278304964
7992,0x109780f9,0x07360f7d,7,54,39.65,278364409
7993,0x1097809f,0x03191fb1,3,25,81.13,278364319
7994,0x10978198,0x00251f24,0,37,79.72,278364568
7995,0x10978184,0x04104738,4,16,182.32,278364548
7996,0x10969b71,0x051c0368,5,28,8.72,278305649
7997,0x10977d7a,0x01260e4f,1,38,36.63,278363514
7998,0x10978088,0x063d0611,6,61,15.53,278364296
7999,0x109781fe,0x00111f23,0,17,79.71,278364670
8000,0x10978291,0x041e46f1,4,30,181.61,278364817
8001,0x109783b2,0x0204365d,2,4,139.17,278365106
8002,0x10969e57,0x05040367,5,4,8.71,278306391
8003,0x109780f9,0x07220f7d,7,34,39.65,278364409
8004,0x10977f1a,0x01230e3d,1,35,36.45,278363930
8005,0x1097809f,0x034b1fb1,3,75,81.13,278364319
8006,0x109780fe,0x030d1fac,3,13,81.08,278364414
8007,0x10978088,0x06160611,6,22,15.53,278364296
8008,0x109781fe,0x001d1f23,0,29,79.71,278364670
8009,0x10978431,0x02243659,2,36,139.13,278365233
8010,0x10978291,0x041546f1,4,21,181.61,278364817
8011,0x10978421,0x05081d0e,5,8,74.38,278365217
8012,0x109780f9,0x07040f7d,7,4,39.65,278364409
8013,0x10978431,0x02023659,2,2,139.13,278365233
8014,0x10977f1a,0x01100e3d,1,16,36.45,278363930
8015,0x1097818a,0x07090f7c,7,9,39.64,278364554
8016,0x109780fe,0x03011fac,3,1,81.08,278364414
8017,0x10978144,0x0620060f,6,32,15.51,278364484
8018,0x1097823e,0x071b0f7a,7,27,39.62,278364734
8019,0x109781fe,0x00371f23,0,55,79.71,278364670
8020,0x10978291,0x041d46f1,4,29,181.61,278364817
8021,0x10978365,0x001e1f1f,0,30,79.67,278365029
8022,0x10978369,0x043c46db,4,60,181.39,278365033
8023,0x10977f1a,0x01040e3d,1,4,36.45,278363930
8024,0x109784d3,0x020e3652,2,14,139.06,278365395
8025,0x109780fe,0x03501fac,3,80,81.08,278364414
8026,0x10978421,0x05051d0e,5,5,74.38,278365217
8027,0x1097823e,0x07140f7a,7,20,39.62,278364734
8028,0x10978295,0x01100e3c,1,16,36.44,278364821
8029,0x10978274,0x030f1fa8,3,15,81.04,278364788
8030,0x1097835a,0x06250608,6,37,15.44,278365018
8031,0x10978365,0x00131f1f,0,19,79.67,278365029
8032,0x10978373,0x01180e3a,1,24,36.42,278365043
8033,0x1097823e,0x070a0f7a,7,10,39.62,278364734
8034,0x10978369,0x042346db,4,35,181.39,278365033
8035,0x10978406,0x00151f1f,0,21,79.67,278365190
8036,0x10978556,0x0207364a,2,7,138.98,278365526
8037,0x10978421,0x052c1d0e,5,44,74.38,278365217
8038,0x10978274,0x03381fa8,3,56,81.04,278364788
8039,0x10978428,0x01030e37,1,3,36.39,278365224
8040,0x1097840b,0x040b469d,4,11,180.77,278365195
8041,0x1097835a,0x06050608,6,5,15.44,278365018
8042,0x109784af,0x050b1d0b,5,11,74.35,278365359
8043,0x10978335,0x030c1fa1,3,12,80.97,278364981
8044,0x109783ee,0x060c0603,6,12,15.39,278365166
8045,0x1097823e,0x07210f7a,7,33,39.62,278364734
8046,0x10978406,0x00391f1f,0,57,79.67,278365190
8047,0x1097853a,0x05111d0a,5,17,74.34,278365498
8048,0x109785d9,0x0235363e,2,53,138.86,278365657
8049,0x109782a4,0x07170f73,7,23,39.55,278364836
8050,0x109784cc,0x06160602,6,22,15.38,278365388
8051,0x10978428,0x01310e37,1,49,36.39,278365224
8052,0x1097840b,0x0416469d,4,22,180.77,278365195
8053,0x10978335,0x030f1fa1,3,15,80.97,278364981
8054,0x109785d9,0x0219363e,2,25,138.86,278365657
8055,0x1097855f,0x061a0602,6,26,15.38,278365535
8056,0x1097847a,0x04074686,4,7,180.54,278365306
8057,0x10978406,0x00071f1f,0,7,79.67,278365190
8058,0x109782a4,0x07470f73,7,71,39.55,278364836
8059,0x1097853a,0x05211d0a,5,33,74.34,278365498
8060,0x10978335,0x03191fa1,3,25,80.97,278364981
8061,0x10978428,0x010b0e37,1,11,36.39,278365224
8062,0x10978681,0x02333634,2,51,138.76,278365825
8063,0x10978360,0x07020f71,7,2,39.53,278365024
8064,0x109784b0,0x01300e37,1,48,36.39,278365360
8065,0x10978681,0x02013634,2,1,138.76,278365825
8066,0x109783c6,0x07120f6a,7,18,39.46,278365126
8067,0x10978667,0x06080600,6,8,15.36,278365799
8068,0x1097847a,0x04304686,4,48,180.54,278365306
8069,0x10978406,0x000e1f1f,0,14,79.67,278365190
8070,0x10978335,0x030c1fa1,3,12,80.97,278364981
8071,0x10978681,0x02013634,2,1,138.76,278365825
8072,0x109785bf,0x01280e35,1,40,36.37,278365631
8073,0x10978522,0x04134662,4,19,180.18,278365474
8074,0x10978470,0x003e1f16,0,62,79.58,278365296
8075,0x10978458,0x03481f7a,3,72,80.58,278365272
8076,0x1097861f,0x05091d02,5,9,74.26,278365727
8077,0x109783c6,0x070b0f6a,7,11,39.46,278365126
8078,0x10978427,0x070a0f67,7,10,39.43,278365223
8079,0x10978667,0x06250600,6,37,15.36,278365799
8080,0x10978470,0x00171f16,0,23,79.58,278365296
8081,0x109785bf,0x01210e35,1,33,36.37,278365631
8082,0x1097874b,0x02213630,2,33,138.72,278366027
8083,0x10978458,0x03191f7a,3,25,80.58,278365272
8084,0x109784e5,0x07280f67,7,40,39.43,278365413
8085,0x10978522,0x041b4662,4,27,180.18,278365474
8086,0x109784c1,0x03261f66,3,38,80.38,278365377
8087,0x10978646,0x011e0e31,1,30,36.33,278365766
8088,0x109785ce,0x0422464b,4,34,179.95,278365646
8089,0x10978667,0x060e0600,6,14,15.36,278365799
8090,0x109784e5,0x073c0f67,7,60,39.43,278365413
8091,0x10978470,0x00031f16,0,3,79.58,278365296
8092,0x109787d3,0x022a362c,2,42,138.68,278366163
8093,0x109784c1,0x03191f66,3,25,80.38,278365377
8094,0x10978541,0x07070f61,7,7,39.37,278365505
8095,0x1097852d,0x00043650,0,4,139.04,278365485
8096,0x1097861f,0x05181d02,5,24,74.26,278365727
8097,0x109787d3,0x020b362c,2,11,138.68,278366163
8098,0x109785ce,0x0411464b,4,17,179.95,278365646
8099,0x1097852d,0x00133650,0,19,139.04,278365485
8100,0x1097855d,0x03371f61,3,55,80.33,278365533
8101,0x10978646,0x010e0e31,1,14,36.33,278365766
8102,0x10978667,0x061c0600,6,28,15.36,278365799
8103,0x109787d3,0x0203362c,2,3,138.68,278366163
8104,0x10978541,0x073d0f61,7,61,39.37,278365505
8105,0x1097852d,0x00173650,0,23,139.04,278365485
8106,0x109786f7,0x061505fc,6,21,15.32,278365943
8107,0x109785ce,0x0412464b,4,18,179.95,278365646
8108,0x1097855d,0x03021f61,3,2,80.33,278365533
8109,0x1097859d,0x07030f5d,7,3,39.33,278365597
8110,0x10978646,0x01090e31,1,9,36.33,278365766
8111,0x109787d3,0x020f362c,2,15,138.68,278366163
8112,0x109785ed,0x031c1f5c,3,28,80.28,278365677
8113,0x10978516,0x00021f14,0,2,79.56,278365462
8114,0x10978651,0x03151f59,3,21,80.25,278365777
8115,0x1097859d,0x07210f5d,7,33,39.33,278365597
8116,0x1097869a,0x05181d00,5,24,74.24,278365850
8117,0x109785ce,0x0417464b,4,23,179.95,278365646
8118,0x109786b0,0x03061f55,3,6,80.21,278365872
8119,0x109786f2,0x07040f59,7,4,39.29,278365938
8120,0x10978776,0x051b1cfa,5,27,74.18,278366070
8121,0x109788a5,0x060505f6,6,5,15.26,278366373
8122,0x1097867b,0x0409463a,4,9,179.78,278365819
8123,0x10978747,0x03251f55,3,37,80.21,278366023
8124,0x10978516,0x00171f14,0,23,79.56,278365462
8125,0x1097884a,0x05231cf8,5,35,74.16,278366282
8126,0x10978646,0x010e0e31,1,14,36.33,278365766
8127,0x109788f4,0x062f05f6,6,47,15.26,278366452
8128,0x109786f2,0x071c0f59,7,28,39.29,278365938
8129,0x109785ae,0x003f1f13,0,63,79.55,278365614
8130,0x109787ab,0x070d0f59,7,13,39.29,278366123
8131,0x10978747,0x032f1f55,3,47,80.21,278366023
8132,0x1097867b,0x0414463a,4,20,179.78,278365819
8133,0x10978838,0x07360f53,7,54,39.23,278366264
8134,0x1097884a,0x05401cf8,5,64,74.16,278366282
8135,0x10978728,0x013c0e30,1,60,36.32,278365992
8136,0x1097892d,0x02403612,2,64,138.42,278366509
8137,0x109785ae,0x00051f13,0,5,79.55,278365614
8138,0x109788f4,0x061705f6,6,23,15.26,278366452
8139,0x1097872f,0x04124605,4,18,179.25,278365999
8140,0x10978885,0x05261cf6,5,38,74.14,278366341
8141,0x109787e0,0x01170e30,1,23,36.32,278366176
8142,0x10978747,0x03111f55,3,17,80.21,278366023
8143,0x109785b0,0x0036364a,0,54,138.98,278365616
8144,0x109787e4,0x040445dc,4,4,178.84,278366180
8145,0x109789b1,0x062f05f4,6,47,15.24,278366641
8146,0x10978838,0x07010f53,7,1,39.23,278366264
8147,0x109787d6,0x033e1f48,3,62,80.08,278366166
8148,0x109785b0,0x0004364a,0,4,138.98,278365616
8149,0x1097892d,0x02243612,2,36,138.42,278366509
8150,0x109788c5,0x070f0f53,7,15,39.23,278366405
8151,0x109785b0,0x000a364a,0,10,138.98,278365616
8152,0x109787e0,0x01040e30,1,4,36.32,278366176
8153,0x109785b0,0x0215364a,2,21,138.98,278365616
8154,0x10978885,0x05121cf6,5,18,74.14,278366341
8155,0x109787e4,0x040f45dc,4,15,178.84,278366180
8156,0x10978952,0x07080f53,7,8,39.23,278366546
8157,0x109785b0,0x021b364a,2,27,138.98,278365616
8158,0x109787e0,0x01190e30,1,25,36.32,278366176
8159,0x109789b1,0x061d05f4,6,29,15.24,278366641
8160,0x109788ba,0x05191cf3,5,25,74.11,278366394
8161,0x109785b0,0x0010364a,0,16,138.98,278365616
8162,0x109785b0,0x021b364a,2,27,138.98,278365616
8163,0x1097886c,0x01020e2c,1,2,36.28,278366316
8164,0x109788ba,0x051b1cf3,5,27,74.11,278366394
8165,0x1097897f,0x030c1f23,3,12,79.71,278366591
8166,0x1097886c,0x01070e2c,1,7,36.28,278366316
8167,0x109785b0,0x0209364a,2,9,138.98,278365616
8168,0x10978952,0x070f0f53,7,15,39.23,278366546
8169,0x109788ef,0x01150e2b,1,21,36.27,278366447
8170,0x109789ec,0x03391f23,3,57,79.71,278366700
8171,0x109787e4,0x040645dc,4,6,178.84,278366180
8172,0x109788ba,0x051c1cf3,5,28,74.11,278366394
8173,0x10978619,0x001e1f0d,0,30,79.49,278365721
8174,0x109788ef,0x010c0e2b,1,12,36.27,278366447
8175,0x10978a4d,0x050c1cef,5,12,74.07,278366797
8176,0x109788bb,0x042f45bf,4,47,178.55,278366395
8177,0x1097898b,0x020a35f5,2,10,138.13,278366603
8178,0x109788ef,0x010c0e2b,1,12,36.27,278366447
8179,0x10978a6b,0x060705f2,6,7,15.22,278366827
8180,0x10978a4d,0x050c1cef,5,12,74.07,278366797
8181,0x10978687,0x00021f0a,0,2,79.46,278365831
8182,0x10978952,0x07030f53,7,3,39.23,278366546
8183,0x109788ef,0x010c0e2b,1,12,36.27,278366447
8184,0x10978a25,0x020335d7,2,3,137.83,278366757
8185,0x109789ec,0x030c1f23,3,12,79.71,278366700
8186,0x10978a4d,0x050c1cef,5,12,74.07,278366797
8187,0x10978a08,0x07070f52,7,7,39.22,278366728
8188,0x10978731,0x00141f07,0,20,79.43,278366001
8189,0x10969200,0x02060709,2,6,18.01,278303232
8190,0x109788ef,0x01050e2b,1,5,36.27,278366447
8191,0x10978a4d,0x051b1cef,5,27,74.07,278366797
8192,0x10978a82,0x030e1f21,3,14,79.69,278366850
8193,0x10969200,0x020c0709,2,12,18.01,278303232
8194,0x109789a3,0x01160e28,1,22,36.24,278366627
8195,0x10978a4d,0x050c1cef,5,12,74.07,278366797
8196,0x1097889b,0x00021ef4,0,2,79.24,278366363
8197,0x10978a6b,0x062a05f2,6,42,15.22,278366827
8198,0x109789a3,0x010c0e28,1,12,36.24,278366627
8199,0x109788bb,0x041245bf,4,18,178.55,278366395
8200,0x10969200,0x02010709,2,1,18.01,278303232
8201,0x10978a4d,0x05031cef,5,3,74.07,278366797
8202,0x109789a3,0x010c0e28,1,12,36.24,278366627
8203,0x109785b0,0x0026364a,0,38,138.98,278365616
8204,0x109695de,0x020b0706,2,11,17.98,278304222
8205,0x10978971,0x043d4530,4,61,177.12,278366577
8206,0x10978a82,0x03041f21,3,4,79.69,278366850
8207,0x109789a3,0x010c0e28,1,12,36.24,278366627
8208,0x10978ae6,0x063205f2,6,50,15.22,278366950
8209,0x109695de,0x020c0706,2,12,17.98,278304222
8210,0x109785b0,0x002e364a,0,46,138.98,278365616
8211,0x109789a3,0x010c0e28,1,12,36.24,278366627
8212,0x10978abe,0x03561f06,3,86,79.42,278366910
8213,0x109695de,0x020c0706,2,12,17.98,278304222
8214,0x10978c2f,0x05091cea,5,9,74.02,278367279
8215,0x109789a3,0x010c0e28,1,12,36.24,278366627
8216,0x109695de,0x020c0706,2,12,17.98,278304222
8217,0x109789a3,0x01060e28,1,6,36.24,278366627
8218,0x109695de,0x020c0706,2,12,17.98,278304222
8219,0x10978ae6,0x062605f2,6,38,15.22,278366950
8220,0x10978a52,0x01060e28,1,6,36.24,278366802
8221,0x109789cf,0x00431eea,0,67,79.14,278366671
8222,0x109695de,0x020c0706,2,12,17.98,278304222
8223,0x10978971,0x04134530,4,19,177.12,278366577
8224,0x10978c2f,0x05141cea,5,20,74.02,278367279
8225,0x10978abe,0x03081f06,3,8,79.42,278366910
8226,0x10978a52,0x010c0e28,1,12,36.24,278366802
8227,0x109695de,0x02070706,2,7,17.98,278304222
8228,0x10978b91,0x063705f1,6,55,15.21,278367121
8229,0x10978b53,0x030c1f05,3,12,79.41,278367059
8230,0x10978a52,0x010c0e28,1,12,36.24,278366802
8231,0x1096a512,0x020506f7,2,5,17.83,278308114
8232,0x10978a52,0x010c0e28,1,12,36.24,278366802
8233,0x109789cf,0x000e1eea,0,14,79.14,278366671
8234,0x10978c2f,0x051f1cea,5,31,74.02,278367279
8235,0x1096a512,0x020c06f7,2,12,17.83,278308114
8236,0x10978a52,0x010c0e28,1,12,36.24,278366802
8237,0x10978af2,0x00351ecc,0,53,78.84,278366962
8238,0x10978b53,0x03081f05,3,8,79.41,278367059
8239,0x10978cdf,0x050e1cdc,5,14,73.88,278367455
8240,0x10978b91,0x061805f1,6,24,15.21,278367121
8241,0x10978b82,0x04134431,4,19,174.57,278367106
8242,0x10978c67,0x001b1ec5,0,27,78.77,278367335
8243,0x10969e57,0x05160367,5,22,8.71,278306391
8244,0x10978d5d,0x023035bf,2,48,137.59,278367581
8245,0x10978d0f,0x062b05ee,6,43,15.18,278367503
8246,0x10978a52,0x01010e28,1,1,36.24,278366802
8247,0x10969ec2,0x051a0367,5,26,8.71,278306498
8248,0x10978b53,0x030d1f05,3,13,79.41,278367059
8249,0x10978d65,0x011b0e23,1,27,36.19,278367589
8250,0x10978c67,0x001e1ec5,0,30,78.77,278367335
8251,0x10978c7a,0x034c1ef7,3,76,79.27,278367354
8252,0x10978c44,0x0433442d,4,51,174.53,278367300
8253,0x109675f1,0x012601b5,1,38,4.37,278296049
8254,0x10978d13,0x03041eeb,3,4,79.15,278367507
8255,0x10978cde,0x04124429,4,18,174.49,278367454
8256,0x10978d0f,0x060e05ee,6,14,15.18,278367503
8257,0x10978de0,0x050c1cdc,5,12,73.88,278367712
8258,0x109678c1,0x010c01b4,1,12,4.36,278296769
8259,0x10978c67,0x000d1ec5,0,13,78.77,278367335
8260,0x10978dd2,0x022735bb,2,39,137.55,278367698
8261,0x10978cd8,0x00301ec2,0,48,78.74,278367448
8262,0x10978dd2,0x020c35bb,2,12,137.55,278367698
8263,0x10978d13,0x030d1eeb,3,13,79.15,278367507
8264,0x10978dd5,0x060205eb,6,2,15.15,278367701
8265,0x10978e71,0x01490e20,1,73,36.16,278367857
8266,0x10978cde,0x040c4429,4,12,174.49,278367454
8267,0x10978dd2,0x020c35bb,2,12,137.55,278367698
8268,0x10978de0,0x05071cdc,5,7,73.88,278367712
8269,0x10978cd8,0x00291ec2,0,41,78.74,278367448
8270,0x10978d80,0x03051ecd,3,5,78.85,278367616
8271,0x10978d92,0x04174401,4,23,174.09,278367634
8272,0x10978e5c,0x05421cdc,5,66,73.88,278367836
8273,0x10978da4,0x00011e93,0,1,78.27,278367652
8274,0x10978e44,0x03091ecc,3,9,78.84,278367812
8275,0x10978dd5,0x060405eb,6,4,15.15,278367701
8276,0x10978e5c,0x050c1cdc,5,12,73.88,278367836
8277,0x10978e21,0x020735bb,2,7,137.55,278367777
8278,0x10978e71,0x01130e20,1,19,36.16,278367857
8279,0x10978e11,0x00081e92,0,8,78.26,278367761
8280,0x10978d92,0x041d4401,4,29,174.09,278367634
8281,0x10978eae,0x033b1eb6,3,59,78.62,278367918
8282,0x10978f65,0x0215358b,2,21,137.07,278368101
8283,0x10978e11,0x001e1e92,0,30,78.26,278367761
8284,0x10978e71,0x010a0e20,1,10,36.16,278367857
8285,0x10978f4a,0x030a1eb3,3,10,78.59,278368074
8286,0x10978dd5,0x061a05eb,6,26,15.15,278367701
8287,0x10978ea6,0x002a1e8e,0,42,78.22,278367910
8288,0x10978f65,0x0221358b,2,33,137.07,278368101
8289,0x10978eed,0x01260e15,1,38,36.05,278367981
8290,0x10978d92,0x04064401,4,6,174.09,278367634
8291,0x10978f4a,0x03221eb3,3,34,78.59,278368074
8292,0x10978f24,0x043a43c8,4,58,173.52,278368036
8293,0x10978dd5,0x061b05eb,6,27,15.15,278367701
8294,0x10978ea6,0x00131e8e,0,19,78.22,278367910
8295,0x10978eed,0x01150e15,1,21,36.05,278367981
8296,0x10978f65,0x0223358b,2,35,137.07,278368101
8297,0x10978f6a,0x002f1e6c,0,47,77.88,278368106
8298,0x10978f67,0x01130e14,1,19,36.04,278368103
8299,0x10979007,0x022c3587,2,44,137.03,278368263
8300,0x1097879c,0x06121ef5,6,18,79.25,278366108
8301,0x10978f4a,0x030f1eb3,3,15,78.59,278368074
8302,0x10978fa2,0x04424381,4,66,172.81,278368162
8303,0x1097879c,0x06201ef5,6,32,79.25,278366108
8304,0x10978fea,0x030a1eae,3,10,78.54,278368234
8305,0x10979006,0x003e1e67,0,62,77.83,278368262
8306,0x10979007,0x02063587,2,6,137.03,278368263
8307,0x10978f67,0x012b0e14,1,43,36.04,278368103
8308,0x1097905b,0x03191eac,3,25,78.52,278368347
8309,0x10978fa2,0x04124381,4,18,172.81,278368162
8310,0x10978eb5,0x062105e9,6,33,15.13,278367925
8311,0x10979006,0x00231e67,0,35,77.83,278368262
8312,0x10978e5c,0x05091cdc,5,9,73.88,278367836
8313,0x10978f67,0x010b0e14,1,11,36.04,278368103
8314,0x109790a0,0x001d1e52,0,29,77.62,278368416
8315,0x1097905f,0x0427437a,4,39,172.74,278368351
8316,0x10979121,0x0217356c,2,23,136.76,278368545
8317,0x10978f4d,0x063005e8,6,48,15.12,278368077
8318,0x1097900c,0x010e0e11,1,14,36.01,278368268
8319,0x1097910e,0x00081e4c,0,8,77.56,278368526
8320,0x10978e94,0x05011cd8,5,1,73.84,278367892
8321,0x109790b1,0x010d0e11,1,13,36.01,278368433
8322,0x10979148,0x03261ea6,3,38,78.46,278368584
8323,0x1097910e,0x00181e4c,0,24,77.56,278368526
8324,0x10979121,0x0223356c,2,35,136.76,278368545
8325,0x109790e6,0x04074325,4,7,171.89,278368486
8326,0x109790b1,0x01250e11,1,37,36.01,278368433
8327,0x10978f4d,0x061105e8,6,17,15.12,278368077
8328,0x10978e94,0x05441cd8,5,68,73.84,278367892
8329,0x10978f5c,0x05061cd3,5,6,73.79,278368092
8330,0x10979148,0x03241ea6,3,36,78.46,278368584
8331,0x10979127,0x010b0e0f,1,11,35.99,278368551
8332,0x1097910e,0x003b1e4c,0,59,77.56,278368526
8333,0x10978f5c,0x05101cd3,5,16,73.79,278368092
8334,0x10979121,0x0213356c,2,19,136.76,278368545
8335,0x109791b8,0x02293568,2,41,136.72,278368696
8336,0x10979148,0x03021ea6,3,2,78.46,278368584
8337,0x109791a9,0x043042f3,4,48,171.39,278368681
8338,0x10978f4d,0x060705e8,6,7,15.12,278368077
8339,0x10979127,0x01270e0f,1,39,35.99,278368551
8340,0x10979258,0x041042c4,4,16,170.92,278368856
8341,0x109791b8,0x02123568,2,18,136.72,278368696
8342,0x1097918c,0x032c1ea6,3,44,78.46,278368652
8343,0x1097910e,0x00011e4c,0,1,77.56,278368526
8344,0x109791f4,0x010b0e0f,1,11,35.99,278368756
8345,0x10979258,0x041142c4,4,17,170.92,278368856
8346,0x10979299,0x01010e0c,1,1,35.96,278368921
8347,0x109751f0,0x04013b21,4,1,151.37,278352368
8348,0x109791b8,0x022a3568,2,42,136.72,278368696
8349,0x10978f4d,0x060105e8,6,1,15.12,278368077
8350,0x1097918c,0x030d1ea6,3,13,78.46,278368652
8351,0x109791d3,0x001d1e40,0,29,77.44,278368723
8352,0x109751f0,0x04373b21,4,55,151.37,278352368
8353,0x10979257,0x02073564,2,7,136.68,278368855
8354,0x10979241,0x00101e3b,0,16,77.39,278368833
8355,0x109791cc,0x031d1e9d,3,29,78.37,278368716
8356,0x10979299,0x012f0e0c,1,47,35.96,278368921
8357,0x10978ffa,0x063c05e8,6,60,15.12,278368250
8358,0x10979241,0x00141e3b,0,20,77.39,278368833
8359,0x109791cc,0x03201e9d,3,32,78.37,278368716
8360,0x10979257,0x02223564,2,34,136.68,278368855
8361,0x10979299,0x011b0e0c,1,27,35.96,278368921
8362,0x10979298,0x03251e91,3,37,78.25,278368920
8363,0x10978f5c,0x05161cd3,5,22,73.79,278368092
8364,0x109793a9,0x040b429d,4,11,170.53,278369193
8365,0x10979241,0x00271e3b,0,39,77.39,278368833
8366,0x10978ffa,0x060405e8,6,4,15.12,278368250
8367,0x109793a9,0x040c429d,4,12,170.53,278369193
8368,0x109792ab,0x001e1e37,0,30,77.35,278368939
8369,0x10979298,0x031b1e91,3,27,78.25,278368920
8370,0x10978f90,0x05061cd1,5,6,73.77,278368144
8371,0x109793bf,0x02223540,2,34,136.32,278369215
8372,0x10978ffa,0x062205e8,6,34,15.12,278368250
8373,0x1097936a,0x01180e09,1,24,35.93,278369130
8374,0x109792ab,0x00111e37,0,17,77.35,278368939
8375,0x10979298,0x030a1e91,3,10,78.25,278368920
8376,0x109793a9,0x0415429d,4,21,170.53,278369193
8377,0x1097936a,0x01310e09,1,49,35.93,278369130
8378,0x1097932f,0x00221e2d,0,34,77.25,278369071
8379,0x1097932d,0x03011e89,3,1,78.17,278369069
8380,0x1096a512,0x060106f7,6,1,17.83,278308114
8381,0x109793e4,0x01090e08,1,9,35.92,278369252
8382,0x109793c2,0x03261e7b,3,38,78.03,278369218
8383,0x109793bf,0x021c3540,2,28,136.32,278369215
8384,0x1096a512,0x061706f7,6,23,17.83,278308114
8385,0x10979439,0x022a353f,2,42,136.31,278369337
8386,0x1097932f,0x00101e2d,0,16,77.25,278369071
8387,0x1096a512,0x062206f7,6,34,17.83,278308114
8388,0x109793c1,0x00301e26,0,48,77.18,278369217
8389,0x109793a9,0x0407429d,4,7,170.53,278369193
8390,0x10979439,0x0226353f,2,38,136.31,278369337
8391,0x109793e4,0x01520e08,1,82,35.92,278369252
8392,0x1097205e,0x06030f2f,6,3,38.87,278339678
8393,0x10979456,0x01130e08,1,19,35.92,278369366
8394,0x109794d7,0x021e353a,2,30,136.26,278369495
8395,0x109793ff,0x0418427a,4,24,170.18,278369279
8396,0x1097205e,0x06190f2f,6,25,38.87,278339678
8397,0x10979456,0x01420e08,1,66,35.92,278369366
8398,0x109793c1,0x001c1e26,0,28,77.18,278369217
8399,0x10977b7b,0x02031d48,2,3,74.96,278363003
8400,0x10979427,0x00091e0d,0,9,76.93,278369319
8401,0x109794a3,0x01050e08,1,5,35.92,278369443
8402,0x109794ab,0x04154278,4,21,170.16,278369451
8403,0x10979427,0x00141e0d,0,20,76.93,278369319
8404,0x109794a3,0x01020e08,1,2,35.92,278369443
8405,0x109794b7,0x00041e0c,0,4,76.92,278369463
8406,0x10979652,0x023034d7,2,48,135.27,278369874
8407,0x109794a3,0x010d0e08,1,13,35.92,278369443
8408,0x109794b7,0x00171e0c,0,23,76.92,278369463
8409,0x10979547,0x00121daa,0,18,75.94,278369607
8410,0x109796f5,0x042441a7,4,36,168.07,278370037
8411,0x109796a9,0x020734b1,2,7,134.89,278369961
8412,0x109790f2,0x060705e7,6,7,15.11,278368498
8413,0x109794a3,0x010a0e08,1,10,35.92,278369443
8414,0x10979547,0x00221daa,0,34,75.94,278369607
8415,0x109796a9,0x020434b1,2,4,134.89,278369961
8416,0x109790f2,0x064505e7,6,69,15.11,278368498
8417,0x109795d7,0x00291da2,0,41,75.86,278369751
8418,0x109794a3,0x01060e08,1,6,35.92,278369443
8419,0x109791bc,0x061005e7,6,16,15.11,278368700
8420,0x10977b7b,0x02211d48,2,33,74.96,278363003
8421,0x109791bc,0x062e05e7,6,46,15.11,278368700
8422,0x10979579,0x01250e07,1,37,35.91,278369657
8423,0x1097978f,0x0410417f,4,16,167.67,278370191
8424,0x10977c2e,0x02171d45,2,23,74.93,278363182
8425,0x1097910f,0x042c432b,4,44,171.95,278368527
8426,0x109795d7,0x000e1da2,0,14,75.86,278369751
8427,0x1097910f,0x0627432b,6,39,171.95,278368527
8428,0x10977fec,0x02121d2d,2,18,74.69,278364140
8429,0x1097910f,0x0605432b,6,5,171.95,278368527
8430,0x109796f5,0x001c1d5b,0,28,75.15,278370037
8431,0x10979579,0x011f0e07,1,31,35.91,278369657
8432,0x1097910f,0x041c432b,4,28,171.95,278368527
8433,0x1097978a,0x00311d59,0,49,75.13,278370186
8434,0x109794f0,0x02041c91,2,4,73.13,278369520
8435,0x1097910f,0x0620432b,6,32,171.95,278368527
8436,0x1097910f,0x0410432b,4,16,171.95,278368527
8437,0x1097966c,0x010f0e07,1,15,35.91,278369900
8438,0x1097910f,0x0602432b,6,2,171.95,278368527
8439,0x1097910f,0x0427432b,4,39,171.95,278368527
8440,0x1097910f,0x060a432b,6,10,171.95,278368527
8441,0x1097978a,0x002d1d59,0,45,75.13,278370186
8442,0x1097966c,0x01290e07,1,41,35.91,278369900
8443,0x10978d7f,0x061e35bc,6,30,137.56,278367615
8444,0x1097910f,0x0405432b,4,5,171.95,278368527
8445,0x109798ec,0x02103459,2,16,134.01,278370540
8446,0x1097981f,0x00121d46,0,18,74.94,278370335
8447,0x109796e2,0x01060e07,1,6,35.91,278370018
8448,0x10978d7f,0x061235bc,6,18,137.56,278367615
8449,0x109798e7,0x001b1d30,0,27,74.72,278370535
8450,0x10978d7f,0x060c35bc,6,12,137.56,278367615
8451,0x109796e2,0x01150e07,1,21,35.91,278370018
8452,0x109798ec,0x02433459,2,67,134.01,278370540
8453,0x10978d7f,0x061e35bc,6,30,137.56,278367615
8454,0x109798e7,0x00071d30,0,7,74.72,278370535
8455,0x10979754,0x01160e03,1,22,35.87,278370132
8456,0x10979268,0x061d05e4,6,29,15.08,278368872
8457,0x10979268,0x062705e4,6,39,15.08,278368872
8458,0x10979754,0x01070e03,1,7,35.87,278370132
8459,0x109799b0,0x00121d21,0,18,74.57,278370736
8460,0x109797c1,0x010d0e03,1,13,35.87,278370241
8461,0x10979a21,0x00461d1f,0,70,74.55,278370849
8462,0x10979308,0x063805e2,6,56,15.06,278369032
8463,0x10979308,0x060e05e2,6,14,15.06,278369032
8464,0x109797c1,0x011a0e03,1,26,35.87,278370241
8465,0x10979308,0x060f05e2,6,15,15.06,278369032
8466,0x10979866,0x01090e01,1,9,35.85,278370406
8467,0x109793e9,0x063d05e2,6,61,15.06,278369257
8468,0x10979903,0x010f0dff,1,15,35.83,278370563
8469,0x109793e9,0x061205e2,6,18,15.06,278369257
8470,0x109794f0,0x02311c91,2,49,73.13,278369520
8471,0x10979634,0x060205de,6,2,15.02,278369844
8472,0x10979903,0x01490dff,1,73,35.83,278370563
8473,0x10979997,0x01010df7,1,1,35.75,278370711
8474,0x10979634,0x060805de,6,8,15.02,278369844
8475,0x10979997,0x01210df7,1,33,35.75,278370711
8476,0x109670f2,0x060a6ec9,6,10,283.61,278294770
8477,0x10979abf,0x013a0de5,1,58,35.57,278371007
8478,0x109670f2,0x06056ec9,6,5,283.61,278294770
8479,0x109796dc,0x063e05d7,6,62,14.95,278370012
8480,0x10979abf,0x01120de5,1,18,35.57,278371007
8481,0x10979b84,0x012b0de3,1,43,35.55,278371204
8482,0x10979c25,0x01150de1,1,21,35.53,278371365
8483,0x10979c25,0x01060de1,1,6,35.53,278371365
8484,0x109794f0,0x02051c91,2,5,73.13,278369520
8485,0x1097205e,0x021c0f2f,2,28,38.87,278339678
8486,0x10979d8e,0x01020ddd,1,2,35.49,278371726
8487,0x109796dc,0x060e05d7,6,14,14.95,278370012
8488,0x109670f2,0x020f6ec9,2,15,283.61,278294770
8489,0x109790c7,0x022c357b,2,44,136.91,278368455
8490,0x10978d7f,0x061e35bc,6,30,137.56,278367615
8491,0x10979d8e,0x01350ddd,1,53,35.49,278371726
8492,0x10979717,0x060605d7,6,6,14.95,278370071
8493,0x109790c7,0x0202357b,2,2,136.91,278368455
8494,0x10979753,0x060605d6,6,6,14.94,278370131
8495,0x10979bde,0x061f05d5,6,31,14.93,278371294
8496,0x10979d8e,0x01190ddd,1,25,35.49,278371726
8497,0x1097997c,0x020b3455,2,11,133.97,278370684
8498,0x10979bde,0x061f05d5,6,31,14.93,278371294
8499,0x10979d1f,0x062005d1,6,32,14.89,278371615
8500,0x109799fb,0x0205343d,2,5,133.73,278370811
8501,0x10979d8e,0x010f0ddd,1,15,35.49,278371726
8502,0x10979d1f,0x061505d1,6,21,14.89,278371615
8503,0x10979d60,0x062a05cf,6,42,14.87,278371680
8504,0x10979e34,0x012e0ddb,1,46,35.47,278371892
8505,0x10979a42,0x021b343b,2,27,133.71,278370882
8506,0x10979d60,0x063105cf,6,49,14.87,278371680
8507,0x1097640a,0x021239e7,2,18,148.23,278357002
8508,0x10979eaf,0x01210dda,1,33,35.46,278372015
8509,0x10979d9f,0x060e05cb,6,14,14.83,278371743
8510,0x1097640a,0x022239e7,2,34,148.23,278357002
8511,0x10979d9f,0x061c05cb,6,28,14.83,278371743
8512,0x10978d7f,0x021d35bc,2,29,137.56,278367615
8513,0x10979dd7,0x062305ca,6,35,14.82,278371799
8514,0x10979eaf,0x01180dda,1,24,35.46,278372015
8515,0x10978d7f,0x020135bc,2,1,137.56,278367615
8516,0x10979dd7,0x060405ca,6,4,14.82,278371799
8517,0x1096d8d1,0x063b034c,6,59,8.44,278321361
8518,0x10979a8d,0x02083425,2,8,133.49,278370957
8519,0x10979eaf,0x01150dda,1,21,35.46,278372015
8520,0x1096d8d1,0x060c034c,6,12,8.44,278321361
8521,0x10979b1c,0x0236341a,2,54,133.38,278371100
8522,0x109693f1,0x063300be,6,51,1.90,278303729
8523,0x10979f25,0x01120dd8,1,18,35.44,278372133
8524,0x10979b1c,0x0202341a,2,2,133.38,278371100
8525,0x109693f1,0x060e00be,6,14,1.90,278303729
8526,0x10979ba7,0x023d3419,2,61,133.37,278371239
8527,0x10979ff2,0x010a0dd8,1,10,35.44,278372338
8528,0x10969435,0x063100be,6,49,1.90,278303797
8529,0x10979ba7,0x02233419,2,35,133.37,278371239
8530,0x10969435,0x062d00be,6,45,1.90,278303797
8531,0x10979bf1,0x021c3416,2,28,133.34,278371313
8532,0x1096a103,0x061200bc,6,18,1.88,278307075
8533,0x10979ff2,0x01040dd8,1,4,35.44,278372338
8534,0x10979bf1,0x02173416,2,23,133.34,278371313
8535,0x1096a103,0x060400bc,6,4,1.88,278307075
8536,0x1097a068,0x012e0dd6,1,46,35.42,278372456
8537,0x1096a857,0x063b00bb,6,59,1.87,278308951
8538,0x10979d02,0x022533ee,2,37,132.94,278371586
8539,0x1097a135,0x01090dd3,1,9,35.39,278372661
8540,0x1096a857,0x062800bb,6,40,1.87,278308951
8541,0x10979d56,0x020233c0,2,2,132.48,278371670
8542,0x1096aeba,0x020106ea,2,1,17.70,278310586
8543,0x1096a89b,0x061700bb,6,23,1.87,278309019
8544,0x1096aeba,0x023f06ea,2,63,17.70,278310586
8545,0x1097a135,0x011d0dd3,1,29,35.39,278372661
8546,0x1096aeba,0x021906ea,2,25,17.70,278310586
8547,0x1096af26,0x022606ea,2,38,17.70,278310694
8548,0x1096af26,0x023e06ea,2,62,17.70,278310694
8549,0x1097a135,0x01170dd3,1,23,35.39,278372661
8550,0x1096b221,0x020106e5,2,1,17.65,278311457
8551,0x1097a206,0x011e0dd2,1,30,35.38,278372870
8552,0x1096b221,0x021a06e5,2,26,17.65,278311457
8553,0x1096b3e8,0x021b06e3,2,27,17.63,278311912
8554,0x1096b4c2,0x020306e2,2,3,17.62,278312130
8555,0x1097a206,0x010a0dd2,1,10,35.38,278372870
8556,0x1096b4c2,0x021306e2,2,19,17.62,278312130
8557,0x1097a280,0x01060dd2,1,6,35.38,278372992
8558,0x1096b6eb,0x021306de,2,19,17.58,278312683
8559,0x1097a325,0x011f0dcd,1,31,35.33,278373157
8560,0x1097a3f3,0x022d33a7,2,45,132.23,278373363
8561,0x1097a325,0x01170dcd,1,23,35.33,278373157
8562,0x1097a3f6,0x01250dcc,1,37,35.32,278373366
8563,0x1097a3f6,0x011a0dcc,1,26,35.32,278373366
8564,0x1097a3f6,0x01140dcc,1,20,35.32,278373366
8565,0x1097a3f6,0x010f0dcc,1,15,35.32,278373366
8566,0x1097a49c,0x014e0dc9,1,78,35.29,278373532
8567,0x1097a49c,0x01080dc9,1,8,35.29,278373532
8568,0x1097a516,0x011f0dc9,1,31,35.29,278373654
8569,0x1097a516,0x01030dc9,1,3,35.29,278373654
8570,0x1097a516,0x01230dc9,1,35,35.29,278373654
8571,0x1097a58c,0x01220dc7,1,34,35.27,278373772
8572,0x1097a58c,0x011f0dc7,1,31,35.27,278373772
8573,0x1097a62a,0x01020dc4,1,2,35.24,278373930
8574,0x1097a62a,0x01240dc4,1,36,35.24,278373930
8575,0x1097a6c8,0x013e0dc2,1,62,35.22,278374088
8576,0x1097a73a,0x01020dc1,1,2,35.21,278374202
8577,0x1097a7d6,0x01130dc1,1,19,35.21,278374358
8578,0x1097a872,0x01120dbc,1,18,35.16,278374514
8579,0x1097a92c,0x01110db9,1,17,35.13,278374700
8580,0x1097a92c,0x01040db9,1,4,35.13,278374700
8581,0x1097a92c,0x01140db9,1,20,35.13,278374700
8582,0x1097a92c,0x01030db9,1,3,35.13,278374700
8583,0x1097a92c,0x012b0db9,1,43,35.13,278374700
8584,0x1097a9f2,0x01090db9,1,9,35.13,278374898
8585,0x1097a9f2,0x011d0db9,1,29,35.13,278374898
8586,0x1097a9f2,0x01160db9,1,22,35.13,278374898
8587,0x1097aabb,0x01230db4,1,35,35.08,278375099
8588,0x1097aabb,0x01100db4,1,16,35.08,278375099
8589,0x1097ab42,0x013f0db1,1,63,35.05,278375234
8590,0x1097ab42,0x01180db1,1,24,35.05,278375234
8591,0x1097ab42,0x01050db1,1,5,35.05,278375234
8592,0x1097abc5,0x011e0db0,1,30,35.04,278375365
8593,0x1097ac43,0x01160daf,1,22,35.03,278375491
8594,0x1097ac43,0x01030daf,1,3,35.03,278375491
8595,0x1097ac43,0x01250daf,1,37,35.03,278375491
8596,0x1097ac43,0x010c0daf,1,12,35.03,278375491
8597,0x1097ac43,0x011a0daf,1,26,35.03,278375491
8598,0x1097ad64,0x01190d9a,1,25,34.82,278375780
8599,0x1097ae1b,0x01010d99,1,1,34.81,278375963
8600,0x1097ae1b,0x010e0d99,1,14,34.81,278375963
8601,0x1097ae1b,0x01300d99,1,48,34.81,278375963
8602,0x1097ae1b,0x01190d99,1,25,34.81,278375963
8603,0x1097aece,0x011c0d99,1,28,34.81,278376142
