,BID,ASK
MSFT,542.31,543
MSFT,542,542.17
MSFT,535.46,535.55
MSFT,533.5,533.63
MSFT,531.4,531.5
MSFT,529.27,529.5
MSFT,528.52,528.53
MSFT,527.67,527.71
MSFT,525.78,525.82
MSFT,524.83,524.84
MSFT,524.77,524.84
MSFT,524,524.01
MSFT,523.63,523.98
MSFT,523.51,523.66
MSFT,522.45,522.57
MSFT,522.23,522.47
MSFT,522.04,522.12
MSFT,521.7,522
MSFT,520.87,521.1
MSFT,520.55,520.77
MSFT,520.53,520.69
MSFT,520.47,520.55
MSFT,519.95,520.04
MSFT,519.6,519.66
MSFT,517.94,517.96
MSFT,517.93,518.06
MSFT,517.81,517.82
MSFT,517.66,517.8
MSFT,517.34,517.35
MSFT,517.05,517.15
MSFT,516.98,517.12
MSFT,516.76,516.9
MSFT,515.62,515.74
MSFT,515.45,515.47
MSFT,514.75,514.82
MSFT,514.57,514.72
MSFT,514.34,514.38
MSFT,513.96,514.09
MSFT,513.8,514.19
MSFT,513.65,513.79
MSFT,513.56,513.71
MSFT,513.55,513.74
MSFT,513.49,513.83
MSFT,512.57,512.9
MSFT,512.38,512.52
MSFT,511.58,511.88
MSFT,511.55,511.68
MSFT,511.42,511.51
MSFT,511.25,511.46
MSFT,510.93,511.39
MSFT,510.84,511.04
MSFT,510.3,510.4
MSFT,509.98,510.15
MSFT,509.96,510.05
MSFT,509.95,510.21
MSFT,509.91,510.07
MSFT,509.85,509.86
MSFT,509.74,510
MSFT,509.54,509.63
MSFT,509.35,509.66
MSFT,508.97,509.17
MSFT,508.81,508.83
MSFT,508.27,508.46
MSFT,507.83,507.99
MSFT,507.47,507.53
MSFT,507.07,507.13
MSFT,506.9,507.04
MSFT,506.9,506.99
MSFT,506.6,506.73
MSFT,506.55,506.92
MSFT,506.55,506.92
MSFT,505.92,506.19
MSFT,505.85,506.09
MSFT,505.62,505.75
MSFT,505.52,505.84
MSFT,505.46,505.66
MSFT,505.29,505.41
MSFT,505.27,505.68
MSFT,504.91,505.08
MSFT,504.21,504.42
MSFT,504.15,504.23
MSFT,503.43,503.53
MSFT,503.25,503.38
MSFT,503.17,503.18
MSFT,502.9,503.14
MSFT,501.93,502.09
MSFT,501.47,501.6
MSFT,500.89,501.2
MSFT,500.19,500.28
MSFT,498.53,498.84
MSFT,498.53,498.84
MSFT,498.4,498.48
MSFT,498.1,498.46
MSFT,497.73,497.83
MSFT,497.3,497.46
MSFT,497.16,497.39
MSFT,497.13,497.26
MSFT,496.83,496.94
MSFT,496.62,496.7
MSFT,495.87,496.04
MSFT,495,495.02
MSFT,493.6,493.83
MSFT,492.35,492.44
MSFT,492.01,492.11
MSFT,492.01,492.06
MSFT,492,492.05
MSFT,491.09,491.16
MSFT,490.96,491.01
MSFT,490.11,490.31
MSFT,490,490.06
MSFT,487.9,488.04
MSFT,487.9,488.04
MSFT,487.68,487.86
MSFT,487.46,487.55
MSFT,487.09,487.15
MSFT,486.83,486.99
MSFT,486.83,487
MSFT,486.5,486.79
MSFT,485.92,485.99
MSFT,485.87,486
MSFT,485.44,485.58
MSFT,485.44,485.58
MSFT,484.8,484.92
MSFT,483.83,483.89
MSFT,483.66,483.72
MSFT,483.6,483.67
MSFT,483.6,483.67
MSFT,483.44,483.54
MSFT,483.03,483.1
MSFT,481.5,481.72
MSFT,480.79,480.91
MSFT,480.58,480.63
MSFT,480.15,480.24
MSFT,480.15,480.24
MSFT,479.05,479.14
MSFT,479.04,479.31
MSFT,478.97,479.03
MSFT,478.34,478.42
MSFT,478.34,478.52
MSFT,478.31,478.71
MSFT,478.24,478.3
MSFT,477.99,478.15
MSFT,477.95,478.04
MSFT,477.73,477.74
MSFT,477.17,477.2
MSFT,477.15,477.24
MSFT,476.92,477.03
MSFT,476.18,476.31
MSFT,476.05,476.13
MSFT,474.95,474.96
MSFT,474.68,474.84
MSFT,473.78,473.79
MSFT,472.93,472.94
MSFT,472.86,472.97
MSFT,472.82,472.93
MSFT,472.7,472.76
MSFT,472.16,472.24
MSFT,470.93,470.96
MSFT,470.64,470.73
MSFT,470.35,470.41
MSFT,470.14,470.25
MSFT,467.61,467.7
MSFT,467.39,467.54
MSFT,466.23,466.29
MSFT,466.06,466.32
MSFT,465.81,465.94
MSFT,463.79,463.93
MSFT,463.12,463.16
MSFT,461.95,462.02
MSFT,460.6,460.71
MSFT,460.34,460.78
MSFT,460.34,460.78
MSFT,459.7,459.88
MSFT,459.7,459.88
MSFT,459.58,459.59
MSFT,459.53,459.54
MSFT,459.36,459.43
MSFT,459.34,459.84
MSFT,458.7,458.87
MSFT,458.45,458.57
MSFT,458.22,458.37
MSFT,457.3,457.48
MSFT,456.81,456.92
MSFT,456.59,456.67
MSFT,454.72,455.07
MSFT,454.66,454.73
MSFT,454.65,454.83
MSFT,454.46,454.68
MSFT,454.17,454.26
MSFT,454.03,454.12
MSFT,453.76,453.89
MSFT,453.05,453.13
MSFT,452.85,452.9
MSFT,452.83,452.85
MSFT,452.37,452.48
MSFT,452.08,452.12
MSFT,451.7,451.71
MSFT,451.17,451.21
MSFT,450.87,450.94
MSFT,450.19,450.4
MSFT,450.19,450.4
MSFT,449.73,450.06
MSFT,449.49,449.53
MSFT,449.31,449.42
MSFT,449.16,449.28
MSFT,448.91,449
MSFT,448.87,448.98
MSFT,448.36,448.47
MSFT,447.73,447.81
MSFT,447.23,447.28
MSFT,447.01,447.05
MSFT,446.77,446.83
MSFT,446.68,446.7
MSFT,446.32,446.5
MSFT,446.32,446.5
MSFT,446.15,446.19
MSFT,445.9,446.01
MSFT,445.75,445.82
MSFT,444.81,444.85
MSFT,444.12,444.21
MSFT,443.94,444
MSFT,443.52,443.55
MSFT,443.5,443.56
MSFT,443.44,443.49
MSFT,442.86,442.9
MSFT,442.64,442.71
MSFT,442.54,442.6
MSFT,441.74,441.93
MSFT,441.22,441.4
MSFT,441.01,441.08
MSFT,440.34,440.44
MSFT,439.17,439.33
MSFT,439.17,439.33
MSFT,438.73,438.83
MSFT,438.59,438.69
MSFT,438.22,438.43
MSFT,438.1,438.21
MSFT,437.35,437.4
MSFT,437.24,437.32
MSFT,437.1,437.2
MSFT,437.01,437.09
MSFT,436.97,437.04
MSFT,436.03,436.04
MSFT,435.21,435.22
MSFT,435.2,435.28
MSFT,435.13,435.17
MSFT,435.02,435.11
MSFT,434.56,434.57
MSFT,433.51,433.63
MSFT,433.46,433.48
MSFT,433.37,433.38
MSFT,433.28,433.3
MSFT,433.22,433.47
MSFT,432.68,432.73
MSFT,432.65,432.73
MSFT,432.03,432.04
MSFT,431.95,431.96
MSFT,431.36,431.46
MSFT,431.3,431.34
MSFT,431.11,431.16
MSFT,430.94,430.97
MSFT,430.76,430.86
MSFT,430.62,430.7
MSFT,430.57,430.63
MSFT,430.52,430.55
MSFT,430.38,430.39
MSFT,430.3,430.33
MSFT,430.14,430.33
MSFT,430.11,430.18
MSFT,430.11,430.18
MSFT,429.38,429.51
MSFT,429.35,429.38
MSFT,429.3,429.33
MSFT,429.29,429.38
MSFT,429.04,429.07
MSFT,429.01,429.16
MSFT,429.01,429.16
MSFT,428.94,428.99
MSFT,428.67,428.72
MSFT,428.62,428.67
MSFT,428.14,428.32
MSFT,428.07,428.08
MSFT,427.89,427.93
MSFT,427.87,428.03
MSFT,427.83,427.9
MSFT,427.68,427.75
MSFT,427.46,427.51
MSFT,427.01,427.15
MSFT,427,427.09
MSFT,426.8,426.81
MSFT,426.67,426.73
MSFT,426.4,426.73
MSFT,426.26,426.34
MSFT,426.24,426.35
MSFT,425.51,425.66
MSFT,425.49,425.5
MSFT,425.41,425.43
MSFT,425.35,425.53
MSFT,425.3,425.48
MSFT,425.27,425.33
MSFT,425.16,425.24
MSFT,425.13,425.23
MSFT,424.99,425.09
MSFT,424.86,424.87
MSFT,424.81,424.82
MSFT,424.71,424.79
MSFT,424.63,424.69
MSFT,424.62,424.65
MSFT,424.59,424.72
MSFT,424.58,424.72
MSFT,424.53,424.64
MSFT,424.52,424.57
MSFT,424.48,424.59
MSFT,424.48,424.59
MSFT,424.44,424.51
MSFT,424.24,424.3
MSFT,424,424.08
MSFT,423.97,424.07
MSFT,423.8,423.85
MSFT,423.45,423.66
MSFT,423.35,423.42
MSFT,423.26,423.33
MSFT,423.14,423.18
MSFT,423.12,423.2
MSFT,423,423.1
MSFT,422.93,422.94
MSFT,422.85,422.93
MSFT,422.84,423
MSFT,422.84,423
MSFT,422.83,422.89
MSFT,422.61,422.66
MSFT,422.48,422.49
MSFT,422.45,422.59
MSFT,421.9,422.12
MSFT,421.88,421.95
MSFT,421.51,421.53
MSFT,421.48,421.52
MSFT,421.45,421.46
MSFT,421.33,421.38
MSFT,421.28,421.67
MSFT,421.28,421.67
MSFT,421.05,421.1
MSFT,420.9,420.96
MSFT,420.65,420.74
MSFT,420.59,420.6
MSFT,420.48,420.53
MSFT,420.24,420.35
MSFT,420.18,420.21
MSFT,420.02,420.03
MSFT,420.02,420.03
MSFT,420,420.08
MSFT,419.12,419.32
MSFT,418.9,418.95
MSFT,418.83,418.9
MSFT,418.78,418.85
MSFT,418.69,418.85
MSFT,418.6,418.69
MSFT,418.54,418.59
MSFT,418.39,418.4
MSFT,418.22,418.35
MSFT,418.18,418.19
MSFT,418.09,418.17
MSFT,418.05,418.12
MSFT,417.91,417.97
MSFT,417.59,417.69
MSFT,417.4,417.46
MSFT,417.37,417.42
MSFT,417.16,417.23
MSFT,417.12,417.13
MSFT,417.05,417.11
MSFT,416.84,417.14
MSFT,416.84,417.14
MSFT,416.76,417.02
MSFT,416.72,416.87
MSFT,416.61,416.71
MSFT,416.58,416.65
MSFT,416.42,416.53
MSFT,416.41,416.49
MSFT,416.39,416.47
MSFT,416.27,416.39
MSFT,416.07,416.15
MSFT,416.06,416.1
MSFT,416.04,416.08
MSFT,416.02,416.11
MSFT,415.83,415.88
MSFT,415.79,416
MSFT,415.76,415.8
MSFT,415.74,415.8
MSFT,415.63,415.69
MSFT,415.62,415.67
MSFT,415.39,415.42
MSFT,415.32,415.57
MSFT,415.29,415.34
MSFT,415.26,415.33
MSFT,415.24,415.28
MSFT,415.21,415.23
MSFT,414.97,415.06
MSFT,414.86,415.05
MSFT,414.85,414.89
MSFT,414.79,415.07
MSFT,414.78,414.84
MSFT,414.78,414.79
MSFT,414.63,414.69
MSFT,414.61,414.71
MSFT,414.5,414.57
MSFT,414.38,414.44
MSFT,414.2,414.24
MSFT,414.17,414.38
MSFT,414.15,414.18
MSFT,414.07,414.14
MSFT,413.97,414.02
MSFT,413.83,413.86
MSFT,413.75,413.78
MSFT,413.75,413.79
MSFT,413.69,413.71
MSFT,413.62,413.66
MSFT,413.61,413.63
MSFT,413.6,413.61
MSFT,413.59,413.66
MSFT,413.58,413.65
MSFT,413.34,413.4
MSFT,413.29,413.44
MSFT,413.27,413.28
MSFT,413.11,413.18
MSFT,412.81,412.87
MSFT,412.28,412.35
MSFT,412.24,412.27
MSFT,412.21,412.22
MSFT,411.73,411.82
MSFT,411.54,411.58
MSFT,411.5,411.55
MSFT,411.48,411.5
MSFT,411.26,411.34
MSFT,411.25,411.32
MSFT,411.25,411.34
MSFT,411.08,411.13
MSFT,411.04,411.07
MSFT,410.59,410.75
MSFT,410.57,410.74
MSFT,410.52,410.54
MSFT,410.46,410.52
MSFT,410.26,410.32
MSFT,410.03,410.28
MSFT,409.74,409.76
MSFT,409.72,409.75
MSFT,409.59,409.65
MSFT,409.54,409.66
MSFT,409.51,409.56
MSFT,409.33,409.45
MSFT,409.19,409.24
MSFT,409.15,409.27
MSFT,408.98,409.04
MSFT,408.92,408.95
MSFT,408.85,408.94
MSFT,408.76,408.8
MSFT,408.67,408.71
MSFT,408.62,408.83
MSFT,408.59,408.62
MSFT,408.46,408.5
MSFT,408.36,408.41
MSFT,408.31,408.33
MSFT,408.31,408.33
MSFT,408.13,408.21
MSFT,407.71,407.74
MSFT,407.5,407.83
MSFT,407.48,407.71
MSFT,407.47,407.5
MSFT,407.46,407.51
MSFT,406.92,406.96
MSFT,406.84,406.88
MSFT,406.62,406.65
MSFT,406.55,406.54
MSFT,406.3,406.33
MSFT,406.14,406.33
MSFT,406.08,406.26
MSFT,406.02,406.19
MSFT,405.72,405.77
MSFT,405.71,405.72
MSFT,405.57,405.66
MSFT,405.48,405.53
MSFT,405.06,405.09
MSFT,405,405.04
MSFT,404.81,404.9
MSFT,404.55,404.59
MSFT,404.17,404.2
MSFT,404.14,404.16
MSFT,404.05,404.06
MSFT,404.05,404.06
MSFT,404.01,404.09
MSFT,403.91,404
MSFT,403.78,403.85
MSFT,403.75,403.79
MSFT,402.93,402.96
MSFT,402.87,402.92
MSFT,402.84,402.85
MSFT,402.54,402.57
MSFT,402.22,402.3
MSFT,402.14,402.2
MSFT,402.12,402.21
MSFT,401.85,401.91
MSFT,401.79,401.94
MSFT,401.77,401.81
MSFT,401.72,401.83
MSFT,401.12,401.16
MSFT,401.12,401.16
MSFT,401.1,401.13
MSFT,400.82,401.07
MSFT,400.8,400.88
MSFT,400.49,400.5
MSFT,399.95,399.97
MSFT,399.64,399.73
MSFT,399.48,399.5
MSFT,399.44,399.5
MSFT,399.41,399.44
MSFT,399.28,399.61
MSFT,398.97,399.11
MSFT,398.84,398.9
MSFT,398.62,398.66
MSFT,398.33,398.42
MSFT,398.28,398.39
MSFT,398.26,398.38
MSFT,397.9,397.96
MSFT,397.89,398
MSFT,397.34,397.44
MSFT,397.21,397.34
MSFT,397.03,397.04
MSFT,396.98,397.03
MSFT,396.69,396.85
MSFT,396.5,396.52
MSFT,395.61,395.63
MSFT,395.25,395.32
MSFT,395.09,395.12
MSFT,394.9,394.94
MSFT,393.96,393.98
MSFT,393.8,393.84
MSFT,393.66,393.71
MSFT,393.26,393.32
MSFT,393.04,393.11
MSFT,392.72,392.75
MSFT,392.68,392.89
MSFT,392.57,392.62
MSFT,392.33,392.73
MSFT,391.67,391.68
MSFT,391.62,391.66
MSFT,391.26,391.31
MSFT,391.1,391.19
MSFT,390.51,390.53
MSFT,390.38,390.42
MSFT,390.25,390.28
MSFT,389.76,389.81
MSFT,389.39,389.53
MSFT,389.2,389.31
MSFT,388.96,389.01
MSFT,388.83,388.99
MSFT,388.76,388.82
MSFT,388.65,388.72
MSFT,388.54,388.66
MSFT,388.41,388.45
MSFT,388.41,388.45
MSFT,388.37,388.45
MSFT,387.99,388.11
MSFT,387.99,388.08
MSFT,387.82,387.87
MSFT,387.08,387.21
MSFT,386.81,386.82
MSFT,385.59,385.73
MSFT,384.62,384.66
MSFT,384.45,384.61
MSFT,384.3,384.38
MSFT,383.51,383.59
MSFT,383.24,383.3
MSFT,382.92,382.99
MSFT,382.77,382.79
MSFT,382.68,382.7
MSFT,382.08,382.14
MSFT,381.98,382.11
MSFT,381.86,381.87
MSFT,381.13,381.25
MSFT,380.23,380.31
MSFT,380.22,380.28
MSFT,378.9,378.93
MSFT,378.89,378.9
MSFT,378.86,378.88
MSFT,378.71,378.86
MSFT,378.6,378.63
MSFT,377.88,377.91
MSFT,377.88,377.91
MSFT,377.62,377.66
MSFT,377.32,377.37
MSFT,376.2,376.22
MSFT,375.91,376.01
MSFT,375.91,376.01
MSFT,375.77,375.79
MSFT,375.25,375.32
MSFT,374.85,374.87
MSFT,374.65,374.67
MSFT,374.59,374.67
MSFT,374.55,374.6
MSFT,374.55,374.6
MSFT,374.44,374.51
MSFT,374.33,374.35
MSFT,374.3,374.33
MSFT,374.3,374.34
MSFT,374.19,374.3
MSFT,374.05,374.08
MSFT,374.05,374.16
MSFT,373.54,373.52
MSFT,373.47,373.51
MSFT,373.47,373.51
MSFT,373.2,373.26
MSFT,373.1,373.12
MSFT,373.07,373.09
MSFT,372.97,373.03
MSFT,372.85,372.89
MSFT,372.74,372.78
MSFT,372.58,372.6
MSFT,372.57,372.58
MSFT,372.26,372.3
MSFT,371.52,371.61
MSFT,371.29,371.32
MSFT,371.02,371.13
MSFT,370.85,370.9
MSFT,370.84,370.87
MSFT,370.81,370.87
MSFT,370.57,370.6
MSFT,370.54,370.57
MSFT,370.26,370.3
MSFT,370.12,370.17
MSFT,369.78,369.79
MSFT,369.66,369.69
MSFT,369.52,369.67
MSFT,369.43,369.47
MSFT,369.26,369.27
MSFT,368.81,368.83
MSFT,368.6,368.77
MSFT,367.94,367.95
MSFT,367.65,367.69
MSFT,367.6,367.7
MSFT,367.6,367.7
MSFT,366.67,366.68
MSFT,366.67,366.79
MSFT,365.95,365.98
MSFT,365.73,365.75
MSFT,363.21,363.23
MSFT,360.75,360.78
MSFT,360.5,360.53
MSFT,359.72,359.79
MSFT,359.47,359.55
MSFT,359.06,359.26
MSFT,358.75,358.76
MSFT,357.74,357.9
MSFT,356.64,356.76
MSFT,356.63,356.64
MSFT,355.39,355.59
MSFT,355.02,355.06
MSFT,352.8,352.84
MSFT,350.97,350.98
MSFT,348.37,348.4
MSFT,348.13,348.18
BUS,347.41,347.53
MSFT,346.83,346.89
MSFT,346.07,346.12
MSFT,345.72,345.73
MSFT,345.37,345.39
MSFT,345.11,345.17
BUS,344.6,344.67
BUS,344.42,344.48
MSFT,343.77,343.78
MSFT,343.03,343.11
BUS,342.83,343
MSFT,342.66,342.71
MSFT,342.51,342.74
MSFT,342.51,342.74
MSFT,342.35,342.45
MSFT,342.22,342.54
MSFT,341.95,341.96
BUS,341.34,341.46
MSFT,341.26,341.27
MSFT,341.26,341.27
MSFT,341.25,341.28
MSFT,340.67,340.68
BUS,340.5,340.51
BUS,340.5,340.51
MSFT,340.29,340.39
MSFT,339.83,339.91
MSFT,339.64,339.69
MSFT,339.58,339.77
MSFT,339.39,339.44
MSFT,339.32,339.37
MSFT,339.12,339.16
BUS,338.82,338.95
MSFT,338.67,338.68
MSFT,338.34,338.39
BUS,338.21,338.5
MSFT,338.17,338.18
MSFT,338.08,338.11
MSFT,338.05,338.06
MSFT,337.95,337.96
MSFT,337.94,337.98
MSFT,337.94,337.98
MSFT,337.91,337.93
MSFT,337.9,337.92
MSFT,337.9,337.92
MSFT,337.68,337.75
MSFT,337.4,337.42
MSFT,337.34,337.35
MSFT,337.29,337.33
BUS,337.21,337.22
MSFT,337.19,337.24
MSFT,336.93,336.97
BUS,336.77,336.78
MSFT,336.73,336.79
MSFT,336.54,336.55
MSFT,336.47,336.48
MSFT,336.35,336.37
BUS,336.25,336.29
MSFT,336.21,336.32
BUS,336.18,336.29
MSFT,336.08,336.15
MSFT,336.05,336.11
MSFT,336.02,336.1
MSFT,335.96,336
MSFT,335.94,335.96
MSFT,335.9,335.94
MSFT,335.89,335.95
MSFT,335.33,335.52
MSFT,335,335.02
MSFT,335,335.06
MSFT,334.92,334.93
MSFT,334.85,334.96
MSFT,334.73,334.74
MSFT,334.66,334.67
MSFT,334.54,334.56
MSFT,334.49,334.51
MSFT,334.49,334.51
MSFT,334.32,334.33
MSFT,334.24,334.32
MSFT,333.97,334
BUS,333.7,333.73
MSFT,333.65,333.66
MSFT,333.55,333.58
MSFT,333.52,333.57
BUS,333.34,333.35
MSFT,333.23,333.26
MSFT,333.17,333.27
MSFT,333.11,333.13
MSFT,332.88,332.9
MSFT,332.86,332.87
MSFT,332.86,332.87
BUS,332.65,332.76
MSFT,332.63,332.64
MSFT,332.62,332.66
MSFT,332.46,332.5
MSFT,332.45,332.48
MSFT,332.42,332.46
BUS,332.29,332.34
MSFT,332.06,332.08
BUS,331.91,331.92
MSFT,331.89,331.91
MSFT,331.85,331.86
MSFT,331.74,331.75
MSFT,331.62,331.64
BUS,331.29,331.42
MSFT,331.25,331.32
MSFT,331.21,331.25
MSFT,331.15,331.18
MSFT,330.77,330.8
MSFT,330.73,330.88
MSFT,330.72,330.73
MSFT,330.58,330.68
BUS,330.34,330.59
MSFT,330.26,330.27
BUS,330.14,330.15
MSFT,330.13,330.15
MSFT,330.11,330.14
BUS,329.98,330.1
MSFT,329.91,329.95
MSFT,329.9,329.98
BUS,329.83,329.95
MSFT,329.82,329.83
MSFT,329.82,329.83
MSFT,329.74,329.99
BUS,329.53,329.6
MSFT,329.49,329.74
MSFT,329.37,329.45
MSFT,329.16,329.17
MSFT,329.06,329.1
MSFT,329.04,329.06
MSFT,328.74,328.81
MSFT,328.7,328.79
MSFT,328.64,328.72
MSFT,328.63,328.65
MSFT,328.62,328.66
MSFT,328.62,328.66
MSFT,328.48,328.52
MSFT,328.38,328.39
MSFT,328.32,328.4
MSFT,327.84,327.88
MSFT,327.79,327.8
MSFT,327.74,327.8
MSFT,327.66,327.68
MSFT,327.5,327.51
MSFT,327.31,327.37
MSFT,327.23,327.28
MSFT,326.99,327.06
MSFT,326.81,326.87
MSFT,326.64,326.65
MSFT,326.64,326.71
MSFT,326.47,326.63
MSFT,326.02,326.04
MSFT,325.96,325.97
BUS,325.63,325.71
MSFT,325.22,325.24
MSFT,324.88,325
MSFT,324.11,324.32
BUS,324.05,324.11
BUS,324.05,324.11
MSFT,324.03,324.04
MSFT,323.69,323.74
MSFT,323.51,323.8
MSFT,323.43,323.46
BUS,323.22,323.23
MSFT,323.17,323.27
MSFT,323.1,323.18
BUS,323.04,323.05
MSFT,322.96,322.98
MSFT,322.92,323
MSFT,322.44,322.46
MSFT,322.26,322.33
MSFT,321.9,321.93
MSFT,321.86,321.9
BUS,321.83,321.84
MSFT,321.8,321.81
MSFT,321.22,321.26
MSFT,321.11,321.22
MSFT,320.72,320.76
MSFT,320.35,320.37
MSFT,320.17,320.18
MSFT,319.98,319.99
MSFT,319.51,319.55
MSFT,319.37,319.41
MSFT,318.95,318.96
MSFT,318.56,318.57
MSFT,318.38,318.39
MSFT,318.29,318.3
BUS,318.01,318.15
BUS,317.9,318.06
BUS,317.9,317.97
BUS,317.69,317.71
MSFT,317.57,317.6
MSFT,316.99,317.01
MSFT,316.85,316.88
BUS,316.59,316.6
MSFT,316.52,316.53
BUS,316.45,316.56
MSFT,316.2,316.42
BUS,316.13,316.14
MSFT,315.71,315.76
MSFT,315.41,315.42
MSFT,315.26,315.29
MSFT,315.05,315.07
MSFT,314.98,314.99
MSFT,314.09,314.54
MSFT,314.02,314.11
MSFT,313.99,314.02
MSFT,313.85,313.87
MSFT,313.84,313.88
MSFT,313.74,313.86
MSFT,313.59,313.67
BUS,313.38,313.4
MSFT,313.37,313.51
MSFT,313.36,313.39
MSFT,312.83,312.86
MSFT,312.31,312.33
MSFT,312.12,312.14
MSFT,311.76,311.77
MSFT,311.2,311.22
MSFT,310.83,311.02
MSFT,310.75,310.76
MSFT,310.75,310.76
MSFT,310.73,310.93
MSFT,310.62,310.67
MSFT,310.03,310.08
MSFT,310.02,310.19
MSFT,310.02,310.19
MSFT,309.68,309.87
MSFT,309.48,309.52
MSFT,309.42,309.43
MSFT,309.14,309.21
MSFT,309,309.02
BUS,309,309.01
MSFT,308.74,308.8
MSFT,308.63,308.66
MSFT,308.26,308.29
MSFT,308.26,308.31
MSFT,308.11,308.29
MSFT,308.08,308.11
MSFT,307.49,307.54
MSFT,307.32,307.33
MSFT,307.24,307.25
MSFT,306.94,306.95
MSFT,305.79,305.95
MSFT,305.52,305.54
MSFT,305.52,305.57
BUS,305.5,305.51
MSFT,305.41,305.45
MSFT,305.25,305.28
MSFT,304.83,304.88
MSFT,304.8,304.86
MSFT,304.68,304.73
MSFT,304.58,304.65
MSFT,304.53,304.55
MSFT,304.39,304.42
MSFT,304.26,304.27
MSFT,304.17,304.21
MSFT,304.1,304.17
MSFT,304.1,304.11
BUS,304.08,304.25
MSFT,303.68,303.69
MSFT,303.52,303.56
MSFT,303.3,303.37
MSFT,302.77,302.92
MSFT,302.71,302.77
MSFT,302.65,302.7
MSFT,302.38,302.39
MSFT,301.99,302
MSFT,301.88,302.05
MSFT,301.83,301.86
MSFT,301.54,301.59
MSFT,301.47,301.66
MSFT,301.23,301.59
MSFT,301.15,301.2
MSFT,301.15,301.2
MSFT,301.12,301.17
MSFT,300.95,301.07
MSFT,300.47,300.54
MSFT,300.42,300.5
MSFT,300.22,300.23
MSFT,300.14,300.17
MSFT,300.08,300.18
MSFT,299.93,299.94
MSFT,299.81,299.82
MSFT,299.79,299.84
MSFT,299.65,299.7
MSFT,299.53,299.54
MSFT,299.5,299.77
MSFT,299.41,299.46
MSFT,299.4,299.5
MSFT,299.34,299.35
MSFT,299.15,299.2
MSFT,299.05,299.09
MSFT,299.03,299.13
MSFT,298.53,298.58
MSFT,297.29,297.39
MSFT,297.27,297.33
MSFT,297.02,297.06
MSFT,296.91,297
MSFT,296.78,296.84
MSFT,296.72,296.97
MSFT,296.59,296.98
MSFT,296.33,296.38
MSFT,295.88,295.95
MSFT,295.76,295.84
MSFT,295.71,295.73
MSFT,295.38,295.57
MSFT,295.29,295.35
MSFT,294.95,295.01
MSFT,294.94,294.98
MSFT,294.91,294.96
MSFT,294.89,294.94
MSFT,294.84,294.85
MSFT,294.71,294.72
MSFT,294.63,294.66
MSFT,294.46,294.59
MSFT,294.42,294.52
MSFT,294.26,294.31
MSFT,294.17,294.24
MSFT,294.17,294.21
MSFT,293.52,293.53
MSFT,293.2,293.24
MSFT,293.07,293.1
MSFT,292.88,292.94
MSFT,292.85,292.88
MSFT,292.69,292.72
MSFT,291.9,291.91
MSFT,291.55,291.57
MSFT,291.55,291.57
MSFT,291.37,291.41
MSFT,290.73,290.78
MSFT,290.73,290.8
MSFT,290.22,290.26
MSFT,289.94,290.13
MSFT,289.82,289.86
MSFT,289.72,289.74
MSFT,289.68,289.8
MSFT,289.67,289.71
MSFT,289.64,289.65
MSFT,289.52,289.55
MSFT,289.46,289.47
MSFT,289.38,289.39
MSFT,289.13,289.14
MSFT,289.04,289.1
BUS,288.99,289
MSFT,288.98,289.1
MSFT,288.79,288.8
MSFT,288.75,288.76
MSFT,288.41,288.44
MSFT,288.36,288.6
MSFT,288.33,288.35
MSFT,288.32,289.74
MSFT,288.27,288.28
MSFT,288.22,288.26
MSFT,287.82,287.99
MSFT,287.82,287.99
BUS,287.75,287.88
MSFT,287.72,287.8
MSFT,287.6,287.62
AAPL,287.43,287.55
MSFT,287.24,287.25
MSFT,287.13,287.14
MSFT,287.09,287.33
MSFT,287.08,287.13
MSFT,287.03,287.25
MSFT,286.97,286.98
MSFT,286.91,287.11
MSFT,286.48,286.5
MSFT,286.48,286.49
MSFT,286.44,286.46
MSFT,286.31,286.36
AAPL,286.23,286.24
MSFT,286.22,286.23
MSFT,286.15,286.16
MSFT,286.15,286.16
MSFT,286.12,286.16
MSFT,286.11,286.14
MSFT,285.79,285.8
MSFT,285.55,285.72
MSFT,285.27,285.38
MSFT,285.26,285.39
MSFT,284.92,284.96
MSFT,284.82,284.83
MSFT,284.47,284.6
MSFT,284.33,284.38
AAPL,284.18,284.21
AAPL,284.15,284.17
MSFT,284.07,284.09
MSFT,284.01,284.05
MSFT,283.65,283.66
MSFT,283.58,283.61
MSFT,283.52,283.59
AAPL,283.24,283.34
MSFT,283.15,283.23
MSFT,283.08,283.35
BUS,282.89,283.03
MSFT,282.87,282.91
MSFT,282.85,282.86
MSFT,282.51,282.54
MSFT,282.46,282.47
MSFT,282.29,282.31
MSFT,281.97,282.02
MSFT,281.86,281.87
MSFT,281.77,281.9
MSFT,281.69,281.72
MSFT,281.38,281.39
MSFT,281.04,281.06
MSFT,280.98,281.02
MSFT,280.77,280.81
MSFT,280.75,280.87
MSFT,280.74,280.81
MSFT,280.72,280.76
AAPL,280.65,280.7
MSFT,280.57,280.58
MSFT,280.52,280.6
MSFT,280.52,280.54
MSFT,280.34,280.38
BUS,280.3,280.31
MSFT,280.27,280.35
AAPL,280.14,280.16
MSFT,280.02,280.07
MSFT,279.98,280.02
MSFT,279.78,279.92
MSFT,279.78,279.92
MSFT,279.41,279.44
MSFT,279.31,279.32
MSFT,278.97,279.02
MSFT,278.9,279.01
AAPL,278.85,278.86
AAPL,278.71,278.79
AAPL,278.69,278.8
AAPL,278.31,278.38
AAPL,278.07,278.09
AAPL,278.01,278.05
MSFT,278.01,278.02
AAPL,277.95,277.97
MSFT,277.91,277.95
MSFT,277.8,277.87
MSFT,277.64,277.66
MSFT,277.6,277.66
MSFT,277.6,277.66
MSFT,277.58,277.62
MSFT,277.57,277.74
MSFT,277.53,277.68
MSFT,277.51,277.64
AAPL,277.47,277.57
AAPL,277.47,277.57
MSFT,277.32,277.33
AAPL,277.25,277.28
MSFT,277.09,277.11
AAPL,276.88,276.95
AAPL,276.82,276.85
MSFT,276.42,276.44
MSFT,276.41,276.42
MSFT,276.39,276.47
MSFT,276.39,276.44
AAPL,276.37,276.52
MSFT,276.2,276.24
AAPL,275.91,276.03
MSFT,275.86,275.97
AAPL,275.8,276.09
MSFT,275.72,275.79
MSFT,275.55,275.57
AAPL,275.48,275.49
BUS,275.31,275.56
AAPL,275.24,275.35
MSFT,275.23,275.26
MSFT,274.74,274.82
MSFT,274.72,274.73
MSFT,274.62,274.63
AAPL,274.46,274.5
AAPL,274.43,274.6
AAPL,274.14,274.2
AAPL,274.11,274.12
MSFT,273.92,274.04
AAPL,273.82,273.88
AAPL,273.82,273.88
AAPL,273.79,273.81
MSFT,273.78,273.84
AAPL,273.74,273.76
AAPL,273.54,273.73
AAPL,273.52,273.54
AAPL,273.43,273.46
AAPL,273.25,273.45
MSFT,273.2,273.29
MSFT,273.2,273.29
AAPL,273.16,273.2
AAPL,272.99,273.01
AAPL,272.98,273.09
AAPL,272.95,273.06
AAPL,272.92,272.93
MSFT,272.43,272.5
AAPL,272.41,272.6
MSFT,272.35,272.36
MSFT,272.26,272.29
AAPL,272.22,272.33
MSFT,272.2,272.24
AAPL,272.16,272.19
AAPL,272.13,272.16
MSFT,272,272.04
MSFT,271.85,272.01
AAPL,271.84,271.94
AAPL,271.84,271.94
AAPL,271.77,271.89
MSFT,271.71,271.72
AAPL,271.42,271.5
MSFT,271.38,271.4
MSFT,271.31,271.32
AAPL,271.22,271.42
AAPL,271,271.41
AAPL,270.96,271.06
AAPL,270.93,270.99
MSFT,270.85,270.9
AAPL,270.82,270.87
AAPL,270.73,270.76
MSFT,270.46,270.47
AAPL,270.24,270.37
MSFT,270.22,270.27
AAPL,270.2,270.33
AAPL,270.17,270.2
AAPL,270.06,270.12
MSFT,270.04,270.05
AAPL,270.03,270.21
AAPL,269.94,270.03
AAPL,269.67,269.71
AAPL,269.64,269.8
AAPL,269.47,269.49
MSFT,269.45,269.46
AAPL,269.39,269.42
MSFT,269.32,269.33
BUS,269.14,269.2
AAPL,269.04,269.06
AAPL,269.01,269.04
AAPL,268.74,268.77
MSFT,268.74,268.75
MSFT,268.71,268.72
MSFT,268.54,268.68
AAPL,268.52,268.58
AAPL,268.46,268.58
MSFT,268.24,268.38
MSFT,268.17,268.26
MSFT,267.93,267.98
AAPL,267.66,267.69
MSFT,267.59,267.66
MSFT,267.56,267.59
AAPL,267.44,267.56
AAPL,267.34,267.55
AAPL,267.26,267.27
MSFT,266.86,266.91
MSFT,266.66,266.68
MSFT,266.66,266.76
MSFT,266.61,266.64
AAPL,266.38,266.42
AAPL,266.36,266.38
AAPL,266.26,266.38
MSFT,266.24,266.25
AAPL,266.21,266.24
MSFT,265.84,265.86
BUS,265.58,265.59
MSFT,265.51,265.52
MSFT,265.48,265.53
MSFT,265.27,265.28
MSFT,265.23,265.31
MSFT,265.02,265.14
MSFT,264.89,264.96
MSFT,264.86,264.88
MSFT,264.7,264.71
MSFT,264.6,264.61
MSFT,264.58,264.59
AAPL,264.57,264.6
AAPL,264.55,264.68
MSFT,264.54,264.64
MSFT,264.43,264.44
AAPL,264.23,264.37
AAPL,264.17,264.21
AAPL,263.74,263.87
AAPL,263.68,263.78
MSFT,263.65,263.76
BUS,263.51,263.52
BUS,263.45,263.51
BUS,263.43,263.44
AAPL,263.33,263.44
MSFT,263.1,263.11
MSFT,262.95,263
MSFT,262.94,262.97
AAPL,262.77,262.84
BUS,262.77,262.86
AAPL,262.75,262.86
MSFT,262.58,262.63
MSFT,262.53,262.66
AAPL,262.41,262.47
BUS,262.4,262.41
AAPL,262.24,262.27
AAPL,262.22,262.25
MSFT,262.2,262.27
BUS,262.19,262.2
MSFT,262.13,262.2
MSFT,262.06,262.2
BUS,261.82,261.88
MSFT,261.55,261.68
MSFT,261.53,261.6
AAPL,261.51,261.7
MSFT,261.44,261.46
MSFT,261.14,261.15
MSFT,261.1,261.13
AAPL,261.05,261.1
MSFT,260.9,260.91
MSFT,260.79,260.84
BUS,260.78,260.79
BUS,260.78,260.79
AAPL,260.77,260.86
AAPL,260.73,260.84
MSFT,260.66,260.67
MSFT,260.65,260.67
BUS,260.64,260.65
BUS,260.64,260.65
MSFT,260.61,260.74
MSFT,260.6,260.65
AAPL,260.52,260.59
BUS,260.4,260.41
AAPL,260.39,260.43
AAPL,260.39,260.4
BUS,260.39,260.4
MSFT,260.38,260.46
MSFT,260.37,260.38
AAPL,260.34,260.36
MSFT,260.25,260.27
BUS,260.25,260.35
AAPL,260.21,260.24
AAPL,260.21,260.31
BUS,260.18,260.19
AAPL,259.9,260.1
AAPL,259.89,259.93
MSFT,259.87,259.9
MSFT,259.78,260.05
AAPL,259.57,259.59
MSFT,259.52,259.62
MSFT,259.52,259.62
AAPL,259.48,259.49
MSFT,259.43,259.5
MSFT,259.38,259.51
AAPL,259.35,259.45
BUS,259.31,259.47
MSFT,259.27,259.32
AAPL,259.1,259.11
AAPL,259.08,259.21
AAPL,259.02,259.11
AAPL,258.91,258.96
MSFT,258.91,258.95
AAPL,258.88,258.95
AAPL,258.84,258.87
MSFT,258.82,258.88
MSFT,258.82,258.87
MSFT,258.53,258.56
MSFT,258.52,258.57
MSFT,258.48,258.49
AAPL,258.37,258.44
MSFT,258.33,258.34
AAPL,258.28,258.38
MSFT,258.28,258.29
AAPL,258.27,258.28
AAPL,258.09,258.2
AAPL,258.09,258.2
MSFT,258.06,258.1
MSFT,258.06,258.1
MSFT,258.04,258.09
AAPL,258.03,258.06
AAPL,257.99,258.04
AAPL,257.98,258.28
MSFT,257.83,257.87
MSFT,257.46,257.47
AAPL,257.39,257.44
MSFT,257.2,257.23
MSFT,257.19,257.2
MSFT,257.19,257.22
AAPL,257.13,257.2
AAPL,256.93,256.94
MSFT,256.92,256.95
MSFT,256.9,256.95
MSFT,256.86,256.99
MSFT,256.75,256.81
MSFT,256.7,256.76
AAPL,256.63,256.65
MSFT,256.46,256.49
AAPL,256.42,256.47
AAPL,256.4,256.49
BUS,256.27,256.34
BUS,256.15,256.16
AAPL,256.09,256.17
MSFT,256.09,256.13
MSFT,256.09,256.13
MSFT,255.92,255.96
AAPL,255.87,255.93
AAPL,255.87,255.93
MSFT,255.84,255.85
MSFT,255.77,255.81
AAPL,255.75,255.76
AAPL,255.7,255.8
AAPL,255.7,255.8
AAPL,255.69,255.74
AAPL,255.67,255.75
BUS,255.62,255.82
BUS,255.51,255.79
AAPL,255.47,255.51
AAPL,255.47,255.51
AAPL,255.46,255.47
AAPL,255.4,255.42
AAPL,255.36,255.43
MSFT,255.35,255.36
MSFT,255.32,255.37
AAPL,255.3,255.35
BUS,255.26,255.27
BUS,255.13,255.25
MSFT,255.03,255.16
MSFT,255.02,255.03
BUS,254.94,254.95
MSFT,254.76,254.83
MSFT,254.71,254.81
MSFT,254.69,254.72
BUS,254.6,254.65
AAPL,254.59,254.61
AAPL,254.53,254.57
AAPL,254.49,254.53
BUS,254.45,254.83
AAPL,254.34,254.35
MSFT,254.32,254.38
AAPL,254.21,254.24
MSFT,254.15,254.2
MSFT,254.14,254.31
MSFT,254.04,254.08
AAPL,254.02,254.06
MSFT,253.91,253.92
MSFT,253.83,253.86
MSFT,253.74,253.77
MSFT,253.67,253.68
AAPL,253.65,253.8
MSFT,253.63,253.74
MSFT,253.62,253.67
AAPL,253.49,253.5
AAPL,253.45,253.53
MSFT,253.3,253.31
MSFT,253.25,253.33
MSFT,253.13,253.14
BUS,253.11,253.24
MSFT,253,253.05
BUS,252.96,252.98
BUS,252.96,252.98
MSFT,252.89,252.9
AAPL,252.88,252.89
AAPL,252.77,252.8
MSFT,252.75,252.79
BUS,252.71,252.77
MSFT,252.66,252.71
BUS,252.66,252.68
MSFT,252.65,252.69
BUS,252.58,252.59
MSFT,252.56,252.58
AAPL,252.55,252.57
MSFT,252.54,252.57
MSFT,252.51,252.52
MSFT,252.45,252.46
MSFT,252.45,252.46
AAPL,252.29,252.3
MSFT,252.27,252.31
BUS,252.25,252.36
MSFT,252.24,252.25
AAPL,252.2,252.25
MSFT,252.18,252.32
BUS,252.18,252.54
BUS,252.08,252.11
AAPL,252.07,252.14
BUS,252.01,252.16
MSFT,251.99,252
BUS,251.99,252
MSFT,251.88,251.93
BUS,251.84,251.9
MSFT,251.78,251.85
MSFT,251.76,251.81
AAPL,251.73,251.75
MSFT,251.59,251.9
MSFT,251.59,251.6
MSFT,251.49,251.5
AAPL,251.43,251.44
BUS,251.42,251.49
BUS,251.18,251.19
BUS,251.11,251.18
MSFT,251.09,251.12
AAPL,251.04,251.05
BUS,250.93,250.94
MSFT,250.81,250.85
MSFT,250.77,250.78
MSFT,250.67,250.91
BUS,250.56,250.77
BUS,250.56,250.57
BUS,250.52,250.81
AAPL,250.39,250.43
AAPL,250.39,250.43
BUS,250.25,250.29
MSFT,250.2,250.21
MSFT,250.19,250.21
BUS,250.03,250.06
AAPL,250.01,250.16
BUS,249.93,249.96
AAPL,249.88,249.91
MSFT,249.86,249.95
AAPL,249.85,249.86
MSFT,249.79,249.94
MSFT,249.79,249.94
MSFT,249.72,249.73
BUS,249.53,249.6
AAPL,249.4,249.44
MSFT,249.39,249.41
MSFT,249.34,249.4
MSFT,249.32,249.33
MSFT,249.21,249.26
MSFT,249.01,249.06
MSFT,249,249.01
BUS,248.99,249.04
BUS,248.96,249
MSFT,248.89,248.9
AAPL,248.86,248.89
AAPL,248.61,248.62
BUS,248.6,248.64
MSFT,248.59,248.6
AAPL,248.35,248.36
BUS,248.3,248.33
BUS,248.25,248.41
BUS,248.19,248.38
AAPL,248.16,248.2
MSFT,248.14,248.16
BUS,248.12,248.18
MSFT,248.08,248.15
BUS,248.07,248.08
BUS,248.01,248.15
AAPL,248,248.06
MSFT,247.99,248.04
AAPL,247.96,248.01
AAPL,247.94,247.95
MSFT,247.88,247.95
MSFT,247.87,247.88
MSFT,247.82,247.86
AAPL,247.8,247.82
AAPL,247.8,247.93
AAPL,247.8,247.86
BUS,247.66,247.67
BUS,247.66,247.65
BUS,247.66,247.65
AAPL,247.63,247.66
MSFT,247.62,247.76
MSFT,247.62,247.76
AAPL,247.57,247.59
MSFT,247.57,247.67
MSFT,247.53,247.54
MSFT,247.53,247.54
AAPL,247.42,247.43
MSFT,247.4,247.41
MSFT,247.38,247.4
MSFT,247.32,247.35
MSFT,247.31,247.32
BUS,247.23,247.37
MSFT,247.18,247.21
BUS,247.15,247.16
AAPL,247.09,247.23
MSFT,247.09,247.2
AAPL,247.04,247.05
BUS,247.02,247.06
BUS,247.02,247.06
AAPL,246.81,246.86
MSFT,246.78,246.87
AAPL,246.68,246.72
AAPL,246.54,246.55
BUS,246.54,246.59
MSFT,246.5,246.52
MSFT,246.47,246.48
AAPL,246.42,246.46
MSFT,246.39,246.4
MSFT,246.2,246.23
AAPL,245.85,245.86
MSFT,245.66,245.7
AAPL,245.58,245.59
MSFT,245.42,245.45
MSFT,245.32,245.33
AAPL,245.27,245.29
AAPL,245.26,245.34
BUS,245.23,245.33
BUS,245.22,245.23
MSFT,245.19,245.22
BUS,245.14,245.15
MSFT,245.13,245.18
MSFT,245.11,245.12
MSFT,245.07,245.09
MSFT,245.04,245.08
MSFT,245.02,245.06
MSFT,245.02,245.06
BUS,245.01,245.1
AAPL,244.98,245.01
BUS,244.87,244.88
AAPL,244.86,244.89
MSFT,244.73,244.75
BUS,244.67,244.71
MSFT,244.57,244.58
AAPL,244.56,244.58
AAPL,244.56,244.58
MSFT,244.55,244.66
BUS,244.5,244.51
BUS,244.49,244.55
AAPL,244.43,244.47
MSFT,244.43,244.5
MSFT,244.42,244.52
BUS,244.37,244.41
MSFT,244.3,244.31
MSFT,244.22,244.26
BUS,244.14,244.23
BUS,244.04,244.17
BUS,243.89,243.92
AAPL,243.84,243.87
MSFT,243.84,244.05
MSFT,243.79,243.84
BUS,243.73,243.87
MSFT,243.69,243.8
MSFT,243.64,243.7
BUS,243.5,243.53
AAPL,243.31,243.36
MSFT,243.14,243.17
AAPL,243.07,243.08
MSFT,243.03,243.08
MSFT,242.98,243.03
BUS,242.95,243.03
MSFT,242.94,243
AAPL,242.93,242.95
MSFT,242.92,242.94
BUS,242.92,242.94
BUS,242.92,242.94
MSFT,242.81,242.89
MSFT,242.74,242.78
AAPL,242.71,242.72
AAPL,242.71,242.72
AAPL,242.66,242.87
AAPL,242.63,242.64
BUS,242.57,242.61
BUS,242.51,242.6
MSFT,242.49,242.51
MSFT,242.47,242.52
MSFT,242.45,242.47
MSFT,242.35,242.38
MSFT,242.35,242.38
MSFT,242.28,242.33
AAPL,242.21,242.25
MSFT,242.2,242.22
BUS,242.18,242.19
BUS,242.06,242.3
MSFT,242.05,242.13
MSFT,242.04,242.22
MSFT,242.03,242.09
MSFT,242.02,242.14
MSFT,241.91,242.12
AAPL,241.83,241.84
MSFT,241.82,241.86
MSFT,241.73,241.82
MSFT,241.72,241.77
MSFT,241.7,241.77
BUS,241.69,241.7
MSFT,241.56,241.61
AAPL,241.52,241.53
BUS,241.44,241.52
BUS,241.27,241.28
BUS,241.25,241.4
MSFT,241.23,241.32
MSFT,241.02,241.03
MSFT,240.97,241.04
MSFT,240.96,241.01
MSFT,240.78,240.8
BUS,240.7,240.74
MSFT,240.66,240.67
MSFT,240.55,240.63
MSFT,240.45,240.48
MSFT,240.34,240.35
AAPL,240.31,240.36
MSFT,240.27,240.29
MSFT,240.15,240.16
BUS,239.96,239.97
MSFT,239.82,239.83
MSFT,239.82,239.83
AAPL,239.71,239.72
BUS,239.7,239.76
BUS,239.65,239.81
AAPL,239.61,239.67
AAPL,239.59,239.6
MSFT,239.57,239.59
BUS,239.56,239.59
BUS,239.51,239.57
MSFT,239.48,239.59
MSFT,239.47,239.48
BUS,239.39,239.57
AAPL,239.3,239.35
BUS,239.24,239.35
BUS,239.19,239.22
MSFT,239.11,239.19
MSFT,239.11,239.19
BUS,239.11,239.24
MSFT,239.03,239.06
AAPL,239.02,239.06
AAPL,238.96,238.99
MSFT,238.95,238.96
BUS,238.9,238.96
BUS,238.89,238.95
MSFT,238.86,238.94
MSFT,238.73,238.77
MSFT,238.73,238.77
BUS,238.66,238.67
MSFT,238.54,238.59
AAPL,238.48,238.49
MSFT,238.46,238.47
BUS,238.33,238.37
BUS,238.28,238.29
AAPL,238.24,238.26
MSFT,238.23,238.29
BUS,238.22,238.24
AAPL,238.14,238.17
AAPL,238.11,238.14
BUS,238.11,238.41
BUS,238.09,238.11
BUS,238.02,238.03
BUS,238.01,238.02
MSFT,237.96,237.97
AAPL,237.9,237.92
BUS,237.9,237.91
AAPL,237.87,237.97
AAPL,237.85,237.89
BUS,237.77,238.31
MSFT,237.69,237.7
MSFT,237.53,237.54
AAPL,237.52,237.59
MSFT,237.51,237.54
MSFT,237.5,237.56
MSFT,237.46,237.52
BUS,237.43,237.44
AAPL,237.38,237.39
AAPL,237.33,237.44
BUS,237.33,237.48
BUS,237.28,237.34
BUS,237.26,237.27
BUS,237.25,237.35
MSFT,237.18,237.26
MSFT,237.06,237.19
MSFT,236.96,237
AAPL,236.93,236.94
MSFT,236.93,236.94
BUS,236.92,236.93
BUS,236.9,236.91
AAPL,236.86,236.95
BUS,236.76,236.77
BUS,236.76,236.77
BUS,236.76,236.77
BUS,236.73,236.74
AAPL,236.72,236.76
AAPL,236.57,236.58
MSFT,236.51,236.55
BUS,236.5,236.64
MSFT,236.48,236.49
MSFT,236.41,236.49
BUS,236.31,236.32
BUS,236.31,236.35
BUS,236.13,236.14
MSFT,236.1,236.12
MSFT,235.97,236.05
BUS,235.97,235.98
AAPL,235.95,236.07
BUS,235.94,236
BUS,235.92,235.93
AAPL,235.84,235.86
AAPL,235.84,235.96
MSFT,235.8,235.81
BUS,235.8,235.9
MSFT,235.79,235.83
MSFT,235.77,235.82
MSFT,235.76,235.83
MSFT,235.75,235.79
BUS,235.74,235.86
BUS,235.72,235.73
AAPL,235.7,235.78
BUS,235.7,235.9
BUS,235.43,235.47
BUS,235.43,235.44
BUS,235.4,235.71
MSFT,235.38,235.45
BUS,235.33,235.34
AAPL,235.32,235.37
MSFT,235.27,235.28
BUS,235.19,235.2
AAPL,234.98,235
AAPL,234.98,235.04
AAPL,234.97,234.99
AAPL,234.97,234.99
BUS,234.83,234.84
BUS,234.82,234.83
AAPL,234.81,234.81
MSFT,234.8,234.81
BUS,234.75,234.76
BUS,234.74,234.75
BUS,234.74,234.75
MSFT,234.6,234.64
MSFT,234.51,234.55
MSFT,234.49,234.5
BUS,234.46,234.47
BUS,234.44,234.44
AAPL,234.41,234.45
AAPL,234.37,234.41
BUS,234.36,234.37
AAPL,234.34,234.35
MSFT,234.25,234.36
BUS,234.25,234.33
MSFT,234.23,234.24
BUS,234.2,234.21
BUS,234.12,234.59
BUS,234.06,234.15
AAPL,234.05,234.07
BUS,234.05,234.15
BUS,234.03,234.1
MSFT,233.87,233.93
BUS,233.81,233.87
AAPL,233.77,233.83
AAPL,233.74,233.77
BUS,233.72,233.85
BUS,233.69,233.8
MSFT,233.68,233.72
BUS,233.68,233.71
BUS,233.67,233.74
BUS,233.56,233.59
AAPL,233.46,233.51
BUS,233.4,233.41
BUS,233.29,233.3
AAPL,233.28,233.33
MSFT,233.26,233.27
AAPL,233.24,233.33
AAPL,233.17,233.22
BUS,233.16,233.17
BUS,233.13,233.14
BUS,233.06,233.07
BUS,233.03,233.04
MSFT,233.02,233.37
BUS,233,233.12
AAPL,232.99,233
BUS,232.92,232.93
AAPL,232.9,232.91
AAPL,232.87,232.88
BUS,232.86,232.89
MSFT,232.81,232.84
AAPL,232.79,232.82
AAPL,232.76,232.78
AAPL,232.75,232.76
MSFT,232.58,232.59
AAPL,232.48,232.49
BUS,232.46,232.47
AAPL,232.45,232.46
BUS,232.45,232.46
MSFT,232.39,232.43
BUS,232.36,232.89
BUS,232.33,232.34
BUS,232.29,232.3
BUS,232.29,232.3
MSFT,232.26,232.43
BUS,232.26,232.29
MSFT,232.23,232.28
AAPL,232.21,232.27
AAPL,232.21,232.27
AAPL,232.2,232.26
MSFT,232.18,232.29
MSFT,232.12,232.13
BUS,232.02,232.1
MSFT,231.96,232.05
MSFT,231.75,231.87
AAPL,231.74,231.75
BUS,231.64,231.94
BUS,231.63,231.64
BUS,231.63,231.68
AAPL,231.62,231.65
MSFT,231.58,231.59
BUS,231.54,232.14
BUS,231.52,231.53
MSFT,231.45,231.66
AAPL,231.4,231.41
BUS,231.4,231.41
AAPL,231.35,231.42
BUS,231.34,231.38
BUS,231.3,231.35
BUS,231.27,231.29
BUS,231.27,231.28
BUS,231.26,231.42
BUS,231.23,231.24
MSFT,231.2,231.32
BUS,231.03,231.11
BUS,231,231.01
BUS,230.99,231
BUS,230.97,231.14
AAPL,230.88,230.89
AAPL,230.75,230.76
MSFT,230.73,230.78
BUS,230.73,230.75
BUS,230.71,230.73
AAPL,230.55,230.64
AAPL,230.53,230.57
AAPL,230.51,230.58
BUS,230.49,230.5
BUS,230.47,230.48
AAPL,230.45,230.51
BUS,230.44,230.49
BUS,230.43,230.49
BUS,230.32,230.36
BUS,230.3,230.32
AAPL,230.16,230.23
BUS,230.07,230.09
AAPL,230.02,230.06
AAPL,229.97,230
AAPL,229.97,230
BUS,229.94,229.95
AAPL,229.93,230
MSFT,229.9,229.91
BUS,229.89,229.97
BUS,229.89,229.93
BUS,229.88,229.89
AAPL,229.81,229.83
BUS,229.77,229.78
BUS,229.75,229.76
BUS,229.75,229.78
AAPL,229.73,229.75
BUS,229.72,229.73
BUS,229.7,229.71
AAPL,229.66,229.73
AAPL,229.63,229.66
BUS,229.55,229.56
MSFT,229.52,229.54
BUS,229.52,229.53
AAPL,229.49,229.51
BUS,229.49,229.5
BUS,229.37,229.38
AAPL,229.36,229.37
BUS,229.33,229.34
BUS,229.33,229.46
BUS,229.31,229.37
AAPL,229.3,229.37
MSFT,229.1,229.13
MSFT,229.09,229.16
BUS,229.09,229.1
BUS,229.05,229.06
BUS,229.03,229.04
AAPL,229.02,229.03
BUS,229.02,229.03
AAPL,228.97,229
BUS,228.95,229.02
AAPL,228.88,228.89
MSFT,228.87,228.89
AAPL,228.86,228.9
AAPL,228.86,228.9
MSFT,228.86,228.88
BUS,228.86,228.9
AAPL,228.82,228.87
BUS,228.8,228.85
MSFT,228.77,228.84
AAPL,228.68,228.7
BUS,228.64,228.77
BUS,228.62,228.63
MSFT,228.58,228.9
MSFT,228.55,228.63
BUS,228.55,228.56
AAPL,228.53,228.54
AAPL,228.51,228.52
BUS,228.35,228.58
AAPL,228.28,228.31
BUS,228.24,228.37
AAPL,228.23,228.25
AAPL,228.18,228.19
BUS,228.18,228.31
BUS,228.16,228.23
AAPL,228.14,228.15
MSFT,228.14,228.17
BUS,228.13,228.19
BUS,228.11,228.12
AAPL,227.98,228.05
BUS,227.98,227.99
AAPL,227.94,227.98
MSFT,227.92,227.96
BUS,227.78,227.79
AAPL,227.77,227.81
AAPL,227.75,227.78
AAPL,227.72,227.83
BUS,227.71,227.72
AAPL,227.69,227.7
BUS,227.69,227.7
AAPL,227.63,227.64
AAPL,227.56,227.7
AAPL,227.55,227.58
AAPL,227.55,227.62
AAPL,227.52,227.55
AAPL,227.52,227.58
BUS,227.51,227.55
BUS,227.49,227.53
BUS,227.46,227.47
MSFT,227.43,227.56
MSFT,227.39,227.42
BUS,227.38,227.45
AAPL,227.36,227.41
BUS,227.36,227.44
BUS,227.3,227.33
MSFT,227.27,227.33
BUS,227.27,227.31
BUS,227.25,227.29
AAPL,227.22,227.26
BUS,227.2,227.21
BUS,227.2,227.23
AAPL,227.16,227.17
BUS,227.16,227.17
AAPL,227.15,227.19
AAPL,227.14,227.27
MSFT,227.14,227.16
BUS,227.06,227.07
MSFT,226.82,226.84
MSFT,226.8,226.9
AAPL,226.79,226.81
AAPL,226.77,226.84
BUS,226.76,226.77
BUS,226.75,226.76
AAPL,226.74,226.79
AAPL,226.73,226.79
BUS,226.72,226.75
BUS,226.62,226.63
MSFT,226.58,226.62
BUS,226.57,226.58
BUS,226.57,226.61
AAPL,226.5,226.52
BUS,226.5,226.55
AAPL,226.45,226.52
AAPL,226.45,226.48
BUS,226.44,226.57
BUS,226.4,226.52
BUS,226.36,226.42
AAPL,226.35,226.39
AAPL,226.3,226.33
AAPL,226.3,226.37
BUS,226.26,226.28
AAPL,226.23,226.27
BUS,226.16,226.17
AAPL,226.07,226.1
BUS,226.01,226.03
BUS,226,226.08
AAPL,225.97,226.01
BUS,225.92,226
AAPL,225.89,225.92
BUS,225.85,225.86
BUS,225.85,225.86
BUS,225.83,225.95
BUS,225.82,225.86
MSFT,225.81,225.84
BUS,225.8,225.81
BUS,225.78,225.83
AAPL,225.77,225.78
MSFT,225.69,225.75
AAPL,225.66,225.67
MSFT,225.4,225.42
BUS,225.38,225.39
AAPL,225.37,225.42
BUS,225.37,225.38
BUS,225.36,225.4
BUS,225.35,225.39
AAPL,225.1,225.23
BUS,225.09,225.11
BUS,225.05,225.07
BUS,225.04,225.15
MSFT,225,225.14
BUS,225,225.05
BUS,224.99,225
AAPL,224.98,225.01
MSFT,224.95,224.96
BUS,224.95,224.97
AAPL,224.91,224.92
AAPL,224.91,224.92
MSFT,224.9,224.97
MSFT,224.84,224.87
BUS,224.72,224.73
AAPL,224.71,224.72
BUS,224.69,224.7
AAPL,224.53,224.54
MSFT,224.51,224.52
BUS,224.46,224.51
BUS,224.45,224.46
BUS,224.45,224.46
BUS,224.43,224.44
BUS,224.42,224.5
BUS,224.42,224.43
BUS,224.38,224.44
BUS,224.34,224.4
AAPL,224.31,224.38
BUS,224.3,224.39
AAPL,224.24,224.25
AAPL,224.21,224.23
MSFT,224.18,224.31
AAPL,224.17,224.2
BUS,224.17,224.18
MSFT,224.13,224.29
BUS,224.07,224.12
BUS,224.04,224.12
BUS,224.03,224.04
BUS,223.98,224.08
MSFT,223.96,223.97
AAPL,223.93,223.97
AAPL,223.93,223.94
BUS,223.9,223.91
BUS,223.9,223.91
AAPL,223.79,223.86
AAPL,223.76,223.77
BUS,223.75,223.8
BUS,223.74,223.78
AAPL,223.73,223.75
BUS,223.68,223.69
AAPL,223.65,223.66
MSFT,223.62,223.72
BUS,223.53,223.54
AAPL,223.45,223.49
BUS,223.41,223.42
BUS,223.41,223.42
BUS,223.37,223.41
BUS,223.36,223.41
BUS,223.25,223.33
MSFT,223.19,223.29
AAPL,223.13,223.15
BUS,223.13,223.22
BUS,223.08,223.09
BUS,223.01,223.05
AAPL,222.86,222.88
AAPL,222.84,222.85
MSFT,222.82,222.86
AAPL,222.78,222.79
AAPL,222.73,222.77
AAPL,222.7,222.71
MSFT,222.69,222.82
MSFT,222.69,222.82
BUS,222.68,222.69
AAPL,222.65,222.66
BUS,222.65,222.66
BUS,222.64,222.88
BUS,222.63,222.64
BUS,222.6,222.61
MSFT,222.56,222.57
BUS,222.54,222.56
AAPL,222.52,222.57
AAPL,222.42,222.45
BUS,222.42,222.43
AAPL,222.38,222.41
BUS,222.37,222.38
MSFT,222.25,222.28
BUS,222.19,222.33
MSFT,222.18,222.37
MSFT,222.18,222.37
AAPL,222.12,222.13
BUS,222.1,222.17
AAPL,222.04,222.13
BUS,222.03,222.36
AAPL,221.99,222.02
BUS,221.99,222.07
BUS,221.86,221.89
BUS,221.79,221.82
BUS,221.78,221.86
BUS,221.72,221.78
BUS,221.71,221.82
AAPL,221.7,221.75
MSFT,221.67,221.68
AAPL,221.59,221.62
BUS,221.58,221.59
AAPL,221.53,221.55
AAPL,221.53,221.55
BUS,221.51,221.52
MSFT,221.45,221.55
AAPL,221.39,221.41
BUS,221.39,221.44
BUS,221.38,221.39
MSFT,221.36,221.41
BUS,221.34,221.39
BUS,221.3,221.36
AAPL,221.26,221.27
BUS,221.25,221.26
BUS,221.24,221.3
AAPL,221.2,221.29
MSFT,221.15,221.18
BUS,221.08,221.1
MSFT,220.96,221.02
AAPL,220.95,220.99
BUS,220.93,221.08
BUS,220.91,220.96
MSFT,220.9,220.92
AAPL,220.88,220.99
BUS,220.84,220.85
BUS,220.8,220.82
BUS,220.79,220.8
BUS,220.77,220.98
AAPL,220.73,220.75
AAPL,220.72,220.77
AAPL,220.69,220.74
BUS,220.38,220.39
AAPL,220.37,220.44
AAPL,220.34,220.37
AAPL,220.15,220.17
BUS,220.1,220.19
MSFT,220.04,220.12
BUS,220,220.03
BUS,219.96,219.98
BUS,219.92,219.99
BUS,219.92,219.99
BUS,219.88,219.9
BUS,219.88,219.9
AAPL,219.8,219.85
BUS,219.77,219.93
BUS,219.73,219.82
MSFT,219.66,219.67
MSFT,219.64,219.65
BUS,219.61,219.7
BUS,219.6,219.61
MSFT,219.55,219.56
BUS,219.55,219.69
BUS,219.42,219.43
BUS,219.38,219.62
MSFT,219.37,219.42
BUS,219.32,219.51
BUS,219.24,219.31
BUS,219.24,219.28
MSFT,219.19,219.28
BUS,219.14,219.28
BUS,218.88,219.08
BUS,218.85,218.86
BUS,218.84,218.85
BUS,218.84,218.89
BUS,218.82,218.83
AAPL,218.78,218.79
BUS,218.75,218.78
BUS,218.59,218.6
AAPL,218.55,218.57
BUS,218.5,218.51
BUS,218.49,218.5
BUS,218.49,218.5
BUS,218.43,218.49
BUS,218.4,218.41
BUS,218.39,218.4
BUS,218.39,218.4
MSFT,218.34,218.39
MSFT,218.28,218.29
BUS,218.27,218.64
BUS,218.27,218.29
AAPL,218.26,218.3
AAPL,218.21,218.24
AAPL,218.2,218.36
MSFT,218.14,218.15
AAPL,218.09,218.13
BUS,218.09,218.1
BUS,218.05,218.25
BUS,218.05,218.25
BUS,218.01,218.2
BUS,217.94,217.95
MSFT,217.91,218
AAPL,217.84,217.87
BUS,217.8,217.87
BUS,217.77,217.78
BUS,217.76,217.79
BUS,217.69,217.7
BUS,217.69,217.7
BUS,217.69,217.77
BUS,217.67,217.68
MSFT,217.66,217.86
BUS,217.64,217.73
BUS,217.61,217.62
BUS,217.59,217.63
BUS,217.56,217.69
BUS,217.56,217.69
BUS,217.56,217.87
AAPL,217.53,217.6
MSFT,217.5,217.65
AAPL,217.46,217.51
BUS,217.46,217.47
BUS,217.46,217.47
BUS,217.45,217.46
BUS,217.4,217.41
BUS,217.38,217.43
BUS,217.36,217.37
MSFT,217.3,217.31
MSFT,217.29,217.41
BUS,217.27,217.31
BUS,217.26,217.27
BUS,217.2,217.27
BUS,217.17,217.18
BUS,217.12,217.18
BUS,217.09,217.1
BUS,217.09,217.1
BUS,217.08,217.09
BUS,217.06,217.11
BUS,217.06,217.11
BUS,217.03,217.15
BUS,217.03,217.15
BUS,217.03,217.08
BUS,217.01,217.24
BUS,216.96,216.97
AAPL,216.94,216.95
BUS,216.92,216.93
BUS,216.89,216.9
AAPL,216.84,216.85
BUS,216.84,216.86
BUS,216.76,216.82
BUS,216.75,216.81
BUS,216.75,216.8
AAPL,216.71,216.74
AAPL,216.68,216.71
BUS,216.57,216.61
MSFT,216.54,216.62
BUS,216.53,216.67
BUS,216.51,216.74
MSFT,216.5,216.51
BUS,216.48,216.54
MSFT,216.45,216.49
MSFT,216.41,216.42
MSFT,216.4,216.47
BUS,216.4,216.41
BUS,216.38,216.41
MSFT,216.36,216.44
MSFT,216.34,216.35
MSFT,216.31,216.32
AAPL,216.3,216.31
AAPL,216.3,216.32
BUS,216.3,216.35
BUS,216.26,216.36
MSFT,216.23,216.28
BUS,216.22,216.23
BUS,216.12,216.25
MSFT,216.11,216.21
BUS,216.06,216.04
BUS,216.05,216.06
BUS,216,216.09
BUS,215.98,215.99
BUS,215.98,215.99
BUS,215.97,215.98
MSFT,215.95,215.99
BUS,215.87,215.88
BUS,215.86,215.91
BUS,215.85,215.86
MSFT,215.81,215.82
BUS,215.74,215.82
BUS,215.72,215.73
BUS,215.66,215.67
BUS,215.66,215.67
BUS,215.61,215.62
BUS,215.57,215.58
BUS,215.54,215.55
BUS,215.51,215.55
MSFT,215.47,215.56
BUS,215.47,215.5
MSFT,215.39,215.42
BUS,215.37,215.68
BUS,215.34,215.35
AAPL,215.28,215.3
MSFT,215.19,215.29
BUS,215.16,215.17
BUS,215.16,215.17
BUS,215.15,215.16
BUS,215.12,215.17
BUS,214.99,215
BUS,214.95,214.96
BUS,214.89,214.9
MSFT,214.86,214.93
MSFT,214.84,214.99
MSFT,214.77,214.8
BUS,214.75,214.76
BUS,214.71,214.72
BUS,214.66,214.68
MSFT,214.56,214.61
MSFT,214.55,214.57
BUS,214.55,214.57
MSFT,214.45,214.48
BUS,214.45,214.48
MSFT,214.39,214.4
MSFT,214.39,214.4
AAPL,214.37,214.4
AAPL,214.33,214.38
AAPL,214.33,214.38
BUS,214.33,214.34
BUS,214.33,214.41
BUS,214.31,214.49
AAPL,214.29,214.31
MSFT,214.29,214.32
MSFT,214.27,214.46
BUS,214.25,214.24
MSFT,214.24,214.33
MSFT,214.24,214.35
MSFT,214.24,214.25
MSFT,214.18,214.23
BUS,214.18,214.19
BUS,214.17,214.29
BUS,214.15,214.16
MSFT,214.14,214.15
MSFT,214.14,214.15
BUS,214.13,214.14
AAPL,214.11,214.13
BUS,214.11,214.31
AAPL,214.1,214.15
MSFT,214.1,214.17
BUS,214.1,214.17
BUS,214.08,214.09
BUS,214.08,214.09
AAPL,214.07,214.11
BUS,214.05,214.06
AAPL,214.03,214.05
BUS,214.03,214.04
AAPL,214.01,214.2
BUS,214,214.11
BUS,213.94,214.06
BUS,213.94,214.06
BUS,213.94,213.95
AAPL,213.93,213.97
BUS,213.87,213.95
MSFT,213.8,213.87
BUS,213.78,214.07
AAPL,213.75,213.76
MSFT,213.75,213.93
MSFT,213.75,213.93
MSFT,213.69,213.72
BUS,213.67,213.68
MSFT,213.63,213.7
BUS,213.6,213.61
BUS,213.59,213.6
BUS,213.59,213.72
BUS,213.53,213.56
BUS,213.49,213.6
BUS,213.48,213.51
BUS,213.48,213.49
BUS,213.47,213.52
BUS,213.36,213.38
BUS,213.36,213.37
AAPL,213.34,213.39
AAPL,213.33,213.58
AAPL,213.33,213.58
AAPL,213.32,213.37
BUS,213.32,213.33
MSFT,213.31,213.38
BUS,213.31,213.32
BUS,213.3,213.31
BUS,213.28,213.35
MSFT,213.26,213.27
AAPL,213.25,213.27
BUS,213.21,213.22
BUS,213.16,213.27
BUS,213.13,213.14
AAPL,213.1,213.11
AAPL,213.08,213.11
MSFT,213.07,213.15
BUS,213.07,213.1
MSFT,213.02,213.05
MSFT,213.02,213.14
BUS,213,213.01
BUS,213,213.01
BUS,212.99,213
BUS,212.95,212.97
MSFT,212.94,212.95
BUS,212.91,212.96
BUS,212.89,213.01
BUS,212.88,212.89
BUS,212.86,212.87
AAPL,212.84,212.85
MSFT,212.84,212.92
AAPL,212.83,212.84
AAPL,212.78,212.8
BUS,212.76,212.77
BUS,212.66,212.73
BUS,212.65,212.71
BUS,212.63,212.68
BUS,212.6,212.7
MSFT,212.58,212.65
MSFT,212.58,212.65
BUS,212.54,212.55
AAPL,212.53,212.55
AAPL,212.51,212.55
AAPL,212.46,212.5
MSFT,212.45,212.46
MSFT,212.44,212.48
AAPL,212.41,212.42
AAPL,212.41,212.44
BUS,212.41,212.42
BUS,212.39,212.4
BUS,212.35,212.36
AAPL,212.34,212.41
BUS,212.33,212.34
BUS,212.32,212.33
MSFT,212.31,212.39
BUS,212.3,212.31
BUS,212.23,212.24
MSFT,212.22,212.25
BUS,212.16,212.17
BUS,212.14,212.15
BUS,212.12,212.18
BUS,212.09,212.13
BUS,212.08,212.09
BUS,212.01,212.36
BUS,212,212.01
BUS,212,212.03
BUS,211.96,211.98
BUS,211.94,211.95
BUS,211.92,212
BUS,211.91,211.92
BUS,211.91,211.92
BUS,211.9,211.92
BUS,211.87,211.94
BUS,211.86,211.87
BUS,211.86,211.87
BUS,211.83,211.84
BUS,211.81,211.83
BUS,211.8,211.84
MSFT,211.68,211.81
BUS,211.68,211.69
BUS,211.68,211.69
BUS,211.57,211.58
BUS,211.57,211.58
MSFT,211.52,211.6
BUS,211.51,211.52
BUS,211.49,211.5
MSFT,211.48,211.49
BUS,211.44,211.63
AAPL,211.41,211.45
MSFT,211.41,211.56
BUS,211.41,211.63
BUS,211.4,211.45
AAPL,211.34,211.36
BUS,211.33,211.5
BUS,211.33,211.36
BUS,211.31,211.32
BUS,211.31,211.36
BUS,211.31,211.36
BUS,211.27,211.29
BUS,211.26,211.5
AAPL,211.22,211.23
AAPL,211.21,211.24
AAPL,211.19,211.2
MSFT,211.18,211.22
AAPL,211.1,211.11
BUS,211.09,211.16
AAPL,211.06,211.08
BUS,211.06,211.07
MSFT,211.02,211.09
BUS,211.02,211.05
BUS,211.01,211.03
BUS,211.01,211.02
BUS,210.99,211
BUS,210.98,210.99
MSFT,210.97,211.02
BUS,210.96,211.04
BUS,210.96,211.04
BUS,210.94,210.98
BUS,210.94,210.98
BUS,210.91,211.03
BUS,210.82,210.89
BUS,210.8,210.86
AAPL,210.79,210.83
BUS,210.79,210.8
BUS,210.78,210.79
BUS,210.76,210.77
MSFT,210.69,210.7
BUS,210.65,210.66
BUS,210.64,210.65
BUS,210.63,210.75
MSFT,210.58,210.62
BUS,210.56,210.6
BUS,210.56,210.6
MSFT,210.51,210.52
BUS,210.46,210.7
MSFT,210.34,210.35
AAPL,210.33,210.66
MSFT,210.3,210.38
BUS,210.3,210.31
MSFT,210.24,210.29
AAPL,210.12,210.23
MSFT,210.12,210.15
MSFT,210.11,210.32
MSFT,210.09,210.15
BUS,210.09,210.17
AAPL,210.07,210.09
AAPL,210.06,210.15
BUS,210.06,210.12
AAPL,210.01,210.06
BUS,209.98,210
BUS,209.94,210.04
BUS,209.94,209.97
AAPL,209.93,209.95
BUS,209.89,209.96
BUS,209.86,210.14
BUS,209.86,209.92
BUS,209.82,209.83
AAPL,209.81,209.87
BUS,209.81,209.89
MSFT,209.8,209.81
BUS,209.79,209.85
BUS,209.78,210.06
AAPL,209.71,209.72
MSFT,209.7,209.75
BUS,209.7,209.81
BUS,209.67,209.68
AAPL,209.66,209.69
MSFT,209.61,209.69
BUS,209.45,209.46
BUS,209.43,209.46
BUS,209.41,209.42
BUS,209.4,209.41
BUS,209.34,209.35
BUS,209.31,209.32
BUS,209.29,209.3
BUS,209.28,209.35
BUS,209.23,209.28
AAPL,209.17,209.3
MSFT,209.17,209.29
BUS,209.17,209.26
AAPL,209.16,209.22
BUS,209.12,209.18
BUS,209.12,209.13
AAPL,209.07,209.08
BUS,209.03,209.04
BUS,209.03,209.04
AAPL,209.02,209.09
BUS,209.02,209.03
AAPL,209.01,209.08
BUS,208.93,208.94
MSFT,208.88,208.9
MSFT,208.84,208.85
BUS,208.78,208.79
BUS,208.77,208.78
MSFT,208.75,208.91
MSFT,208.7,208.72
BUS,208.7,208.71
AAPL,208.67,208.76
BUS,208.61,208.62
BUS,208.57,208.58
BUS,208.56,208.57
AAPL,208.54,208.55
BUS,208.53,208.6
BUS,208.51,208.52
BUS,208.39,208.4
BUS,208.3,208.31
BUS,208.29,208.41
BUS,208.29,208.33
MSFT,208.27,208.39
MSFT,208.25,208.33
MSFT,208.23,208.25
BUS,208.23,208.29
BUS,208.23,208.29
BUS,208.22,208.28
AAPL,208.2,208.28
BUS,208.19,208.2
BUS,208.18,208.19
AAPL,208.14,208.15
BUS,208.09,208.1
BUS,208.07,208.17
MSFT,208.05,208.06
BUS,207.97,207.98
BUS,207.95,207.96
BUS,207.94,207.96
BUS,207.93,207.94
BUS,207.86,207.93
BUS,207.86,207.87
MSFT,207.77,207.82
BUS,207.77,207.83
AAPL,207.7,207.86
BUS,207.64,207.65
AAPL,207.58,207.61
BUS,207.55,207.56
BUS,207.52,207.53
BUS,207.46,207.47
BUS,207.37,207.38
BUS,207.36,207.39
MSFT,207.32,207.37
BUS,207.28,207.29
BUS,207.28,207.32
BUS,207.24,207.25
BUS,207.21,207.22
MSFT,207.16,207.2
BUS,207.15,207.21
BUS,207.15,207.2
AAPL,207.14,207.15
BUS,207.13,207.14
AAPL,207.11,207.12
AAPL,207.11,207.14
BUS,207.11,207.3
BUS,207.09,207.1
BUS,207.04,207.08
MSFT,207.01,207.25
BUS,206.99,207
BUS,206.99,207.03
BUS,206.87,206.88
AAPL,206.86,206.87
BUS,206.79,206.8
BUS,206.78,206.79
BUS,206.78,206.79
BUS,206.75,206.76
BUS,206.73,206.74
BUS,206.71,206.72
BUS,206.6,206.65
BUS,206.57,206.58
BUS,206.52,206.53
BUS,206.39,206.44
BUS,206.34,206.39
BUS,206.28,206.33
BUS,206.27,206.28
BUS,206.19,206.21
BUS,206.19,206.21
MSFT,206.14,206.37
MSFT,206.14,206.37
MSFT,206.14,206.19
MSFT,206.11,206.12
BUS,206.03,206.07
BUS,206.02,206.03
BUS,205.95,205.96
BUS,205.88,205.91
BUS,205.81,205.82
MSFT,205.79,205.91
BUS,205.77,205.84
BUS,205.77,205.78
BUS,205.76,205.86
BUS,205.72,205.77
BUS,205.63,205.64
BUS,205.6,205.61
BUS,205.56,205.57
BUS,205.55,205.56
BUS,205.53,205.55
BUS,205.5,205.52
BUS,205.47,205.48
BUS,205.46,205.47
BUS,205.41,205.42
BUS,205.41,205.44
BUS,205.35,205.36
BUS,205.31,205.38
BUS,205.3,205.31
MSFT,205.29,205.38
MSFT,205.28,205.38
BUS,205.24,205.33
AAPL,205.2,205.29
BUS,205.15,205.16
BUS,205.14,205.15
BUS,205.12,205.34
BUS,205.11,205.13
MSFT,205.06,205.1
AAPL,205.05,205.12
BUS,205.04,205.05
BUS,205.04,205.05
BUS,204.95,204.96
MSFT,204.93,205.05
BUS,204.85,204.86
BUS,204.77,204.8
BUS,204.76,204.79
BUS,204.7,204.71
MSFT,204.66,204.68
BUS,204.64,204.7
BUS,204.64,204.72
BUS,204.58,204.6
BUS,204.57,204.59
BUS,204.57,204.58
MSFT,204.5,204.53
BUS,204.48,204.54
BUS,204.39,204.42
BUS,204.37,204.38
AAPL,204.32,204.44
BUS,204.27,204.32
BUS,204.27,204.32
BUS,204.17,204.19
BUS,204.17,204.19
BUS,204.13,204.19
BUS,204.08,204.09
MSFT,204.05,204.09
MSFT,204.03,204.08
AAPL,203.92,203.98
MSFT,203.91,203.93
BUS,203.89,203.9
BUS,203.89,203.9
MSFT,203.88,203.9
BUS,203.84,203.86
MSFT,203.78,203.85
BUS,203.75,203.76
BUS,203.66,203.75
BUS,203.6,203.62
BUS,203.6,203.62
BUS,203.6,203.62
MSFT,203.46,203.51
BUS,203.4,203.46
BUS,203.37,203.42
BUS,203.36,203.57
MSFT,203.33,203.38
BUS,203.32,203.41
BUS,203.32,203.33
AAPL,203.31,203.34
BUS,203.27,203.41
BUS,203.26,203.37
AAPL,203.25,203.35
BUS,203.25,203.26
BUS,203.21,203.22
BUS,203.2,203.29
MSFT,203.18,203.19
BUS,203.18,203.19
BUS,203.17,203.18
BUS,203.14,203.19
BUS,203.09,203.11
BUS,203.08,203.09
BUS,203.07,203.21
AAPL,203.03,203.06
BUS,203.01,203.03
MSFT,202.95,203
AAPL,202.92,202.95
MSFT,202.91,202.96
BUS,202.9,202.91
MSFT,202.87,202.88
BUS,202.83,202.84
AAPL,202.82,202.9
AAPL,202.75,202.77
BUS,202.73,202.75
BUS,202.65,202.66
AAPL,202.58,202.59
MSFT,202.58,202.64
MSFT,202.54,202.6
MSFT,202.52,202.59
BUS,202.52,202.53
MSFT,202.5,202.71
BUS,202.48,202.54
BUS,202.45,202.46
BUS,202.41,202.43
BUS,202.41,202.43
BUS,202.4,202.41
BUS,202.34,202.39
MSFT,202.31,202.33
AAPL,202.26,202.27
BUS,202.19,202.2
AAPL,202.04,202.05
AAPL,202.01,202.11
BUS,201.94,202.06
MSFT,201.91,201.94
BUS,201.91,201.92
BUS,201.88,201.96
BUS,201.86,201.89
BUS,201.84,201.85
AAPL,201.78,201.8
BUS,201.77,201.78
MSFT,201.74,201.88
BUS,201.74,201.76
BUS,201.74,201.84
BUS,201.7,201.71
AAPL,201.58,201.6
BUS,201.56,201.57
AAPL,201.55,201.56
BUS,201.47,201.54
BUS,201.46,201.47
BUS,201.46,201.47
BUS,201.43,201.44
AAPL,201.42,201.45
AAPL,201.36,201.38
BUS,201.33,201.4
MSFT,201.3,201.32
BUS,201.29,201.31
BUS,201.22,201.23
BUS,201.19,201.2
BUS,201.18,201.28
BUS,201.14,201.15
BUS,201.13,201.14
BUS,201.1,201.14
AAPL,201.06,201.12
BUS,201.02,201.07
BUS,200.97,201.03
AAPL,200.95,201.02
BUS,200.94,200.95
BUS,200.93,200.98
AAPL,200.92,200.93
BUS,200.9,200.92
BUS,200.86,200.87
BUS,200.86,200.87
BUS,200.77,200.78
BUS,200.76,200.77
BUS,200.68,200.69
BUS,200.66,200.71
AAPL,200.64,200.66
BUS,200.6,200.61
MSFT,200.59,200.72
AAPL,200.57,200.63
MSFT,200.57,200.58
BUS,200.57,200.58
BUS,200.54,200.55
BUS,200.5,200.51
BUS,200.44,200.46
AAPL,200.41,200.43
BUS,200.41,200.46
BUS,200.38,200.44
BUS,200.36,200.44
MSFT,200.34,200.37
AAPL,200.29,200.36
MSFT,200.28,200.31
BUS,200.24,200.25
BUS,200.23,200.24
AAPL,200.17,200.2
BUS,200.05,200.19
BUS,200,200.01
BUS,199.94,200.02
AAPL,199.93,199.95
BUS,199.62,199.63
BUS,199.58,199.59
BUS,199.57,199.61
AAPL,199.53,199.61
BUS,199.25,199.27
AAPL,199.19,199.2
BUS,199.04,199.05
BUS,199.01,199.12
BUS,198.98,199.07
AAPL,198.89,198.9
AAPL,198.84,198.85
BUS,198.77,198.78
AAPL,198.76,198.77
BUS,198.74,198.75
BUS,198.72,198.77
BUS,198.56,198.6
BUS,198.53,198.54
BUS,198.5,198.51
AAPL,198.47,198.54
BUS,198.45,198.46
BUS,198.45,198.46
MSFT,198.43,198.46
BUS,198.43,198.5
AAPL,198.41,198.45
BUS,198.4,198.41
AAPL,198.38,198.43
BUS,198.32,198.43
BUS,198.29,198.32
AAPL,198.14,198.16
BUS,198.12,198.13
BUS,198.05,198.08
AAPL,198.02,198.03
BUS,197.99,198
BUS,197.93,197.94
AAPL,197.87,197.89
MSFT,197.8,197.84
BUS,197.78,197.91
BUS,197.76,197.84
BUS,197.73,197.74
BUS,197.73,197.74
BUS,197.64,197.65
BUS,197.58,197.63
BUS,197.56,197.57
AAPL,197.41,197.49
BUS,197.41,197.45
BUS,197.24,197.25
AAPL,197.12,197.13
BUS,197.12,197.23
BUS,196.98,196.99
AAPL,196.92,196.93
AAPL,196.87,196.91
AAPL,196.87,196.98
AAPL,196.87,196.98
MSFT,196.83,196.84
BUS,196.68,196.69
BUS,196.56,196.57
BUS,196.48,196.49
AAPL,196.47,196.49
AAPL,196.45,196.46
BUS,196.4,196.45
MSFT,196.32,196.36
AAPL,196.23,196.25
AAPL,196.23,196.25
AAPL,196.22,196.23
MSFT,196.18,196.33
BUS,196.03,196.04
BUS,196.02,196.03
BUS,195.96,195.98
AAPL,195.88,195.89
AAPL,195.86,195.88
AAPL,195.81,195.85
AAPL,195.69,195.72
AAPL,195.6,195.61
BUS,195.6,195.64
AAPL,195.59,195.65
BUS,195.59,195.86
BUS,195.53,195.54
BUS,195.49,195.5
BUS,195.43,195.48
BUS,195.4,195.41
BUS,195.3,195.32
AAPL,195.26,195.34
AAPL,195.26,195.34
BUS,195.19,195.27
BUS,195.16,195.18
AAPL,195.15,195.16
BUS,195.09,195.13
AAPL,195.08,195.1
MSFT,195.03,195.04
BUS,194.94,194.95
AAPL,194.84,194.85
BUS,194.81,194.88
BUS,194.69,194.74
AAPL,194.68,194.7
AAPL,194.66,194.67
BUS,194.61,194.68
BUS,194.59,194.6
BUS,194.56,194.59
AAPL,194.51,194.52
AAPL,194.51,194.52
BUS,194.49,194.5
BUS,194.49,194.56
AAPL,194.47,194.49
BUS,194.43,194.44
AAPL,194.36,194.37
AAPL,194.29,194.31
AAPL,194.21,194.24
BUS,194.2,194.21
MSFT,194.19,194.2
AAPL,194.17,194.19
BUS,194.1,194.11
AAPL,194.07,194.09
BUS,194.03,194.13
AAPL,193.98,193.99
AAPL,193.87,193.89
AAPL,193.78,193.8
BUS,193.76,193.78
AAPL,193.7,193.75
MSFT,193.67,193.83
AAPL,193.62,193.63
BUS,193.58,193.6
AAPL,193.57,193.58
AAPL,193.53,193.66
AAPL,193.53,193.66
AAPL,193.49,193.51
BUS,193.33,193.34
AAPL,193.23,193.25
AAPL,193.19,193.2
AAPL,193.18,193.2
AAPL,193.14,193.19
AAPL,193.13,193.14
AAPL,193.04,193.06
AAPL,192.97,193.08
BUS,192.92,192.93
BUS,192.82,192.98
BUS,192.82,192.98
BUS,192.79,192.81
AAPL,192.72,192.76
BUS,192.6,192.61
AAPL,192.58,192.59
AAPL,192.49,192.54
AAPL,192.49,192.54
AAPL,192.47,192.48
AAPL,192.46,192.47
AAPL,192.46,192.47
BUS,192.45,192.53
AAPL,192.4,192.42
BUS,192.39,192.4
AAPL,192.36,192.38
AAPL,192.32,192.33
BUS,192.15,192.17
BUS,192.01,192.02
BUS,191.95,191.96
AAPL,191.93,191.94
BUS,191.83,191.87
BUS,191.82,191.88
AAPL,191.78,191.79
AAPL,191.76,191.78
BUS,191.72,191.74
BUS,191.7,191.86
AAPL,191.56,191.58
BUS,191.5,191.53
AAPL,191.49,191.51
BUS,191.42,191.43
BUS,191.39,191.41
BUS,191.39,191.41
AAPL,191.32,191.33
AAPL,191.3,191.31
AAPL,191.3,191.31
AAPL,191.29,191.32
BUS,191.26,191.3
AAPL,191.24,191.27
BUS,191.14,191.18
BUS,191.13,191.14
AAPL,191.07,191.08
AAPL,191,191.01
BUS,190.99,191
AAPL,190.97,190.98
BUS,190.79,190.84
BUS,190.75,190.76
AAPL,190.72,190.73
AAPL,190.71,190.72
BUS,190.66,190.67
AAPL,190.64,190.65
BUS,190.56,190.57
BUS,190.56,190.57
BUS,190.55,190.56
AAPL,190.53,190.54
AAPL,190.44,190.65
BUS,190.44,190.46
BUS,190.41,190.44
AAPL,190.38,190.39
AAPL,190.36,190.38
BUS,190.3,190.31
BUS,190.13,190.22
BUS,190.11,190.19
AAPL,190.09,190.11
AAPL,190,190.02
AAPL,190,190.02
AAPL,189.98,189.99
AAPL,189.94,189.98
AAPL,189.92,189.94
AAPL,189.9,189.91
BUS,189.85,189.91
AAPL,189.81,189.83
MSFT,189.78,189.82
AAPL,189.77,189.78
AAPL,189.76,189.77
AAPL,189.74,189.75
BUS,189.73,189.74
AAPL,189.72,189.74
AAPL,189.68,189.7
AAPL,189.59,189.61
BUS,189.57,189.58
BUS,189.5,189.51
BUS,189.49,189.5
AAPL,189.47,189.48
AAPL,189.47,189.48
AAPL,189.44,189.46
BUS,189.41,189.42
AAPL,189.4,189.41
BUS,189.39,189.42
AAPL,189.35,189.36
AAPL,189.28,189.29
AAPL,189.27,189.29
BUS,189.18,189.19
BUS,189.11,189.12
BUS,189.11,189.12
MSFT,189.09,189.25
BUS,189.07,189.2
BUS,189.04,189.15
BUS,189.03,189.05
BUS,189.02,189.04
BUS,188.93,188.94
BUS,188.92,188.93
BUS,188.89,188.91
BUS,188.86,188.87
BUS,188.84,188.85
AAPL,188.83,188.84
BUS,188.74,188.75
AAPL,188.72,188.71
MSFT,188.71,188.75
AAPL,188.62,188.64
BUS,188.62,188.63
BUS,188.49,188.5
BUS,188.49,188.53
BUS,188.4,188.41
BUS,188.38,188.42
AAPL,188.37,188.41
MSFT,188.35,188.42
AAPL,188.32,188.34
BUS,188.27,188.28
BUS,188.24,188.27
BUS,188.14,188.15
BUS,188.13,188.15
BUS,188.11,188.17
AAPL,188.1,188.11
AAPL,188.05,188.07
AAPL,188.04,188.05
BUS,188.04,188.11
AAPL,187.97,187.99
AAPL,187.87,187.89
BUS,187.87,187.89
BUS,187.86,187.89
BUS,187.82,187.83
BUS,187.79,187.82
BUS,187.76,187.77
BUS,187.75,187.84
MSFT,187.71,187.72
AAPL,187.67,187.68
AAPL,187.65,187.68
BUS,187.5,187.54
AAPL,187.44,187.45
AAPL,187.38,187.4
BUS,187.3,187.38
MSFT,187.27,187.29
MSFT,187.22,187.24
MSFT,187.2,187.26
AAPL,187.18,187.19
BUS,187.1,187.12
BUS,187.03,187.04
AAPL,186.96,186.97
AAPL,186.91,186.92
BUS,186.91,186.92
AAPL,186.89,186.9
BUS,186.88,186.92
BUS,186.87,186.9
BUS,186.87,186.9
BUS,186.86,186.94
BUS,186.84,186.9
BUS,186.76,186.81
BUS,186.7,186.71
AAPL,186.68,186.7
BUS,186.66,186.72
MSFT,186.64,186.72
BUS,186.62,186.63
BUS,186.48,186.49
BUS,186.44,186.47
AAPL,186.33,186.34
BUS,186.29,186.31
AAPL,186.28,186.29
BUS,186.28,186.31
BUS,186.25,186.26
MSFT,186.22,186.27
BUS,186.18,186.19
AAPL,186.14,186.15
BUS,186.1,186.11
BUS,186.08,186.17
AAPL,186.02,186.03
BUS,186.02,186.06
BUS,185.97,185.98
AAPL,185.91,185.92
AAPL,185.91,185.92
BUS,185.9,185.91
AAPL,185.83,185.87
BUS,185.82,185.87
BUS,185.78,185.79
BUS,185.7,185.71
BUS,185.67,185.7
MSFT,185.66,185.72
BUS,185.62,185.63
BUS,185.61,185.62
AAPL,185.58,185.59
AAPL,185.54,185.55
AAPL,185.52,185.53
BUS,185.51,185.52
BUS,185.5,185.54
BUS,185.47,185.52
BUS,185.45,185.46
BUS,185.42,185.46
BUS,185.38,185.39
MSFT,185.33,185.35
MSFT,185.33,185.35
AAPL,185.29,185.3
MSFT,185.27,185.36
AAPL,185.12,185.13
BUS,185.11,185.17
BUS,185.05,185.06
BUS,185.03,185.04
AAPL,185.02,185.03
AAPL,185.02,185.04
AAPL,185.01,185.02
AAPL,185.01,185.02
BUS,184.97,185.03
BUS,184.96,184.97
MSFT,184.94,185
BUS,184.9,184.91
MSFT,184.89,184.9
BUS,184.83,184.87
BUS,184.82,184.89
BUS,184.81,184.82
BUS,184.81,184.82
AAPL,184.77,184.78
BUS,184.77,184.88
MSFT,184.71,184.72
MSFT,184.68,184.74
AAPL,184.63,184.65
BUS,184.63,184.7
BUS,184.49,184.5
MSFT,184.43,184.44
BUS,184.4,184.41
BUS,184.4,184.41
AAPL,184.38,184.39
BUS,184.36,184.37
BUS,184.36,184.37
AAPL,184.35,184.38
MSFT,184.32,184.34
BUS,184.29,184.3
BUS,184.25,184.26
AAPL,184.24,184.25
AAPL,184.12,184.13
AAPL,184.02,184.05
BUS,184.01,184.02
AAPL,183.96,183.97
AAPL,183.95,183.96
AAPL,183.92,183.94
MSFT,183.91,183.94
AAPL,183.83,183.84
MSFT,183.72,183.76
BUS,183.72,183.73
BUS,183.72,183.75
MSFT,183.63,183.64
AAPL,183.6,183.61
MSFT,183.6,183.67
BUS,183.56,183.62
MSFT,183.51,183.58
MSFT,183.51,183.58
MSFT,183.5,183.57
MSFT,183.41,183.43
AAPL,183.39,183.41
MSFT,183.37,183.39
BUS,183.33,183.34
AAPL,183.31,183.32
BUS,183.24,183.28
MSFT,183.22,183.28
BUS,183.15,183.16
BUS,183.12,183.13
BUS,183.07,183.17
BUS,183.01,183.07
AAPL,182.99,183.01
MSFT,182.92,182.96
BUS,182.91,182.96
AAPL,182.9,182.91
AAPL,182.88,182.91
BUS,182.88,182.89
MSFT,182.85,182.86
BUS,182.81,182.82
AAPL,182.74,182.75
BUS,182.67,182.68
BUS,182.66,182.69
AAPL,182.65,182.66
AAPL,182.64,182.65
BUS,182.61,182.64
BUS,182.58,182.59
BUS,182.57,182.58
BUS,182.54,182.55
AAPL,182.51,182.52
MSFT,182.48,182.54
AAPL,182.43,182.44
BUS,182.41,182.42
BUS,182.37,182.41
AAPL,182.36,182.38
BUS,182.36,182.43
BUS,182.34,182.35
AAPL,182.32,182.33
BUS,182.32,182.33
MSFT,182.31,182.33
AAPL,182.29,182.3
AAPL,182.29,182.3
BUS,182.25,182.36
BUS,182.23,182.25
BUS,182.05,182.11
AAPL,182,182.01
AAPL,181.99,182
BUS,181.98,181.99
BUS,181.96,182.02
BUS,181.96,182.02
AAPL,181.91,181.92
AAPL,181.87,181.9
BUS,181.8,181.81
MSFT,181.73,181.81
AAPL,181.7,181.71
BUS,181.68,181.75
AAPL,181.61,181.63
MSFT,181.57,181.64
AAPL,181.52,181.59
AAPL,181.42,181.43
BUS,181.39,181.43
MSFT,181.31,181.32
BUS,181.29,181.3
BUS,181.26,181.29
AAPL,181.17,181.19
AAPL,181.14,181.17
AAPL,181.13,181.15
BUS,181.1,181.11
BUS,181.06,181.09
AAPL,181.04,181.06
BUS,181.03,181.09
AAPL,180.94,180.96
BUS,180.88,180.89
BUS,180.83,180.84
BUS,180.8,180.81
BUS,180.77,180.78
MSFT,180.76,180.77
BUS,180.76,180.9
BUS,180.76,180.9
BUS,180.76,180.77
AAPL,180.73,180.75
AAPL,180.72,180.73
BUS,180.62,180.67
BUS,180.59,180.68
AAPL,180.54,180.56
MSFT,180.53,180.61
BUS,180.48,180.49
BUS,180.44,180.45
BUS,180.4,180.41
BUS,180.34,180.35
AAPL,180.31,180.33
BUS,180.29,180.34
AAPL,180.21,180.22
BUS,180.2,180.21
BUS,180.18,180.19
MSFT,180.12,180.14
AAPL,180.1,180.11
BUS,180.06,180.07
BUS,179.99,180
BUS,179.99,180
BUS,179.97,179.98
BUS,179.95,179.96
MSFT,179.92,179.94
BUS,179.92,179.93
BUS,179.91,179.92
BUS,179.85,179.87
BUS,179.85,179.91
AAPL,179.8,179.81
BUS,179.8,179.81
BUS,179.78,179.8
MSFT,179.75,179.78
AAPL,179.73,179.75
BUS,179.68,179.72
AAPL,179.66,179.71
BUS,179.65,179.66
AAPL,179.63,179.64
BUS,179.63,179.64
AAPL,179.6,179.61
AAPL,179.51,179.52
BUS,179.51,179.52
AAPL,179.49,179.5
BUS,179.43,179.44
BUS,179.4,179.45
AAPL,179.38,179.46
AAPL,179.38,179.39
BUS,179.38,179.39
AAPL,179.37,179.38
BUS,179.37,179.4
AAPL,179.3,179.31
AAPL,179.29,179.3
BUS,179.25,179.36
MSFT,179.19,179.22
BUS,179.17,179.21
AAPL,179.15,179.16
BUS,179.12,179.15
BUS,179.12,179.15
BUS,179.1,179.11
AAPL,179.09,179.1
BUS,179.07,179.08
BUS,179.06,179.12
BUS,179.02,179.03
BUS,179.01,179.08
AAPL,178.99,179
AAPL,178.99,179
BUS,178.91,178.95
AAPL,178.87,178.88
BUS,178.86,178.87
BUS,178.84,178.86
MSFT,178.83,178.85
AAPL,178.78,178.81
BUS,178.78,178.79
BUS,178.72,178.8
BUS,178.71,178.77
AAPL,178.67,178.68
AAPL,178.66,178.67
AAPL,178.6,178.61
MSFT,178.55,178.56
MSFT,178.55,178.69
BUS,178.51,178.52
BUS,178.51,178.52
BUS,178.49,178.56
BUS,178.49,178.51
AAPL,178.46,178.47
BUS,178.45,178.51
BUS,178.44,178.45
AAPL,178.41,178.42
BUS,178.41,178.43
BUS,178.41,178.42
BUS,178.38,178.45
BUS,178.38,178.51
BUS,178.35,178.43
BUS,178.3,178.31
BUS,178.29,178.34
BUS,178.29,178.3
AAPL,178.21,178.26
BUS,178.21,178.27
AAPL,178.19,178.2
BUS,178.19,178.2
AAPL,178.18,178.19
BUS,178.14,178.15
BUS,178.09,178.1
BUS,178.07,178.08
AAPL,178.01,178.02
AAPL,177.98,177.99
BUS,177.97,177.98
AAPL,177.85,177.89
BUS,177.83,177.84
AAPL,177.82,177.83
AAPL,177.77,177.78
BUS,177.76,177.77
BUS,177.76,177.77
BUS,177.71,177.73
BUS,177.67,177.74
AAPL,177.66,177.79
AAPL,177.59,177.62
AAPL,177.55,177.56
BUS,177.52,177.58
AAPL,177.48,177.49
AAPL,177.47,177.48
BUS,177.45,177.48
AAPL,177.42,177.43
BUS,177.37,177.53
AAPL,177.33,177.35
BUS,177.25,177.28
BUS,177.24,177.33
AAPL,177.21,177.24
AAPL,177.12,177.14
MSFT,177.12,177.29
BUS,177.1,177.12
MSFT,177.04,177.08
BUS,177,177.01
BUS,177,177.07
BUS,177,177.07
BUS,176.93,176.94
BUS,176.79,176.8
BUS,176.76,176.79
BUS,176.74,176.75
AAPL,176.63,176.64
BUS,176.63,176.64
AAPL,176.55,176.56
AAPL,176.55,176.57
BUS,176.51,176.61
BUS,176.5,176.54
BUS,176.47,176.52
BUS,176.45,176.47
BUS,176.43,176.46
AAPL,176.31,176.33
BUS,176.31,176.36
AAPL,176.3,176.31
BUS,176.3,176.31
BUS,176.28,176.29
BUS,176.25,176.26
AAPL,176.23,176.28
AAPL,176.2,176.28
AAPL,176.2,176.28
BUS,176.18,176.19
AAPL,176.08,176.1
AAPL,176.06,176.08
BUS,176.03,176.04
BUS,175.97,176.02
BUS,175.92,175.95
BUS,175.85,175.86
AAPL,175.81,175.98
AAPL,175.81,175.84
AAPL,175.8,175.82
BUS,175.79,175.85
AAPL,175.76,175.84
AAPL,175.72,175.73
BUS,175.64,175.66
AAPL,175.63,175.64
AAPL,175.59,175.6
AAPL,175.57,175.61
BUS,175.57,175.62
BUS,175.52,175.53
AAPL,175.48,175.49
BUS,175.46,175.47
AAPL,175.45,175.46
BUS,175.44,175.51
AAPL,175.38,175.39
AAPL,175.38,175.39
BUS,175.35,175.4
BUS,175.26,175.27
BUS,175.26,175.27
AAPL,175.19,175.21
BUS,175.14,175.2
BUS,175.14,175.15
AAPL,175.08,175.09
AAPL,175.08,175.1
BUS,175.08,175.12
AAPL,175.06,175.07
AAPL,175.04,175.08
AAPL,175.04,175.05
BUS,175.03,175.04
AAPL,175,175.12
BUS,175,175.03
BUS,175,175.03
MSFT,174.99,175.04
AAPL,174.97,174.98
BUS,174.95,174.96
AAPL,174.93,174.96
BUS,174.92,174.93
BUS,174.92,174.93
BUS,174.86,175.16
BUS,174.85,175
AAPL,174.81,174.82
BUS,174.81,174.96
AAPL,174.78,174.9
AAPL,174.77,174.81
BUS,174.76,174.77
BUS,174.74,174.82
AAPL,174.72,174.73
BUS,174.7,174.71
BUS,174.68,174.69
AAPL,174.67,174.68
BUS,174.64,174.65
BUS,174.63,174.72
AAPL,174.61,174.63
MMM,174.59,174.6
AAPL,174.58,174.62
AAPL,174.58,174.9
AAPL,174.57,174.61
MSFT,174.53,174.54
BUS,174.53,174.59
BUS,174.53,174.59
MSFT,174.5,174.78
AAPL,174.49,174.5
MSFT,174.38,174.39
AAPL,174.33,174.34
BUS,174.32,174.38
AAPL,174.24,174.26
AAPL,174.2,174.21
AAPL,174.19,174.26
AAPL,174.16,174.18
BUS,174.16,174.42
AAPL,174.09,174.1
MSFT,174.03,174.05
AAPL,173.97,173.99
AAPL,173.92,173.93
AAPL,173.9,173.92
BUS,173.87,173.93
AAPL,173.81,173.84
BUS,173.78,173.79
BUS,173.77,173.79
AAPL,173.74,173.75
BUS,173.74,173.75
BUS,173.74,173.75
AAPL,173.7,173.73
MSFT,173.7,173.71
BUS,173.69,173.8
BUS,173.66,173.7
AAPL,173.65,173.66
AAPL,173.62,173.63
BUS,173.56,173.62
AAPL,173.55,173.56
BUS,173.54,173.55
AAPL,173.52,173.53
AAPL,173.52,173.56
MSFT,173.49,173.52
BUS,173.47,173.49
BUS,173.43,173.45
AAPL,173.4,173.41
MMM,173.4,173.41
AAPL,173.39,173.4
BUS,173.37,173.38
MMM,173.335,173.343
BUS,173.28,173.3
BUS,173.24,173.25
AAPL,173.22,173.23
BUS,173.21,173.27
AAPL,173.18,173.19
BUS,173.13,173.14
MMM,173.09,173.12
AAPL,173.08,173.09
AAPL,173.08,173.11
BUS,173.08,173.09
BUS,173.06,173.2
AAPL,173.05,173.07
AAPL,173.05,173.07
BUS,173.05,173.16
AAPL,173.02,173.03
AAPL,173.01,173.17
AAPL,172.99,173
BUS,172.95,172.96
AAPL,172.94,173.01
AAPL,172.93,172.96
BUS,172.89,172.95
AAPL,172.84,172.85
MMM,172.81,172.82
BUS,172.81,172.83
MSFT,172.8,172.85
BUS,172.8,172.81
AAPL,172.78,172.79
AAPL,172.75,172.85
AAPL,172.74,172.8
MSFT,172.73,172.75
BUS,172.69,172.76
AAPL,172.68,172.69
BUS,172.66,172.67
BUS,172.66,172.67
AAPL,172.63,172.65
MMM,172.59,172.6
BUS,172.56,172.57
AAPL,172.55,172.6
AAPL,172.55,172.57
BUS,172.55,172.61
AAPL,172.54,172.57
BUS,172.47,172.5
AAPL,172.46,172.47
AAPL,172.31,172.39
AAPL,172.26,172.33
BUS,172.26,172.28
AAPL,172.25,172.32
MMM,172.248,172.273
AAPL,172.24,172.26
AAPL,172.22,172.35
BUS,172.2,172.24
BUS,172.2,172.28
BUS,172.2,172.35
AAPL,172.19,172.25
AAPL,172.17,172.33
AAPL,172.16,172.21
AAPL,172.13,172.15
AAPL,172.13,172.14
BUS,172.1,172.11
BUS,172.09,172.11
AAPL,172.08,172.09
MMM,172.08,172.14
BUS,172.08,172.09
BUS,172.02,172.03
BUS,172.01,172.15
AAPL,172,172.01
BUS,171.9,171.91
AAPL,171.89,171.9
MSFT,171.87,171.95
AAPL,171.84,171.86
BUS,171.83,171.84
BUS,171.82,171.83
AAPL,171.78,171.8
BUS,171.77,171.82
BUS,171.77,171.82
MMM,171.76,171.82
MMM,171.76,171.82
BUS,171.75,171.79
AAPL,171.67,171.72
BUS,171.66,171.73
MMM,171.59,171.6
AAPL,171.54,171.59
AAPL,171.52,171.55
AAPL,171.51,171.52
MMM,171.5,171.54
MMM,171.5,171.56
AAPL,171.48,171.49
AAPL,171.48,171.49
BUS,171.44,171.45
MMM,171.437,171.487
AAPL,171.39,171.4
MSFT,171.35,171.42
AAPL,171.2,171.21
AAPL,171.18,171.22
AAPL,171.17,171.18
BUS,171.11,171.28
AAPL,171.09,171.1
MMM,171.06,171.08
MMM,171.02,171.03
BUS,171.02,171.03
BUS,171.02,171.03
BUS,170.99,171
AAPL,170.92,170.95
MSFT,170.88,170.89
BUS,170.86,171.13
BUS,170.86,171.13
AAPL,170.85,170.86
MMM,170.827,170.919
BUS,170.81,170.82
BUS,170.78,170.86
AAPL,170.75,170.77
MMM,170.74,170.75
MMM,170.74,170.75
AAPL,170.73,170.74
AAPL,170.68,170.69
AAPL,170.6,170.7
BUS,170.59,170.6
BUS,170.59,170.6
MMM,170.54,170.61
BUS,170.54,170.55
MMM,170.53,170.54
MSFT,170.53,170.55
BUS,170.52,170.53
BUS,170.48,170.5
AAPL,170.42,170.43
AAPL,170.37,170.39
MMM,170.325,170.359
MMM,170.3,170.334
MMM,170.258,170.275
AAPL,170.23,170.24
BUS,170.23,170.24
MMM,170.21,170.28
MMM,170.191,170.217
AAPL,170.18,170.25
MSFT,170.17,170.2
AAPL,170.16,170.17
MSFT,170.16,170.17
BUS,170.16,170.17
BUS,170.13,170.21
BUS,170.13,170.2
BUS,170.12,170.13
AAPL,170.11,170.13
AAPL,170.1,170.14
BUS,170.1,170.11
BUS,170.07,170.1
AAPL,170.02,170.07
MMM,170.007,170.066
AAPL,170,170.01
MMM,169.97,169.99
BUS,169.97,169.98
MMM,169.966,170.024
BUS,169.95,169.96
BUS,169.93,170
BUS,169.93,169.97
BUS,169.9,169.91
AAPL,169.88,169.91
AAPL,169.84,169.91
AAPL,169.84,169.91
MMM,169.84,169.982
BUS,169.84,169.85
MMM,169.832,169.924
AAPL,169.8,169.82
MMM,169.798,169.857
MSFT,169.79,169.8
MMM,169.773,169.782
MMM,169.757,169.849
MMM,169.757,169.849
MMM,169.748,169.79
AAPL,169.69,169.69
AAPL,169.69,169.7
AAPL,169.66,169.67
MMM,169.65,169.69
BUS,169.65,169.66
BUS,169.63,169.64
MMM,169.581,169.648
AAPL,169.57,169.62
AAPL,169.55,169.56
BUS,169.55,169.56
MMM,169.497,169.673
BUS,169.48,169.49
MMM,169.456,169.506
MMM,169.397,169.447
MMM,169.389,169.447
MMM,169.38,169.42
MMM,169.347,169.364
AAPL,169.33,169.35
AAPL,169.29,169.3
AAPL,169.29,169.33
BUS,169.27,169.37
MMM,169.26,169.27
AAPL,169.23,169.24
MMM,169.188,169.23
BUS,169.17,169.18
MMM,169.138,169.188
AAPL,169.12,169.14
BUS,169.09,169.13
BUS,169.08,169.09
MMM,169.079,169.138
BUS,169.07,169.11
BUS,169,169.02
AAPL,168.97,168.99
AAPL,168.95,168.97
AAPL,168.93,168.94
BUS,168.93,168.94
AAPL,168.91,168.96
AAPL,168.9,169.13
MMM,168.9,168.92
BUS,168.87,168.88
AAPL,168.86,168.88
AAPL,168.82,168.84
BUS,168.8,168.88
MMM,168.77,168.862
BUS,168.77,168.78
BUS,168.74,168.75
MMM,168.72,168.73
BUS,168.64,168.7
MMM,168.62,168.77
MMM,168.611,168.845
BUS,168.61,168.62
MMM,168.6,168.66
AAPL,168.54,168.55
MMM,168.536,168.569
MMM,168.511,168.586
AAPL,168.5,168.54
AAPL,168.47,168.49
MMM,168.469,168.511
MMM,168.44,168.49
AAPL,168.43,168.51
AAPL,168.4,168.41
MMM,168.394,168.402
BUS,168.39,168.45
MMM,168.369,168.477
MMM,168.335,168.394
MMM,168.33,168.35
AAPL,168.28,168.29
BUS,168.2,168.21
MSFT,168.18,168.19
MMM,168.1,168.16
MMM,168.076,168.085
BUS,168.07,168.08
MSFT,168.05,168.06
MMM,168.034,168.051
MMM,168.018,168.059
AAPL,168,168.01
BUS,167.96,168
MMM,167.959,168.043
MMM,167.94,167.98
BUS,167.92,168
BUS,167.9,167.94
MMM,167.892,167.901
BUS,167.89,167.9
BUS,167.86,167.87
BUS,167.86,167.88
MMM,167.85,167.859
BUS,167.79,167.8
AAPL,167.73,167.76
MMM,167.725,167.733
MMM,167.7,167.742
MMM,167.7,167.78
MMM,167.7,167.78
MMM,167.692,167.7
MMM,167.67,167.72
MSFT,167.67,167.68
AAPL,167.64,167.66
AAPL,167.63,167.66
MMM,167.62,167.66
AAPL,167.6,167.62
BUS,167.59,167.64
AAPL,167.58,167.59
MMM,167.58,167.63
MMM,167.516,167.725
AAPL,167.47,167.49
AAPL,167.46,167.47
MMM,167.45,167.46
BUS,167.45,167.46
BUS,167.4,167.55
AAPL,167.37,167.6
AAPL,167.37,167.6
BUS,167.37,167.45
BUS,167.34,167.39
BUS,167.33,167.35
BUS,167.27,167.32
AAPL,167.23,167.24
BUS,167.22,167.23
AAPL,167.21,167.24
BUS,167.21,167.22
BUS,167.19,167.2
MMM,167.16,167.23
MMM,167.156,167.198
BUS,167.15,167.18
MMM,167.123,167.182
MMM,167.123,167.182
MMM,167.081,167.09
BUS,167.06,167.07
MMM,167.03,167.07
BUS,167.02,167.1
AAPL,167.01,167.05
MSFT,167.01,167.06
MSFT,167.01,167.06
BUS,166.91,166.92
AAPL,166.9,166.92
MMM,166.872,166.881
MMM,166.855,166.864
MMM,166.839,166.847
BUS,166.83,166.85
MMM,166.8,166.81
AAPL,166.74,166.76
MSFT,166.72,166.73
MMM,166.697,166.772
MMM,166.672,166.688
AAPL,166.65,166.66
MMM,166.63,166.67
BUS,166.61,166.63
MMM,166.58,166.59
MMM,166.538,166.588
AAPL,166.52,166.55
BUS,166.5,166.55
MSFT,166.49,166.52
MMM,166.463,166.479
AAPL,166.45,166.46
MMM,166.43,166.49
MMM,166.429,166.437
MMM,166.42,166.44
MMM,166.41,166.5
MMM,166.387,166.396
AAPL,166.33,166.35
MMM,166.29,166.35
MMM,166.27,166.279
BUS,166.25,166.26
AAPL,166.24,166.31
MSFT,166.23,166.24
AAPL,166.22,166.23
MMM,166.21,166.23
MSFT,166.2,166.21
MMM,166.13,166.18
AAPL,166.12,166.15
AAPL,166.12,166.13
AAPL,166.1,166.11
BUS,166.1,166.21
MMM,166.044,166.145
MMM,166.028,166.053
MMM,165.994,166.053
MMM,165.969,166.078
BUS,165.96,165.97
BUS,165.95,165.99
BUS,165.89,165.93
AAPL,165.85,165.88
AAPL,165.81,165.82
MMM,165.785,165.794
AAPL,165.78,165.79
AAPL,165.78,165.79
MMM,165.735,165.794
MMM,165.7,165.75
MMM,165.685,165.777
MMM,165.68,165.69
MSFT,165.68,165.7
MMM,165.677,165.685
MMM,165.66,165.72
AAPL,165.64,165.66
MMM,165.635,165.652
AAPL,165.58,165.6
MMM,165.52,165.53
MMM,165.501,165.543
MSFT,165.5,165.51
MMM,165.493,165.509
MSFT,165.46,165.47
AAPL,165.43,165.44
BUS,165.4,165.43
AAPL,165.37,165.38
MMM,165.367,165.417
MMM,165.367,165.376
AAPL,165.35,165.36
BUS,165.35,165.36
AAPL,165.34,165.35
MMM,165.31,165.32
AAPL,165.28,165.31
AAPL,165.28,165.29
AAPL,165.28,165.29
AAPL,165.27,165.28
MMM,165.26,165.31
MSFT,165.26,165.27
MMM,165.23,165.27
AAPL,165.2,165.23
MMM,165.19,165.24
MSFT,165.19,165.21
MSFT,165.19,165.21
BUS,165.17,165.37
MMM,165.158,165.175
MMM,165.15,165.158
MMM,165.142,165.15
AAPL,165.1,165.13
MSFT,165.1,165.13
BUS,165.1,165.11
AAPL,165.09,165.11
MMM,165.09,165.13
MMM,165.066,165.075
MMM,165.06,165.16
MMM,165.058,165.133
MMM,165.03,165.06
BUS,165.03,165.08
MSFT,165.02,165.04
AAPL,165.01,165.02
BUS,165.01,165.03
BUS,164.95,164.96
AAPL,164.92,164.93
AAPL,164.92,164.96
BUS,164.9,164.96
AAPL,164.88,164.89
AAPL,164.83,164.88
AAPL,164.82,164.84
MMM,164.81,164.84
MMM,164.732,164.949
AAPL,164.64,164.65
AAPL,164.64,164.65
AAPL,164.63,164.65
MMM,164.55,164.62
MMM,164.548,164.632
MMM,164.523,164.673
MMM,164.52,164.57
BUS,164.52,164.53
BUS,164.51,164.55
MMM,164.498,164.581
AAPL,164.49,164.53
BUS,164.33,164.38
AAPL,164.32,164.34
MMM,164.305,164.314
MSFT,164.3,164.38
MMM,164.289,164.314
MMM,164.28,164.289
MMM,164.24,164.3
BUS,164.23,164.27
BUS,164.19,164.2
MMM,164.15,164.17
BUS,164.13,164.21
AAPL,164.01,164.07
MMM,163.996,164.004
AAPL,163.94,163.96
MMM,163.92,163.96
MMM,163.87,163.9
BUS,163.87,163.9
MMM,163.854,163.904
MMM,163.829,163.963
AAPL,163.8,163.82
AAPL,163.79,163.93
AAPL,163.74,163.76
MMM,163.72,163.76
AAPL,163.7,163.72
MMM,163.687,163.779
AAPL,163.65,163.66
MMM,163.61,163.62
BUS,163.61,163.62
BUS,163.6,163.61
MMM,163.578,163.67
BUS,163.49,163.54
MSFT,163.48,163.49
AAPL,163.45,163.46
MMM,163.336,163.394
BUS,163.33,163.35
MMM,163.294,163.311
MSFT,163.28,163.29
MSFT,163.28,163.29
BUS,163.24,163.33
BUS,163.22,163.23
BUS,163.22,163.23
MMM,163.21,163.227
BUS,163.21,163.22
MMM,163.2,163.23
AAPL,163.17,163.22
AAPL,163.15,163.18
MMM,163.135,163.152
MMM,163.093,163.16
MMM,163.043,163.06
MMM,163.035,163.043
MMM,162.993,163.076
BUS,162.96,162.97
MMM,162.943,163.076
AAPL,162.91,162.98
MMM,162.901,162.943
MMM,162.892,162.934
MMM,162.892,163.001
MMM,162.87,162.89
BUS,162.86,162.91
AAPL,162.85,162.89
MMM,162.826,162.834
MMM,162.792,162.809
BUS,162.78,162.83
MMM,162.759,162.792
MMM,162.75,162.801
MMM,162.68,162.69
AAPL,162.66,162.77
MMM,162.575,162.642
AAPL,162.57,162.58
MMM,162.525,162.558
MMM,162.525,162.558
MMM,162.491,162.508
BUS,162.45,162.46
AAPL,162.36,162.38
AAPL,162.33,162.41
MSFT,162.26,162.27
MMM,162.232,162.282
BUS,162.2,162.21
BUS,162.2,162.21
BUS,162.18,162.19
MMM,162.15,162.2
MSFT,162.14,162.15
AAPL,162.13,162.25
BUS,162.13,162.24
MMM,162.11,162.24
MSFT,162.11,162.12
MSFT,162.08,162.11
MMM,162.06,162.09
AAPL,162.02,162.03
BUS,161.99,162.02
AAPL,161.94,161.99
AAPL,161.94,161.99
MMM,161.94,162.01
BUS,161.9,161.95
BUS,161.87,161.88
AAPL,161.84,161.85
BUS,161.83,161.9
BUS,161.83,161.9
AAPL,161.82,161.87
MMM,161.77,161.79
MMM,161.76,161.78
BUS,161.73,161.74
MMM,161.72,161.76
MMM,161.705,161.714
AAPL,161.57,161.58
BUS,161.55,161.56
MSFT,161.54,161.57
BUS,161.48,161.48
MMM,161.471,161.663
MMM,161.454,161.48
MMM,161.45,161.48
AAPL,161.41,161.42
AAPL,161.37,161.38
MSFT,161.3,161.33
BUS,161.24,161.27
MMM,161.17,161.19
MMM,161.112,161.179
MMM,161.112,161.179
BUS,161.09,161.19
MMM,161.087,161.404
AAPL,161.08,161.16
BUS,161.03,161.1
MSFT,161.02,161.03
AAPL,160.99,161
BUS,160.96,160.97
MMM,160.87,160.88
AAPL,160.8,160.82
BUS,160.8,160.81
MMM,160.794,160.819
AAPL,160.78,160.79
BUS,160.73,160.74
MSFT,160.7,160.73
BUS,160.65,160.66
MMM,160.57,160.62
AAPL,160.56,160.57
AAPL,160.56,160.63
MMM,160.55,160.56
MMM,160.34,160.41
MMM,160.34,160.41
MSFT,160.3,160.32
BUS,160.29,160.3
AAPL,160.26,160.27
BUS,160.25,160.26
MMM,160.142,160.192
BUS,160.14,160.23
MMM,160.13,160.2
MSFT,160.13,160.14
AAPL,160.12,160.14
MMM,160.11,160.14
MMM,160.1,160.12
MMM,160.1,160.12
AAPL,160.07,160.17
BUS,160.06,160.07
BUS,160.04,160.06
AAPL,159.98,159.99
MMM,159.95,159.99
BUS,159.86,159.87
BUS,159.83,159.84
AAPL,159.79,159.94
MMM,159.674,159.715
BUS,159.66,159.67
AAPL,159.61,159.75
AAPL,159.59,159.64
MMM,159.52,159.54
AAPL,159.48,159.49
MMM,159.44,159.45
MMM,159.389,159.54
AAPL,159.36,159.41
BUS,159.35,159.41
BUS,159.34,159.35
AAPL,159.3,159.37
BUS,159.25,159.31
BUS,159.2,159.21
MMM,159.18,159.19
BUS,159.13,159.14
AAPL,159.09,159.2
MSFT,159.02,159.03
BUS,159.01,159.02
BUS,158.96,158.97
AAPL,158.91,158.92
AAPL,158.89,158.9
MSFT,158.84,158.85
BUS,158.8,158.81
MMM,158.78,158.81
BUS,158.73,158.74
MMM,158.67,158.74
BUS,158.63,158.64
MMM,158.6,158.64
MSFT,158.59,158.6
BUS,158.48,158.49
MMM,158.47,158.54
AAPL,158.46,158.52
MMM,158.403,158.411
BUS,158.39,158.4
MMM,158.378,158.419
AAPL,158.29,158.31
BUS,158.2,158.23
BUS,158.16,158.2
MMM,158.02,158.06
MSFT,158,158.02
BUS,158,158.01
AAPL,157.96,157.99
MMM,157.9,157.91
MMM,157.89,157.9
AAPL,157.88,157.96
MMM,157.88,157.89
AAPL,157.87,157.9
AAPL,157.81,157.82
BUS,157.81,157.81
MMM,157.776,157.784
BUS,157.76,157.77
BUS,157.69,157.88
BUS,157.69,157.7
AAPL,157.66,157.67
AAPL,157.66,157.67
MSFT,157.64,157.7
MMM,157.57,157.58
MSFT,157.57,157.59
BUS,157.53,157.57
MSFT,157.48,157.52
AAPL,157.46,157.47
MMM,157.45,157.51
MMM,157.433,157.458
MMM,157.416,157.458
MMM,157.36,157.37
AAPL,157.35,157.37
AAPL,157.34,157.35
AAPL,157.28,157.38
AAPL,157.28,157.36
AAPL,157.17,157.18
BUS,157.17,157.18
BUS,157.1,157.18
MMM,157.09,157.115
BUS,157.04,157.05
BUS,156.96,156.98
BUS,156.94,156.95
AAPL,156.92,156.94
AAPL,156.8,156.81
BUS,156.79,156.8
BUS,156.76,156.8
AAPL,156.75,156.81
BUS,156.71,156.72
AAPL,156.7,156.71
AAPL,156.7,156.72
BUS,156.68,156.7
MMM,156.67,156.68
BUS,156.66,156.67
MMM,156.63,156.7
MMM,156.62,156.66
AAPL,156.61,156.88
MMM,156.61,156.62
BUS,156.58,156.59
MMM,156.57,156.58
MMM,156.53,156.54
AAPL,156.48,156.6
MMM,156.46,156.47
BUS,156.38,156.43
BUS,156.37,156.38
BUS,156.35,156.36
MMM,156.34,156.36
MMM,156.3,156.33
BUS,156.28,156.29
BUS,156.24,156.25
MMM,156.221,156.229
MMM,156.18,156.2
MSFT,156.11,156.13
BUS,156.07,156.12
BUS,156.05,156.06
BUS,156.01,156.09
MMM,156.003,156.145
MMM,155.97,156.02
MMM,155.97,155.99
MMM,155.97,156.06
BUS,155.95,155.97
MMM,155.92,155.93
MMM,155.92,155.98
MMM,155.92,155.94
AAPL,155.91,155.92
AAPL,155.89,155.91
MMM,155.87,155.88
AAPL,155.85,155.86
AAPL,155.85,155.86
MMM,155.82,155.83
BUS,155.82,155.88
BUS,155.82,155.83
MMM,155.8,155.81
BUS,155.77,155.88
AAPL,155.7,155.71
MMM,155.62,155.68
MMM,155.57,155.62
MMM,155.57,155.62
BUS,155.57,155.63
MMM,155.54,155.56
BUS,155.54,155.55
BUS,155.5,155.51
AAPL,155.37,155.38
MMM,155.36,155.37
AAPL,155.35,155.36
MMM,155.33,155.34
AAPL,155.31,155.32
MMM,155.31,155.37
BUS,155.3,155.44
MMM,155.29,155.33
BUS,155.28,155.29
MMM,155.259,155.401
MMM,155.25,155.26
MSFT,155.25,155.26
BUS,155.23,155.29
MMM,155.21,155.25
BUS,155.2,155.21
BUS,155.17,155.18
MMM,155.167,155.176
BUS,155.16,155.17
MMM,155.14,155.17
MMM,155.13,155.16
AAPL,155.11,155.12
MMM,155.09,155.17
AAPL,155.05,155.06
BUS,154.99,155
BUS,154.98,155.04
BUS,154.96,155
AAPL,154.95,155.16
MMM,154.883,154.891
BUS,154.87,154.88
BUS,154.82,154.88
BUS,154.8,154.85
AAPL,154.73,154.8
MMM,154.72,154.79
MMM,154.7,154.71
BUS,154.67,154.68
BUS,154.65,154.66
AAPL,154.63,154.66
MMM,154.607,154.615
BUS,154.59,154.6
MMM,154.56,154.6
AAPL,154.53,154.54
AAPL,154.53,154.54
MMM,154.52,154.53
AAPL,154.49,154.5
BUS,154.48,154.49
AAPL,154.47,154.49
AAPL,154.47,154.48
BUS,154.45,154.46
MMM,154.39,154.41
MMM,154.38,154.42
MMM,154.32,154.33
AAPL,154.31,154.38
AAPL,154.31,154.38
MMM,154.273,154.314
MMM,154.26,154.27
BUS,154.24,154.29
MMM,154.231,154.273
MMM,154.222,154.365
BUS,154.22,154.27
BUS,154.21,154.25
AAPL,154.14,154.16
MMM,154.13,154.14
BUS,154.13,154.14
MMM,154.11,154.13
AAPL,154.1,154.12
MMM,154.03,154.08
MMM,154.022,154.055
BUS,154,154.01
MMM,153.97,153.98
MMM,153.96,154
BUS,153.89,153.9
AAPL,153.87,153.89
MMM,153.85,153.86
AAPL,153.84,153.85
AAPL,153.84,153.85
MMM,153.83,153.84
MSFT,153.82,153.9
BUS,153.73,153.77
BUS,153.71,153.72
AAPL,153.7,153.71
AAPL,153.7,153.71
AAPL,153.69,153.73
MMM,153.69,153.7
BUS,153.66,153.73
BUS,153.63,153.64
MMM,153.587,153.629
MMM,153.579,153.637
MMM,153.55,153.56
MMM,153.54,153.55
MSFT,153.54,153.59
AAPL,153.49,153.62
MMM,153.47,153.5
AAPL,153.45,153.46
MMM,153.38,153.41
MMM,153.35,153.38
MMM,153.35,153.36
BUS,153.33,153.34
MMM,153.319,153.361
MMM,153.319,153.345
MMM,153.3,153.31
MMM,153.29,153.4
BUS,153.28,153.29
MMM,153.269,153.345
MMM,153.261,153.286
MMM,153.21,153.22
MMM,153.16,153.22
MMM,153.13,153.14
MMM,153.13,153.2
AAPL,153.11,153.14
AAPL,153.09,153.1
BUS,153.08,153.09
MMM,153.06,153.07
AAPL,153.03,153.04
MMM,153.01,153.02
AAPL,152.99,153
MMM,152.98,152.99
AAPL,152.97,152.98
BUS,152.97,153.05
MMM,152.94,153
MMM,152.94,153
BUS,152.9,152.95
AAPL,152.89,152.9
MMM,152.82,152.87
MMM,152.81,152.82
MMM,152.743,152.751
MMM,152.74,152.75
MMM,152.73,152.78
MMM,152.72,152.78
AAPL,152.69,152.71
MMM,152.66,152.67
MMM,152.65,152.66
MMM,152.55,152.676
MMM,152.55,152.57
AAPL,152.54,152.55
AAPL,152.53,152.55
AAPL,152.53,152.55
MMM,152.525,152.584
MMM,152.517,152.525
AAPL,152.51,152.51
MMM,152.508,152.517
MMM,152.49,152.51
MMM,152.48,152.51
BUS,152.44,152.45
MMM,152.425,152.442
AAPL,152.42,152.54
BUS,152.42,152.44
BUS,152.42,152.43
BUS,152.42,152.43
MMM,152.4,152.41
AAPL,152.38,152.39
AAPL,152.35,152.36
MMM,152.35,152.358
MMM,152.299,152.35
MMM,152.29,152.34
BUS,152.27,152.33
MMM,152.258,152.266
BUS,152.23,152.24
MMM,152.22,152.23
MMM,152.141,152.166
AAPL,152.14,152.15
MMM,152.12,152.13
MMM,152.107,152.115
MMM,152.1,152.11
BUS,152.04,152.04
MMM,151.99,151.998
MMM,151.99,152
MMM,151.982,151.998
AAPL,151.94,151.96
MMM,151.94,151.957
MMM,151.94,152.01
MSFT,151.94,152.03
BUS,151.88,151.89
BUS,151.88,151.89
MMM,151.87,151.88
AAPL,151.83,151.86
MMM,151.8,151.84
BUS,151.8,151.81
BUS,151.8,151.81
MMM,151.773,151.806
BUS,151.77,151.78
MMM,151.764,151.781
MMM,151.76,151.77
MMM,151.756,151.764
AAPL,151.75,151.76
MMM,151.714,151.723
MMM,151.714,151.723
AAPL,151.68,151.69
MMM,151.65,151.66
MMM,151.61,151.67
MMM,151.58,151.605
MMM,151.572,151.58
AAPL,151.57,151.62
AAPL,151.55,151.56
MMM,151.539,151.547
MMM,151.5,151.51
MMM,151.5,151.51
BUS,151.49,151.64
AAPL,151.48,151.49
MMM,151.422,151.472
MMM,151.405,151.413
MMM,151.4,151.5
MMM,151.396,151.48
MMM,151.39,151.4
MMM,151.36,151.41
BUS,151.36,151.37
MMM,151.338,151.346
MMM,151.33,151.338
MMM,151.32,151.33
AAPL,151.31,151.38
MMM,151.28,151.34
MMM,151.279,151.33
AAPL,151.24,151.28
MMM,151.229,151.271
BUS,151.22,151.25
MMM,151.204,151.229
AAPL,151.2,151.23
MMM,151.2,151.24
MMM,151.162,151.221
MMM,151.162,151.171
AAPL,151.12,151.13
AAPL,151.11,151.14
AAPL,151.11,151.14
AAPL,151.1,151.11
MMM,151.09,151.2
MMM,151.08,151.12
MMM,151.045,151.129
BUS,151.04,151.05
MMM,151.029,151.037
AAPL,151.01,151.02
BUS,151,151.01
AAPL,150.99,151
MMM,150.987,151.02
AAPL,150.97,150.98
AAPL,150.96,150.97
MMM,150.96,151.01
AAPL,150.92,150.93
MMM,150.92,150.937
BUS,150.92,150.93
MMM,150.91,150.92
BUS,150.9,150.91
MMM,150.89,150.9
AAPL,150.87,150.88
MMM,150.853,150.886
MMM,150.85,150.86
AAPL,150.82,150.86
MMM,150.79,150.8
MMM,150.753,150.761
AAPL,150.75,150.81
AAPL,150.74,150.77
BUS,150.73,150.74
MMM,150.71,150.72
BUS,150.71,150.72
MMM,150.661,150.669
MMM,150.652,150.669
AAPL,150.62,150.64
MSFT,150.62,150.63
AAPL,150.56,150.57
MMM,150.552,150.56
AAPL,150.54,150.56
MMM,150.54,150.55
BUS,150.54,150.56
AAPL,150.51,150.53
MMM,150.49,150.51
BUS,150.48,150.55
MMM,150.46,150.494
MMM,150.46,150.47
AAPL,150.45,150.45
AAPL,150.45,150.46
AAPL,150.43,150.45
MMM,150.4,150.41
MMM,150.393,150.418
MMM,150.36,150.393
MMM,150.35,150.36
MMM,150.35,150.36
MMM,150.335,150.343
MMM,150.293,150.301
MMM,150.27,150.28
MMM,150.25,150.26
MMM,150.234,150.243
AAPL,150.22,150.26
AAPL,150.21,150.25
MMM,150.15,150.18
AAPL,150.14,150.25
MMM,150.14,150.15
MMM,150.126,150.159
AAPL,150.06,150.07
MMM,150.06,150.07
MMM,150.05,150.067
MMM,150.042,150.075
MMM,150.034,150.042
AAPL,150.02,150.04
AAPL,149.99,150
MMM,149.983,150
AAPL,149.96,150
MMM,149.95,149.96
MMM,149.892,149.992
MMM,149.89,149.9
MMM,149.89,149.9
MMM,149.875,149.9
MMM,149.87,149.96
BUS,149.8,149.88
AAPL,149.79,149.8
AAPL,149.77,149.8
BUS,149.75,149.76
MMM,149.71,149.72
AAPL,149.69,149.71
MMM,149.69,149.7
MMM,149.69,149.7
MMM,149.666,149.674
AAPL,149.64,149.65
AAPL,149.64,149.65
MMM,149.64,149.65
AAPL,149.63,149.7
AAPL,149.62,149.63
MSFT,149.61,149.68
AAPL,149.6,149.62
MMM,149.591,149.632
AAPL,149.56,149.57
AAPL,149.51,149.52
MMM,149.5,149.51
BUS,149.5,149.51
MMM,149.499,149.507
AAPL,149.44,149.46
MMM,149.43,149.52
MMM,149.415,149.457
MMM,149.415,149.457
AAPL,149.41,149.42
MMM,149.4,149.41
MMM,149.398,149.44
MMM,149.398,149.44
MMM,149.382,149.398
BUS,149.37,149.38
AAPL,149.34,149.35
MMM,149.34,149.35
MMM,149.331,149.54
MMM,149.306,149.34
BUS,149.28,149.29
AAPL,149.26,149.29
AAPL,149.25,149.26
BUS,149.25,149.27
BUS,149.25,149.26
MMM,149.239,149.248
AAPL,149.21,149.22
MMM,149.18,149.19
MMM,149.173,149.181
MMM,149.164,149.173
MMM,149.164,149.181
MMM,149.139,149.181
MMM,149.11,149.12
BUS,149.11,149.12
MMM,149.1,149.11
MMM,149.1,149.13
AAPL,149.09,149.1
AAPL,149.08,149.1
MMM,149.07,149.08
MMM,149.064,149.081
MMM,149.055,149.097
MMM,149.04,149.07
BUS,149.04,149.07
MMM,149.014,149.047
AAPL,149,149.03
AAPL,148.98,149
AAPL,148.96,148.97
BUS,148.95,148.98
MMM,148.947,148.955
MMM,148.94,148.95
AAPL,148.93,148.94
BUS,148.9,148.91
AAPL,148.88,148.89
MMM,148.88,148.972
MMM,148.87,148.88
BUS,148.86,148.92
MMM,148.855,148.905
AAPL,148.85,148.86
AAPL,148.84,148.86
MMM,148.821,148.83
MMM,148.81,148.82
MMM,148.79,148.84
AAPL,148.78,148.79
AAPL,148.77,148.79
AAPL,148.76,148.84
MMM,148.76,148.77
MMM,148.721,148.729
AAPL,148.7,148.71
AAPL,148.68,148.69
MMM,148.679,148.696
MMM,148.679,148.713
AAPL,148.66,148.68
MMM,148.66,148.67
AAPL,148.64,148.65
BUS,148.61,148.62
MMM,148.604,148.629
MMM,148.596,148.604
AAPL,148.57,148.6
MMM,148.57,148.59
MMM,148.57,148.59
AAPL,148.56,148.57
MMM,148.554,148.562
MMM,148.52,148.571
MMM,148.52,148.571
MMM,148.504,148.612
BUS,148.5,148.59
MMM,148.495,148.529
AAPL,148.48,148.51
AAPL,148.47,148.48
AAPL,148.47,148.48
AAPL,148.46,148.48
MMM,148.44,148.46
MMM,148.44,148.48
BUS,148.4,148.43
MMM,148.395,148.495
AAPL,148.37,148.37
AAPL,148.37,148.4
MMM,148.37,148.437
MMM,148.345,148.353
AAPL,148.33,148.35
MSFT,148.33,148.34
MMM,148.25,148.3
MMM,148.203,148.211
BUS,148.19,148.28
AAPL,148.17,148.19
BUS,148.17,148.27
MMM,148.169,148.178
MMM,148.16,148.17
MMM,148.144,148.186
AAPL,148.14,148.19
AAPL,148.14,148.17
BUS,148.13,148.23
MMM,148.094,148.102
MMM,148.052,148.077
MMM,148.035,148.077
MMM,148.035,148.077
MMM,148.019,148.069
AAPL,148.01,148.03
MMM,148.01,148.04
MMM,148.002,148.052
AAPL,148,148.01
AAPL,148,148.03
AAPL,147.91,147.93
AAPL,147.91,147.92
MMM,147.9,147.91
MMM,147.877,147.943
AAPL,147.87,147.88
MMM,147.85,147.88
MMM,147.81,147.893
AAPL,147.8,147.81
MMM,147.76,147.78
MMM,147.734,147.751
MMM,147.718,147.776
BUS,147.71,147.76
MMM,147.7,147.71
MMM,147.69,147.7
MMM,147.684,147.785
MMM,147.66,147.67
MMM,147.66,147.67
BUS,147.66,147.7
MMM,147.651,147.659
MMM,147.64,147.68
MMM,147.64,147.68
MMM,147.634,147.676
MMM,147.601,147.668
MMM,147.59,147.63
MMM,147.59,147.6
MMM,147.567,147.642
AAPL,147.53,147.56
MMM,147.5,147.709
MMM,147.475,147.5
MMM,147.46,147.47
MMM,147.433,147.5
MMM,147.392,147.408
AAPL,147.39,147.4
BUS,147.35,147.44
AAPL,147.34,147.36
BUS,147.33,147.34
BUS,147.3,147.31
AAPL,147.26,147.33
MMM,147.258,147.333
MMM,147.25,147.275
MMM,147.233,147.275
MMM,147.2,147.21
MMM,147.183,147.216
MMM,147.183,147.233
BUS,147.15,147.18
AAPL,147.14,147.15
BUS,147.14,147.16
BUS,147.13,147.14
MMM,147.099,147.107
AAPL,147.09,147.13
AAPL,147.05,147.06
AAPL,147.03,147.04
MMM,147.007,147.107
MMM,146.957,146.965
AAPL,146.94,146.95
MMM,146.92,146.93
AAPL,146.91,146.94
MMM,146.9,146.92
MMM,146.88,146.89
MSFT,146.85,146.92
MMM,146.831,146.865
MMM,146.823,146.873
MMM,146.8,146.81
MMM,146.798,146.873
AAPL,146.79,146.8
AAPL,146.78,146.81
AAPL,146.77,146.81
MMM,146.765,146.823
MMM,146.765,146.79
AAPL,146.74,146.75
BUS,146.73,146.9
AAPL,146.71,146.72
MMM,146.706,146.756
MMM,146.681,146.698
AAPL,146.67,146.7
MMM,146.67,146.68
MMM,146.664,146.773
MMM,146.65,146.67
BUS,146.65,146.72
BUS,146.62,146.65
AAPL,146.6,146.62
AAPL,146.58,146.61
MMM,146.58,146.59
MMM,146.57,146.59
MSFT,146.56,146.57
AAPL,146.54,146.55
MMM,146.54,146.56
MMM,146.5,146.52
MMM,146.43,146.44
MMM,146.422,146.581
AAPL,146.41,146.42
AAPL,146.36,146.39
AAPL,146.36,146.37
MMM,146.347,146.363
AAPL,146.34,146.35
MMM,146.305,146.472
MMM,146.271,146.288
MMM,146.271,146.288
MMM,146.27,146.28
MMM,146.24,146.31
AAPL,146.16,146.17
AAPL,146.14,146.15
MMM,146.14,146.15
MMM,146.138,146.171
AAPL,146.13,146.14
BUS,146.13,146.14
MMM,146.112,146.121
AAPL,146.09,146.14
AAPL,146.08,146.09
MMM,146.079,146.121
AAPL,146.06,146.07
MMM,146.046,146.071
MMM,146.037,146.138
MMM,146.037,146.138
MMM,146.02,146.171
MMM,146.02,146.03
MMM,146.004,146.146
AAPL,146,146.03
BUS,146,146.01
MMM,145.962,146.004
MMM,145.96,145.99
MMM,145.94,145.96
BUS,145.94,145.95
AAPL,145.92,145.95
AAPL,145.92,145.95
MMM,145.912,146.004
MMM,145.912,146.004
AAPL,145.89,145.9
BUS,145.88,145.89
AAPL,145.87,145.89
AAPL,145.86,145.93
AAPL,145.82,145.83
MMM,145.75,145.77
BUS,145.72,145.72
MMM,145.7,145.78
AAPL,145.68,145.7
AAPL,145.61,145.63
AAPL,145.61,145.62
BUS,145.6,145.61
MMM,145.594,145.653
MMM,145.569,145.736
MMM,145.552,145.661
AAPL,145.54,145.56
AAPL,145.51,145.52
MMM,145.51,145.52
AAPL,145.49,145.5
AAPL,145.48,145.49
MMM,145.47,145.48
MMM,145.469,145.502
AAPL,145.43,145.46
MMM,145.393,145.494
AAPL,145.39,145.4
AAPL,145.38,145.4
AAPL,145.36,145.39
MMM,145.36,145.452
AAPL,145.31,145.34
MMM,145.293,145.385
MMM,145.243,145.251
MMM,145.21,145.26
MMM,145.2,145.25
BUS,145.2,145.21
MMM,145.176,145.268
MMM,145.13,145.14
MMM,145.084,145.101
AAPL,145.08,145.11
MMM,145.07,145.09
MMM,145.067,145.084
MMM,145.06,145.07
AAPL,145,145.01
AAPL,144.98,144.99
AAPL,144.97,145
MMM,144.94,145
AAPL,144.9,144.91
BUS,144.89,144.92
MMM,144.84,144.87
AAPL,144.82,144.84
MMM,144.81,144.82
BUS,144.79,144.8
MMM,144.75,144.76
MMM,144.683,144.716
AAPL,144.58,144.6
MMM,144.574,144.582
MMM,144.557,144.641
MMM,144.54,144.55
MMM,144.54,144.55
MMM,144.532,144.582
AAPL,144.5,144.51
AAPL,144.49,144.5
MMM,144.49,144.5
MMM,144.474,144.549
MMM,144.39,144.4
MMM,144.348,144.399
MMM,144.34,144.348
MMM,144.34,144.35
BUS,144.3,144.39
MMM,144.298,144.307
AAPL,144.29,144.3
MMM,144.29,144.315
BUS,144.29,144.36
MMM,144.22,144.23
AAPL,144.2,144.23
MMM,144.189,144.198
MMM,144.139,144.189
MMM,144.123,144.131
MMM,144.05,144.06
MMM,143.95,143.96
AAPL,143.91,143.94
BUS,143.91,143.92
AAPL,143.9,143.91
BUS,143.89,143.9
MMM,143.88,143.92
AAPL,143.79,143.8
MMM,143.771,143.822
AAPL,143.75,143.76
AAPL,143.73,143.75
BUS,143.7,143.71
MMM,143.688,143.822
MMM,143.671,143.688
BUS,143.58,143.59
MMM,143.454,143.479
MMM,143.412,143.42
BUS,143.41,143.42
AAPL,143.4,143.41
BUS,143.39,143.4
AAPL,143.32,143.33
AAPL,143.31,143.32
AAPL,143.28,143.29
BUS,143.23,143.24
MMM,143.228,143.303
AAPL,143.2,143.23
AAPL,143.18,143.19
AAPL,143.14,143.15
AAPL,143.02,143.04
MMM,143.01,143.04
AAPL,142.99,143.02
AAPL,142.97,143
AAPL,142.95,142.96
MMM,142.935,142.944
AAPL,142.91,142.94
AAPL,142.91,142.94
MMM,142.894,142.927
AAPL,142.88,142.9
AAPL,142.84,142.87
MMM,142.84,142.85
AAPL,142.8,142.81
MMM,142.751,142.76
MMM,142.73,142.75
MMM,142.726,142.81
AAPL,142.66,142.67
MMM,142.659,142.668
MSFT,142.63,142.67
AAPL,142.6,142.61
MMM,142.6,142.61
MMM,142.593,142.601
AAPL,142.59,142.6
BUS,142.58,142.59
AAPL,142.55,142.59
AAPL,142.52,142.53
AAPL,142.5,142.53
MMM,142.5,142.51
MMM,142.5,142.51
MMM,142.5,142.51
AAPL,142.48,142.65
MMM,142.47,142.52
AAPL,142.44,142.45
AAPL,142.43,142.58
MMM,142.409,142.45
AAPL,142.4,142.41
MMM,142.333,142.4
MMM,142.3,142.31
MMM,142.25,142.409
MMM,142.25,142.258
MMM,142.216,142.258
MMM,142.2,142.258
AAPL,142.19,142.2
MMM,142.16,142.17
MSFT,142.13,142.34
MMM,142.09,142.1
BUS,142.09,142.1
AAPL,142.01,142.02
AAPL,141.97,141.98
MMM,141.966,142.058
MMM,141.915,141.949
AAPL,141.9,141.93
MMM,141.865,141.874
MMM,141.865,141.89
AAPL,141.85,141.87
AAPL,141.79,141.83
MMM,141.731,141.798
MMM,141.723,141.748
MMM,141.715,141.723
AAPL,141.71,141.72
BUS,141.61,141.65
AAPL,141.59,141.6
MMM,141.57,141.63
MMM,141.539,141.656
MMM,141.514,141.547
BUS,141.5,141.51
MMM,141.456,141.539
AAPL,141.44,141.46
MMM,141.389,141.397
MMM,141.372,141.422
MMM,141.364,141.414
MMM,141.33,141.355
AAPL,141.32,141.35
MMM,141.297,141.405
BUS,141.28,141.32
AAPL,141.15,141.16
MMM,141.15,141.16
AAPL,141.1,141.11
AAPL,141.09,141.1
MMM,141.08,141.1
MMM,141.012,141.071
MMM,140.99,141
MMM,140.99,141
BUS,140.99,141
AAPL,140.95,140.97
AAPL,140.93,140.94
BUS,140.86,140.87
MMM,140.828,140.837
AAPL,140.82,140.83
MMM,140.79,140.8
BUS,140.79,140.81
MMM,140.787,140.795
AAPL,140.7,140.71
AAPL,140.4,140.5
BUS,140.39,140.46
AAPL,140.35,140.4
MMM,140.218,140.268
BUS,140.18,140.19
AAPL,140.1,140.14
BUS,140.1,140.12
BUS,139.97,140.01
MMM,139.967,139.976
BUS,139.94,139.99
AAPL,139.92,139.96
AAPL,139.92,139.96
BUS,139.89,139.9
BUS,139.89,139.9
MMM,139.85,139.867
MMM,139.71,139.72
BUS,139.7,139.72
BUS,139.6,139.61
MMM,139.591,139.599
MMM,139.507,139.516
AAPL,139.5,139.51
BUS,139.44,139.45
MMM,139.4,139.41
MMM,139.374,139.441
MMM,139.332,139.34
MMM,139.324,139.332
MMM,139.265,139.273
MMM,139.248,139.365
AAPL,139.23,139.26
MMM,139.215,139.248
BUS,139.21,139.22
MMM,139.19,139.198
AAPL,139.17,139.2
MMM,139.17,139.18
BUS,139.16,139.24
MMM,139.131,139.19
BUS,139.06,139.12
BUS,139.03,139.04
MMM,138.997,139.048
MMM,138.981,139.081
BUS,138.97,138.98
AAPL,138.95,138.98
AAPL,138.94,138.95
MMM,138.931,139.031
AAPL,138.93,138.97
AAPL,138.93,138.94
AAPL,138.93,138.94
MMM,138.922,139.039
MMM,138.92,138.95
AAPL,138.88,138.89
MMM,138.855,138.872
BUS,138.85,138.86
MMM,138.82,138.83
MMM,138.797,138.805
MSFT,138.76,138.8
BUS,138.72,138.78
BUS,138.7,138.71
MMM,138.68,138.722
BUS,138.66,138.67
MMM,138.596,138.605
MMM,138.596,138.605
MMM,138.54,138.55
MMM,138.538,138.579
MMM,138.504,138.521
BUS,138.43,138.44
MMM,138.421,138.429
BUS,138.42,138.45
AAPL,138.39,138.4
AAPL,138.38,138.51
MMM,138.34,138.35
MMM,138.337,138.421
MMM,138.337,138.421
AAPL,138.29,138.3
MMM,138.278,138.379
AAPL,138.24,138.25
MMM,138.145,138.153
MMM,138.13,138.14
BUS,138.12,138.16
AAPL,138.08,138.09
MMM,137.96,137.98
MMM,137.95,137.96
MMM,137.88,137.92
AAPL,137.83,137.91
BUS,137.8,137.86
MMM,137.79,137.8
MMM,137.777,137.785
MMM,137.676,137.71
AAPL,137.59,137.63
BUS,137.55,137.56
BUS,137.55,137.56
BUS,137.5,137.51
BUS,137.48,137.49
MMM,137.442,137.451
AAPL,137.44,137.45
AAPL,137.39,137.4
MMM,137.384,137.434
MMM,137.334,137.342
AAPL,137.31,137.34
MMM,137.28,137.29
AAPL,137.27,137.28
MMM,137.26,137.31
MMM,137.25,137.28
MMM,137.22,137.23
MMM,137.183,137.217
AAPL,137.12,137.13
MMM,137.1,137.108
MMM,137.07,137.08
BUS,137.07,137.1
AAPL,137.04,137.09
MMM,137.033,137.041
BUS,136.99,137
MMM,136.966,137.024
MMM,136.941,136.949
AAPL,136.92,136.94
AAPL,136.9,136.91
BUS,136.88,136.91
AAPL,136.86,136.87
MMM,136.815,136.857
AAPL,136.76,136.77
AAPL,136.76,136.82
MSFT,136.76,136.77
BUS,136.75,136.8
MMM,136.723,136.732
AAPL,136.72,136.74
BUS,136.68,136.69
BUS,136.68,136.69
MMM,136.65,136.66
MMM,136.648,136.656
MMM,136.61,136.62
MMM,136.598,136.648
BUS,136.58,136.62
AAPL,136.48,136.49
MMM,136.447,136.581
MMM,136.422,136.456
MMM,136.38,136.39
MMM,136.38,136.39
MMM,136.372,136.447
MMM,136.372,136.381
MMM,136.364,136.372
MMM,136.347,136.406
AAPL,136.32,136.33
BUS,136.31,136.37
BUS,136.29,136.31
MMM,136.272,136.297
MMM,136.255,136.314
BUS,136.19,136.2
MMM,136.188,136.23
MMM,136.18,136.197
MMM,136.172,136.238
MMM,136.063,136.071
MMM,136.01,136.02
AAPL,135.99,136
MMM,135.95,135.96
AAPL,135.92,135.93
MMM,135.88,135.89
AAPL,135.86,135.87
MMM,135.854,135.887
MMM,135.82,135.862
MMM,135.787,135.82
MMM,135.78,135.8
MMM,135.77,135.787
MMM,135.74,135.75
MMM,135.728,135.779
MMM,135.687,135.695
MMM,135.68,135.69
MMM,135.67,135.68
MMM,135.578,135.636
MSFT,135.56,135.69
MMM,135.444,135.453
AAPL,135.42,135.45
MMM,135.42,135.43
AAPL,135.41,135.44
MSFT,135.41,135.42
AAPL,135.37,135.38
AAPL,135.37,135.38
AAPL,135.35,135.37
AAPL,135.3,135.32
MMM,135.29,135.3
AAPL,135.27,135.3
BUS,135.26,135.42
MMM,135.24,135.25
MMM,135.202,135.21
AAPL,135.2,135.21
MMM,135.16,135.243
MMM,135.14,135.15
AAPL,135.12,135.13
MMM,135,135.01
AAPL,134.98,134.99
MMM,134.976,134.984
MMM,134.909,134.917
AAPL,134.89,134.93
BUS,134.87,134.94
AAPL,134.86,134.89
AAPL,134.85,134.86
MMM,134.85,134.86
MMM,134.82,134.84
MMM,134.81,134.83
MMM,134.76,134.78
MMM,134.759,134.767
MMM,134.75,134.76
MMM,134.742,134.792
AAPL,134.74,134.75
AAPL,134.73,134.75
AAPL,134.7,134.71
AAPL,134.7,134.71
MMM,134.68,134.69
MMM,134.68,134.69
MMM,134.66,134.67
MMM,134.59,134.6
MMM,134.58,134.59
MMM,134.575,134.591
MMM,134.575,134.591
MMM,134.575,134.692
AAPL,134.51,134.55
MMM,134.5,134.51
MMM,134.5,134.51
AAPL,134.49,134.5
MMM,134.41,134.44
AAPL,134.4,134.41
MMM,134.366,134.374
AAPL,134.35,134.39
AAPL,134.3,134.32
AAPL,134.17,134.21
MMM,134.148,134.19
AAPL,134.14,134.16
AAPL,134.1,134.11
BUS,134.1,134.18
MMM,134.09,134.123
MMM,134.081,134.115
MMM,134.006,134.056
BUS,133.98,133.99
AAPL,133.97,133.98
BUS,133.96,133.97
MMM,133.91,133.92
AAPL,133.9,133.91
WMT,133.89,133.91
WMT,133.89,133.91
MMM,133.889,133.897
MMM,133.872,133.939
MMM,133.864,133.931
MMM,133.84,133.86
MMM,133.831,133.839
MMM,133.73,133.739
BUS,133.72,133.73
AAPL,133.71,133.72
AAPL,133.71,133.87
BUS,133.71,133.72
AAPL,133.69,133.7
MMM,133.672,133.68
WMT,133.64,133.68
MMM,133.638,133.672
MMM,133.61,133.62
MMM,133.588,133.613
MMM,133.58,133.59
MMM,133.546,133.563
MMM,133.546,133.555
MMM,133.504,133.58
AAPL,133.49,133.5
MMM,133.49,133.5
BUS,133.49,133.53
AAPL,133.48,133.49
AAPL,133.47,133.49
AAPL,133.39,133.4
MMM,133.387,133.396
AAPL,133.38,133.39
BUS,133.38,133.39
BUS,133.37,133.4
BUS,133.36,133.37
MMM,133.354,133.362
MMM,133.35,133.36
MMM,133.34,133.35
BUS,133.31,133.39
BUS,133.3,133.31
BUS,133.28,133.29
MMM,133.22,133.229
MMM,133.195,133.203
BUS,133.19,133.33
MMM,133.178,133.229
MMM,133.17,133.18
AAPL,133.16,133.17
AAPL,133.12,133.13
MMM,133.103,133.112
AAPL,133.1,133.12
MMM,133.09,133.1
MMM,133.07,133.08
MMM,133.061,133.078
MMM,133.06,133.07
AAPL,132.99,133
MMM,132.96,132.98
MMM,132.94,132.95
BUS,132.94,132.95
MMM,132.93,132.95
AAPL,132.85,132.87
MMM,132.82,132.83
MMM,132.802,132.836
MMM,132.76,132.794
MMM,132.75,132.76
MMM,132.685,132.693
MMM,132.643,132.652
AAPL,132.58,132.61
AAPL,132.58,132.61
MMM,132.576,132.585
MMM,132.551,132.61
AAPL,132.55,132.56
MMM,132.493,132.501
MMM,132.48,132.49
MMM,132.48,132.49
BUS,132.39,132.4
MMM,132.376,132.418
AAPL,132.35,132.37
MMM,132.34,132.35
MMM,132.326,132.484
AAPL,132.29,132.3
AAPL,132.29,132.3
MMM,132.267,132.376
AAPL,132.23,132.26
BUS,132.22,132.23
BUS,132.22,132.23
MMM,132.183,132.259
BUS,132.18,132.27
BUS,132.18,132.24
AAPL,132.11,132.15
MMM,132.091,132.125
MMM,132.09,132.11
BUS,132.04,132.07
MMM,132.033,132.066
MMM,132.03,132.05
WMT,132.03,132.03
AAPL,131.98,131.99
MMM,131.974,131.991
AAPL,131.97,132
AAPL,131.97,132
AAPL,131.97,131.98
AAPL,131.94,131.95
MMM,131.924,131.941
MMM,131.899,131.974
WMT,131.89,131.91
AAPL,131.88,131.89
MMM,131.86,131.87
AAPL,131.85,131.86
AAPL,131.85,131.86
AAPL,131.84,131.88
BUS,131.84,131.88
AAPL,131.8,131.83
AAPL,131.78,131.79
MMM,131.765,131.799
MMM,131.72,131.73
MMM,131.69,131.699
MMM,131.6,131.61
WMT,131.59,131.6
AAPL,131.55,131.58
AAPL,131.55,131.58
BUS,131.53,131.54
MMM,131.523,131.548
AAPL,131.51,131.55
MMM,131.51,131.52
MMM,131.464,131.473
MMM,131.45,131.46
MMM,131.4,131.41
BUS,131.4,131.46
BUS,131.38,131.39
MMM,131.37,131.4
MMM,131.314,131.322
MMM,131.314,131.322
BUS,131.28,131.29
AAPL,131.25,131.26
MMM,131.23,131.24
MMM,131.21,131.22
AAPL,131.18,131.38
MMM,131.172,131.272
WMT,131.17,131.18
MMM,131.15,131.16
MMM,131.088,131.097
AAPL,130.95,130.96
AAPL,130.95,130.96
MMM,130.946,131.005
MMM,130.913,130.921
BUS,130.9,131
AAPL,130.88,130.89
MMM,130.86,130.87
AAPL,130.85,130.86
AAPL,130.84,130.85
WMT,130.81,130.82
AAPL,130.74,130.75
MMM,130.737,130.745
MMM,130.729,130.762
MMM,130.695,130.72
MMM,130.637,130.645
BUS,130.61,130.62
BUS,130.52,130.84
MMM,130.5,130.51
BUS,130.49,130.5
AAPL,130.48,130.49
BUS,130.48,130.49
MMM,130.45,130.46
MMM,130.428,130.444
MMM,130.42,130.43
AAPL,130.4,130.42
AAPL,130.37,130.38
WMT,130.35,130.36
MMM,130.34,130.35
MMM,130.3,130.31
MMM,130.29,130.31
MMM,130.28,130.29
MMM,130.277,130.419
MMM,130.24,130.31
MMM,130.24,130.31
AAPL,130.19,130.21
MMM,130.19,130.21
MMM,130.19,130.21
AAPL,130.18,130.19
MMM,130.18,130.19
MMM,130.17,130.18
AAPL,130.14,130.15
MMM,130.13,130.14
MMM,130.118,130.152
AAPL,130.1,130.11
MMM,130.08,130.09
MMM,130.068,130.077
AAPL,130.04,130.07
WMT,130.04,130.07
MMM,130.01,130.018
WMT,129.95,129.97
MMM,129.943,129.959
AAPL,129.91,129.94
AAPL,129.91,129.94
MMM,129.9,129.91
WMT,129.89,129.92
MMM,129.868,129.876
MMM,129.84,129.85
AAPL,129.83,129.87
MMM,129.817,129.893
MMM,129.79,129.8
BUS,129.79,129.8
MMM,129.77,129.78
MMM,129.76,129.77
AAPL,129.74,129.75
MMM,129.74,129.75
AAPL,129.73,129.74
AAPL,129.71,129.74
MMM,129.68,129.69
BUS,129.6,129.61
WMT,129.59,129.6
AAPL,129.57,129.6
BUS,129.52,129.53
AAPL,129.5,129.52
MMM,129.46,129.47
MMM,129.458,129.483
MMM,129.441,129.483
MMM,129.424,129.491
AAPL,129.4,129.41
AAPL,129.32,129.34
MMM,129.316,129.324
MMM,129.3,129.31
MMM,129.24,129.249
MMM,129.23,129.24
MMM,129.23,129.24
MMM,129.15,129.16
WMT,129.13,129.14
MMM,129.1,129.11
MMM,129.1,129.11
BUS,128.99,129.04
AAPL,128.97,128.98
WMT,128.96,128.98
MMM,128.948,128.99
MMM,128.93,128.94
AAPL,128.91,128.92
WMT,128.84,128.86
BUS,128.83,128.85
AAPL,128.8,128.83
WMT,128.76,128.78
MMM,128.689,128.722
MMM,128.66,128.67
AAPL,128.65,128.7
MMM,128.62,128.63
MMM,128.61,128.64
BUS,128.56,128.57
BUS,128.51,128.52
MMM,128.463,128.471
MMM,128.463,128.471
MMM,128.45,128.46
MMM,128.45,128.46
MMM,128.4,128.41
AAPL,128.23,128.24
MMM,128.18,128.19
AAPL,128.15,128.17
MMM,128.137,128.145
MMM,128.04,128.05
WMT,128.04,128.05
WMT,128.01,128.03
MMM,127.953,127.961
AAPL,127.93,127.95
WMT,127.93,127.95
WMT,127.91,127.92
AAPL,127.9,127.92
MMM,127.9,127.91
WMT,127.9,127.91
AAPL,127.89,127.9
AAPL,127.82,127.84
MMM,127.82,127.83
AAPL,127.79,127.8
MMM,127.777,127.794
BUS,127.76,127.77
AAPL,127.74,127.75
WMT,127.74,127.75
WMT,127.71,127.73
MMM,127.68,127.71
MMM,127.6,127.61
WMT,127.58,127.59
WMT,127.57,127.58
BUS,127.57,127.58
MMM,127.56,127.593
MMM,127.54,127.55
BUS,127.5,127.68
MMM,127.493,127.518
BUS,127.47,127.48
WMT,127.46,127.47
AAPL,127.43,127.45
MMM,127.401,127.435
MMM,127.401,127.409
MMM,127.368,127.376
AAPL,127.35,127.36
AAPL,127.31,127.32
MMM,127.28,127.29
WMT,127.28,127.29
MMM,127.251,127.267
MMM,127.234,127.318
BUS,127.23,127.26
MMM,127.21,127.22
MMM,127.184,127.259
MMM,127.17,127.19
AAPL,127.16,127.17
MMM,127.16,127.17
MMM,127.16,127.22
MMM,127.142,127.15
MMM,127.142,127.15
MMM,127.11,127.13
AAPL,127.1,127.11
AAPL,127.07,127.08
AAPL,127.07,127.08
WMT,127.07,127.09
MMM,127.06,127.08
BUS,127.06,127.09
MMM,127.05,127.06
BUS,126.98,126.99
MMM,126.966,126.975
AAPL,126.93,126.96
MMM,126.925,126.941
WMT,126.92,126.94
AAPL,126.85,126.86
AAPL,126.85,126.87
MMM,126.8,126.81
WMT,126.79,126.8
WMT,126.77,126.8
WMT,126.75,126.76
WMT,126.75,126.76
AAPL,126.74,126.75
MMM,126.74,126.91
AAPL,126.65,126.66
MMM,126.649,126.657
MMM,126.607,126.632
WMT,126.6,126.62
MMM,126.598,126.607
MMM,126.59,126.624
AAPL,126.58,126.68
MMM,126.56,126.57
WMT,126.54,126.55
AAPL,126.5225,126.5475
AAPL,126.47,126.5
MMM,126.46,126.47
MMM,126.44,126.45
MMM,126.415,126.448
AAPL,126.36,126.38
AAPL,126.24,126.27
AAPL,126.23,126.24
AAPL,126.11,126.12
MMM,126.09,126.11
AAPL,126.04,126.05
SBUX,126.04,126.06
SBUX,126.03,126.12
BUS,126.01,126.02
WMT,125.96,125.98
SBUX,125.96,125.97
AAPL,125.92,125.9475
MMM,125.913,125.921
AAPL,125.9,125.91
AAPL,125.88,125.89
MMM,125.86,125.87
AAPL,125.85,125.86
AAPL,125.84,125.85
MMM,125.84,125.85
MMM,125.838,125.879
MMM,125.829,125.838
WMT,125.82,125.85
MMM,125.804,125.838
AAPL,125.8,125.82
MMM,125.796,125.854
WMT,125.78,125.79
WMT,125.78,125.79
WMT,125.77,125.79
MMM,125.746,125.754
MMM,125.662,125.67
MMM,125.612,125.62
BUS,125.6,125.66
AAPL,125.56,125.57
MMM,125.512,125.528
MMM,125.495,125.503
MMM,125.495,125.512
MMM,125.47,125.48
MMM,125.461,125.495
AAPL,125.44,125.45
MMM,125.42,125.428
BUS,125.39,125.4
BUS,125.35,125.36
MMM,125.33,125.34
WMT,125.33,125.34
AAPL,125.31,125.32
MMM,125.294,125.344
AAPL,125.29,125.32
MMM,125.252,125.286
MMM,125.19,125.22
BUS,125.19,125.25
AAPL,125.16,125.17
MMM,125.16,125.17
MMM,125.144,125.152
MMM,125.135,125.152
MMM,125.11,125.119
MMM,125.09,125.13
WMT,125.08,125.09
WMT,125.08,125.09
MMM,125.077,125.085
AAPL,125.07,125.09
MMM,125.035,125.043
AAPL,125.03,125.05
WMT,125.03,125.04
AAPL,125.02,125.04
MMM,125.018,125.027
AAPL,125.01,125.0425
MMM,124.993,125.002
MMM,124.993,125.002
MMM,124.968,125.027
MMM,124.951,125.002
AAPL,124.94,124.95
MMM,124.876,124.893
AAPL,124.86,124.87
MMM,124.85,124.87
MMM,124.843,124.851
AAPL,124.825,124.8275
MMM,124.818,124.868
WMT,124.81,124.83
WMT,124.8,124.82
AAPL,124.78,124.81
MMM,124.776,124.809
MMM,124.759,124.818
MMM,124.742,124.801
WMT,124.74,124.76
MMM,124.73,124.75
WMT,124.73,124.74
AAPL,124.7075,124.74
AAPL,124.69,124.71
MMM,124.684,124.742
BUS,124.64,124.65
MMM,124.62,124.63
AAPL,124.61,124.63
AAPL,124.61,124.63
MMM,124.567,124.575
MMM,124.55,124.575
MMM,124.533,124.567
MMM,124.525,124.567
WMT,124.52,124.53
MMM,124.483,124.5
MMM,124.466,124.475
WMT,124.4,124.42
MMM,124.366,124.375
AAPL,124.34,124.37
AAPL,124.3275,124.3525
MMM,124.316,124.324
WMT,124.31,124.32
MMM,124.291,124.299
AAPL,124.29,124.42
AAPL,124.29,124.3
WMT,124.27,124.3
MMM,124.257,124.266
MMM,124.249,124.299
MMM,124.216,124.224
MMM,124.199,124.207
MMM,124.17,124.19
BUS,124.13,124.34
MMM,124.124,124.132
MMM,124.115,124.124
MMM,124.09,124.124
WMT,124.07,124.08
BUS,124.07,124.12
MMM,124.057,124.065
BUS,124.03,124.12
MMM,123.998,124.007
AAPL,123.99,124
MMM,123.99,123.998
MMM,123.881,123.898
MMM,123.848,123.865
MMM,123.806,123.814
WMT,123.78,123.79
AAPL,123.76,123.8
MMM,123.706,123.731
MMM,123.572,123.622
MMM,123.572,123.622
AAPL,123.54,123.55
WMT,123.5,123.51
MMM,123.472,123.48
WMT,123.46,123.47
MMM,123.455,123.472
MMM,123.413,123.421
MMM,123.413,123.421
AAPL,123.39,123.4
MMM,123.39,123.4
WMT,123.32,123.32
MMM,123.271,123.279
MMM,123.246,123.254
AAPL,123.22,123.25
MMM,123.179,123.187
MMM,123.179,123.187
MMM,123.154,123.162
BUS,123.15,123.23
BUS,123.12,123.13
MMM,123.095,123.112
AAPL,123.07,123.08
MMM,123.07,123.079
MMM,123.062,123.07
WMT,123.02,123.03
AAPL,122.99,123
AAPL,122.99,123
WMT,122.97,123
MMM,122.962,122.97
AAPL,122.94,123.05
MMM,122.895,122.903
WMT,122.89,122.9
MMM,122.87,122.878
MMM,122.86,122.87
AAPL,122.82,122.83
MMM,122.778,122.794
MMM,122.769,122.786
AAPL,122.7,122.71
MMM,122.677,122.686
MMM,122.669,122.686
MMM,122.669,122.677
SBUX,122.62,122.65
MMM,122.569,122.635
AAPL,122.54,122.55
WMT,122.5,122.51
AAPL,122.48,122.49
MMM,122.477,122.56
MMM,122.477,122.56
BUS,122.43,122.44
MMM,122.418,122.46
MMM,122.401,122.477
MMM,122.385,122.435
SBUX,122.38,122.4
MMM,122.368,122.376
SBUX,122.36,122.38
MMM,122.243,122.251
AAPL,122.24,122.25
MMM,122.234,122.243
MMM,122.226,122.234
WMT,122.18,122.2
AAPL,122.17,122.19
BUS,122.15,122.16
WMT,122.08,122.09
AAPL,122.06,122.07
MMM,122.05,122.059
BUS,122.03,122.04
WMT,121.99,122
MMM,121.983,122.017
AAPL,121.95,121.96
MMM,121.942,121.95
MMM,121.908,121.916
MMM,121.9,121.925
BUS,121.83,121.95
MMM,121.816,121.841
MMM,121.816,121.824
AAPL,121.7,121.77
AAPL,121.67,121.74
MMM,121.657,121.666
MMM,121.565,121.582
MMM,121.557,121.565
BUS,121.5,121.55
MMM,121.448,121.473
SBUX,121.43,121.44
AAPL,121.39,121.4
MMM,121.39,121.398
AAPL,121.38,121.41
MMM,121.365,121.423
AAPL,121.24,121.29
BUS,121.21,121.22
AAPL,121.2,121.28
AAPL,121.2,121.21
AAPL,121.08,121.09
WMT,121.08,121.09
MMM,121.072,121.097
AAPL,121.05,121.06
AAPL,121.04,121.08
MMM,121.005,121.013
MMM,121.005,121.03
AAPL,120.99,121
AAPL,120.91,120.94
AAPL,120.9,120.91
AAPL,120.9,120.91
BUS,120.78,120.89
MMM,120.746,120.754
AAPL,120.7,120.77
MMM,120.696,120.729
WMT,120.66,120.67
MMM,120.654,120.679
MMM,120.604,120.646
AAPL,120.59,120.61
MMM,120.587,120.662
MMM,120.57,120.579
MMM,120.554,120.604
AAPL,120.54,120.55
MMM,120.47,120.478
MMM,120.437,120.545
WMT,120.37,120.38
SBUX,120.36,120.37
AAPL,120.34,120.35
MMM,120.328,120.336
MMM,120.261,120.303
AAPL,120.22,120.25
MMM,120.102,120.111
MMM,120.085,120.094
AAPL,120.07,120.08
WMT,120.06,120.07
MMM,120.002,120.069
WMT,120,120.01
WMT,120,120.01
BUS,119.99,120
AAPL,119.97,119.98
AAPL,119.96,119.99
MMM,119.96,119.968
MMM,119.952,119.96
AAPL,119.85,119.87
MMM,119.843,119.851
MMM,119.818,119.826
SBUX,119.78,119.8
MMM,119.776,119.793
SBUX,119.56,119.59
AAPL,119.49,119.51
BUS,119.41,119.5
WMT,119.38,119.4
MMM,119.366,119.433
AAPL,119.36,119.39
SBUX,119.34,119.37
SBUX,119.26,119.27
AAPL,119.24,119.25
AAPL,119.23,119.26
WMT,119.23,119.25
SBUX,119.18,119.21
WMT,119.17,119.18
SBUX,119.11,119.12
AAPL,119.05,119.07
SBUX,119.05,119.06
WMT,119.02,119.03
SBUX,119.02,119.04
AAPL,118.98,119.01
AAPL,118.96,119.02
SBUX,118.94,118.97
SBUX,118.86,118.91
SBUX,118.76,118.79
WMT,118.75,118.76
SBUX,118.72,118.73
AAPL,118.68,118.69
AAPL,118.63,118.64
MMM,118.497,118.522
MMM,118.48,118.489
SBUX,118.45,118.46
MMM,118.447,118.455
MMM,118.413,118.422
MMM,118.397,118.422
SBUX,118.3,118.34
MMM,118.263,118.355
SBUX,118.22,118.24
AAPL,118.2075,118.2675
SBUX,118.04,118.07
AAPL,118,118.01
MMM,117.97,117.979
WMT,117.97,117.99
SBUX,117.93,117.94
WMT,117.85,117.86
MMM,117.845,117.853
WMT,117.76,117.77
WMT,117.64,117.65
SBUX,117.64,117.65
MMM,117.619,117.678
SBUX,117.54,117.55
SBUX,117.53,117.56
AAPL,117.49,117.5
SBUX,117.49,117.54
SBUX,117.47,117.49
MMM,117.469,117.527
SBUX,117.44,117.45
SBUX,117.4,117.41
SBUX,117.38,117.39
WMT,117.37,117.39
AAPL,117.32,117.33
MMM,117.293,117.301
AAPL,117.2,117.26
SBUX,117.18,117.2
SBUX,117.18,117.2
SBUX,117.14,117.16
AAPL,116.97,116.98
SBUX,116.97,117.01
WMT,116.95,116.96
SBUX,116.9,116.91
AAPL,116.86,116.87
WMT,116.8,116.82
AAPL,116.79,116.8
SBUX,116.75,116.77
SBUX,116.72,116.73
WMT,116.69,116.7
SBUX,116.69,116.71
SBUX,116.66,116.69
SBUX,116.64,116.66
AAPL,116.59,116.6
WMT,116.57,116.58
SBUX,116.56,116.59
AAPL,116.53,116.55
AAPL,116.5,116.58
SBUX,116.5,116.51
AAPL,116.39,116.4
SBUX,116.39,116.4
SBUX,116.36,116.37
AAPL,116.31,116.32
SBUX,116.27,116.28
SBUX,116.26,116.28
SBUX,116.24,116.25
SBUX,116.22,116.25
SBUX,116.17,116.24
MMM,116.064,116.097
SBUX,116.03,116.06
AAPL,116.02,116.03
AAPL,116.02,116.03
AAPL,116,116.01
AAPL,115.97,115.98
SBUX,115.92,115.93
SBUX,115.9,115.92
MMM,115.888,115.939
BUS,115.85,115.86
SBUX,115.8,115.81
SBUX,115.79,115.82
AAPL,115.74,115.81
SBUX,115.73,115.75
SBUX,115.72,115.73
SBUX,115.72,115.73
SBUX,115.68,115.7
AAPL,115.6625,115.7125
WMT,115.66,115.68
AAPL,115.61,115.64
SBUX,115.59,115.6
SBUX,115.58,115.6
SBUX,115.57,115.58
SBUX,115.56,115.59
AAPL,115.54,115.55
WMT,115.54,115.55
AAPL,115.52,115.565
SBUX,115.42,115.44
WMT,115.37,115.39
SBUX,115.36,115.37
AAPL,115.35,115.36
SBUX,115.35,115.37
SBUX,115.31,115.32
MMM,115.261,115.303
AAPL,115.16,115.17
SBUX,115.12,115.16
SBUX,115.12,115.15
SBUX,115.12,115.16
MMM,115.119,115.161
WMT,115.11,115.12
SBUX,115.11,115.14
SBUX,115.09,115.1
WMT,115.08,115.09
AAPL,115.05,115.07
MMM,115.044,115.077
AAPL,115.04,115.05
AAPL,115.03,115.06
AAPL,115.01,115.0125
MMM,115.01,115.136
AAPL,114.99,115
MMM,114.977,114.985
AAPL,114.97,114.98
SBUX,114.96,114.97
SBUX,114.96,114.97
AAPL,114.93,114.94
AAPL,114.925,114.945
SBUX,114.92,114.94
WMT,114.85,114.86
WMT,114.83,114.85
SBUX,114.73,114.74
SBUX,114.73,114.74
SBUX,114.72,114.76
SBUX,114.67,114.68
SBUX,114.66,114.68
SBUX,114.64,114.67
SBUX,114.62,114.65
SBUX,114.61,114.62
SBUX,114.59,114.6
AAPL,114.5825,114.5975
SBUX,114.56,114.58
AAPL,114.52,114.61
WMT,114.52,114.53
SBUX,114.52,114.54
SBUX,114.52,114.53
SBUX,114.49,114.5
WMT,114.44,114.46
SBUX,114.44,114.45
SBUX,114.43,114.46
WMT,114.42,114.45
WMT,114.35,114.36
SBUX,114.33,114.35
SBUX,114.3,114.31
SBUX,114.29,114.31
SBUX,114.29,114.31
SBUX,114.26,114.3
SBUX,114.23,114.24
SBUX,114.21,114.22
SBUX,114.14,114.15
MMM,114.133,114.3
SBUX,114.12,114.16
SBUX,114.12,114.14
SBUX,114.09,114.11
AAPL,114.08,114.11
MMM,114.041,114.057
SBUX,113.97,113.99
SBUX,113.97,113.99
AAPL,113.9525,113.97
SBUX,113.88,113.92
SBUX,113.88,113.92
SBUX,113.87,113.89
MMM,113.865,113.873
AAPL,113.85,113.88
SBUX,113.8,113.81
MMM,113.698,113.706
MMM,113.689,113.74
SBUX,113.66,113.69
WMT,113.6,113.61
SBUX,113.57,113.58
SBUX,113.57,113.6
SBUX,113.54,113.55
SBUX,113.51,113.55
SBUX,113.5,113.55
SBUX,113.49,113.5
SBUX,113.48,113.49
AAPL,113.44,113.49
SBUX,113.4,113.42
SBUX,113.38,113.4
SBUX,113.37,113.38
SBUX,113.37,113.38
SBUX,113.36,113.38
SBUX,113.34,113.35
SBUX,113.22,113.25
SBUX,113.2,113.23
SBUX,113.19,113.2
SBUX,113.19,113.2
SBUX,113.16,113.18
SBUX,113.15,113.16
AAPL,113.14,113.17
WMT,113.12,113.15
MMM,113.113,113.138
SBUX,113.07,113.08
WMT,113.06,113.07
AAPL,113.0575,113.06
SBUX,113.04,113.06
SBUX,113.04,113.06
SBUX,113.03,113.04
AAPL,113.02,113.03
SBUX,113.02,113.03
SBUX,113,113.03
SBUX,113,113.03
SBUX,112.97,113
SBUX,112.92,112.94
SBUX,112.88,112.9
SBUX,112.86,112.88
AAPL,112.82,112.9
WMT,112.75,112.76
AAPL,112.735,112.7475
SBUX,112.73,112.74
WMT,112.7,112.71
WMT,112.7,112.72
SBUX,112.63,112.64
SBUX,112.61,112.62
WMT,112.55,112.57
SBUX,112.55,112.56
SBUX,112.55,112.56
WMT,112.54,112.55
SBUX,112.54,112.56
SBUX,112.52,112.57
SBUX,112.48,112.52
SBUX,112.48,112.51
MMM,112.469,112.477
SBUX,112.46,112.47
WMT,112.4,112.41
SBUX,112.4,112.41
SBUX,112.36,112.38
SBUX,112.36,112.38
MMM,112.31,112.335
MMM,112.31,112.335
AAPL,112.28,112.29
SBUX,112.27,112.29
SBUX,112.27,112.31
SBUX,112.22,112.24
SBUX,112.22,112.23
SBUX,112.21,112.24
SBUX,112.21,112.23
SBUX,112.21,112.23
SBUX,112.2,112.21
SBUX,112.16,112.17
SBUX,112.16,112.17
MMM,112.143,112.159
MMM,112.134,112.159
AAPL,112.11,112.13
SBUX,112.03,112.06
AAPL,112,112.01
MMM,111.984,111.992
SBUX,111.98,111.99
SBUX,111.97,111.99
WMT,111.91,111.92
SBUX,111.91,111.93
SBUX,111.88,111.92
SBUX,111.87,111.88
MMM,111.858,111.867
SBUX,111.85,111.87
SBUX,111.83,111.86
AAPL,111.8,111.81
SBUX,111.8,111.82
SBUX,111.75,111.76
SBUX,111.75,111.79
WMT,111.74,111.75
SBUX,111.72,111.73
SBUX,111.71,111.74
SBUX,111.7,111.71
MMM,111.675,111.691
WMT,111.67,111.68
SBUX,111.66,111.67
SBUX,111.65,111.67
WMT,111.56,111.57
WMT,111.56,111.57
SBUX,111.54,111.55
SBUX,111.53,111.54
SBUX,111.51,111.53
SBUX,111.47,111.48
SBUX,111.46,111.49
SBUX,111.46,111.51
SBUX,111.43,111.44
SBUX,111.42,111.43
SBUX,111.42,111.44
SBUX,111.41,111.42
SBUX,111.41,111.45
WMT,111.39,111.41
WMT,111.39,111.41
SBUX,111.39,111.4
SBUX,111.35,111.36
MMM,111.34,111.39
SBUX,111.34,111.35
SBUX,111.34,111.39
SBUX,111.33,111.34
MMM,111.315,111.382
SBUX,111.24,111.25
MMM,111.231,111.257
SBUX,111.21,111.22
MMM,111.206,111.215
SBUX,111.19,111.2
AAPL,111.14,111.24
SBUX,111.14,111.16
SBUX,111.12,111.14
AAPL,111.1025,111.1125
SBUX,111.07,111.12
MMM,111.056,111.064
SBUX,111.03,111.05
SBUX,110.99,111.03
SBUX,110.99,111
SBUX,110.96,110.98
SBUX,110.96,110.98
SBUX,110.92,110.93
SBUX,110.91,110.92
MMM,110.855,110.997
WMT,110.84,110.86
SBUX,110.84,110.85
SBUX,110.8,110.81
SBUX,110.78,110.79
SBUX,110.72,110.73
SBUX,110.59,110.6
SBUX,110.58,110.69
WMT,110.52,110.55
SBUX,110.48,110.49
SBUX,110.46,110.47
MMM,110.429,110.437
SBUX,110.42,110.44
AAPL,110.37,110.38
SBUX,110.36,110.39
AAPL,110.32,110.36
SBUX,110.31,110.34
SBUX,110.28,110.31
AAPL,110.13,110.15
AAPL,110.0625,110.0925
SBUX,109.98,110.02
MMM,109.961,109.977
SBUX,109.91,109.92
SBUX,109.8,109.81
SBUX,109.79,109.8
SBUX,109.69,109.7
MMM,109.676,109.693
AAPL,109.665,109.7025
SBUX,109.64,109.66
SBUX,109.62,109.65
MMM,109.526,109.534
MMM,109.501,109.509
MMM,109.434,109.509
AAPL,109.3675,109.38
SBUX,109.35,109.38
SBUX,109.35,109.38
SBUX,109.32,109.35
SBUX,109.28,109.29
SBUX,109.21,109.27
SBUX,109.21,109.29
SBUX,109.14,109.15
SBUX,109.12,109.13
WMT,109.11,109.12
WMT,109.11,109.12
WMT,109.05,109.06
SBUX,109.02,109.04
MMM,109.016,109.024
SBUX,109,109.01
SBUX,108.99,109
MMM,108.974,108.982
AAPL,108.915,108.9375
AAPL,108.89,108.97
MMM,108.89,108.899
SBUX,108.89,108.9
MMM,108.815,108.832
AAPL,108.76,108.77
SBUX,108.74,108.75
MMM,108.715,108.723
MMM,108.706,108.715
MMM,108.698,108.706
SBUX,108.62,108.66
SBUX,108.62,108.66
SBUX,108.56,108.59
MMM,108.548,108.556
MMM,108.548,108.556
SBUX,108.52,108.53
MMM,108.506,108.539
MMM,108.405,108.431
SBUX,108.4,108.41
SBUX,108.32,108.33
MMM,108.28,108.288
MMM,108.28,108.288
MMM,108.238,108.288
AAPL,108.2,108.22
SBUX,108.19,108.2
SBUX,108.17,108.2
BSX,108.14,108.15
MMM,108.138,108.146
BSX,108.1,108.11
SBUX,108.09,108.1
MMM,108.021,108.046
SBUX,107.96,108.03
MMM,107.946,107.954
MMM,107.929,107.937
SBUX,107.92,107.95
SBUX,107.91,107.92
MMM,107.887,107.929
MMM,107.862,107.87
MMM,107.862,107.904
SBUX,107.81,107.84
SBUX,107.78,107.79
BSX,107.76,107.78
MMM,107.737,107.778
WMT,107.71,107.74
SBUX,107.67,107.68
MMM,107.62,107.628
SBUX,107.62,107.64
MMM,107.611,107.62
SBUX,107.57,107.59
SBUX,107.57,107.58
SBUX,107.53,107.55
BSX,107.52,107.53
MMM,107.503,107.511
SBUX,107.47,107.48
MMM,107.427,107.436
MMM,107.427,107.436
BSX,107.39,107.36
SBUX,107.33,107.37
SBUX,107.31,107.32
BSX,107.29,107.31
MMM,107.277,107.285
SBUX,107.23,107.24
SBUX,107.23,107.24
MMM,107.227,107.235
AAPL,107.21,107.24
SBUX,107.2,107.21
SBUX,107.2,107.21
BSX,107.2,107.21
SBUX,107.19,107.21
WMT,107.18,107.19
WMT,107.16,107.17
SBUX,107.16,107.17
SBUX,107.16,107.17
WMT,107.13,107.14
MMM,107.126,107.135
SBUX,107.09,107.1
SBUX,107.08,107.09
SBUX,107.07,107.1
SBUX,107.07,107.1
SBUX,107.07,107.08
WMT,107.02,107.03
MMM,107.018,107.043
MMM,107.018,107.043
SBUX,107,107.01
SBUX,106.99,107.04
SBUX,106.99,107.04
SBUX,106.96,106.97
WMT,106.94,106.95
SBUX,106.94,106.98
SBUX,106.86,106.87
WMT,106.85,106.86
SBUX,106.81,106.84
BSX,106.76,106.77
BSX,106.75,106.76
SBUX,106.74,106.75
SBUX,106.73,106.74
MMM,106.725,106.742
AAPL,106.66,106.67
SBUX,106.66,106.67
BSX,106.64,106.65
BSX,106.63,106.64
SBUX,106.62,106.63
SBUX,106.62,106.64
BSX,106.57,106.58
SBUX,106.54,106.55
BSX,106.53,106.54
SBUX,106.48,106.5
SBUX,106.47,106.48
BSX,106.47,106.49
WMT,106.46,106.47
MMM,106.441,106.449
SBUX,106.43,106.44
BSX,106.39,106.4
MMM,106.299,106.307
AAPL,106.295,106.3725
SBUX,106.28,106.32
SBUX,106.27,106.28
SBUX,106.26,106.27
SBUX,106.23,106.28
WMT,106.22,106.23
SBUX,106.21,106.25
SBUX,106.21,106.22
WMT,106.19,106.21
SBUX,106.19,106.21
BSX,106.18,106.19
BSX,106.16,106.17
BSX,106.16,106.19
BSX,106.15,106.17
BSX,106.15,106.17
MMM,106.148,106.165
SBUX,106.12,106.15
SBUX,106.12,106.2
SBUX,106.11,106.12
BSX,106.11,106.12
BSX,106.11,106.12
BSX,106.11,106.12
SBUX,106.05,106.06
SBUX,106.04,106.08
SBUX,106.03,106.06
BSX,106.03,106.04
MMM,106.023,106.048
BSX,106.02,106.03
SBUX,106.01,106.07
SBUX,106.01,106.05
MMM,106.006,106.014
MMM,105.981,106.006
SBUX,105.96,105.97
BSX,105.96,105.97
MMM,105.906,105.922
SBUX,105.9,105.91
SBUX,105.87,105.88
SBUX,105.85,105.88
BSX,105.85,105.86
SBUX,105.84,105.86
MMM,105.83,105.847
MMM,105.822,105.839
BSX,105.82,105.83
BSX,105.8,105.81
SBUX,105.77,105.78
MMM,105.738,105.755
BSX,105.71,105.72
SBUX,105.68,105.69
SBUX,105.66,105.68
BSX,105.66,105.67
SBUX,105.63,105.64
SBUX,105.62,105.63
SBUX,105.6,105.66
SBUX,105.59,105.6
MMM,105.588,105.613
SBUX,105.56,105.58
BSX,105.55,105.56
BSX,105.55,105.56
SBUX,105.48,105.49
BUS,105.48,105.49
SBUX,105.47,105.49
SBUX,105.46,105.49
SBUX,105.43,105.46
MMM,105.404,105.437
MMM,105.396,105.404
SBUX,105.38,105.39
BSX,105.36,105.37
BSX,105.36,105.37
BSX,105.36,105.37
MMM,105.354,105.362
WMT,105.33,105.34
SBUX,105.31,105.33
MMM,105.295,105.304
SBUX,105.29,105.32
SBUX,105.29,105.32
MMM,105.287,105.304
SBUX,105.27,105.28
BSX,105.27,105.28
MMM,105.26,105.29
BSX,105.23,105.24
MMM,105.22,105.23
BSX,105.21,105.23
MMM,105.17,105.203
BSX,105.16,105.21
SBUX,105.15,105.17
MMM,105.128,105.136
BSX,105.12,105.13
WMT,105.05,105.06
SBUX,105.04,105.05
MMM,105.036,105.044
SBUX,105.02,105.04
SBUX,105.02,105.03
SBUX,105.02,105.05
BSX,105,105.01
BSX,105,105.01
SBUX,104.99,105
SBUX,104.99,105.02
SBUX,104.97,104.99
SBUX,104.94,104.98
MMM,104.93,104.94
SBUX,104.93,104.95
BSX,104.93,104.94
SBUX,104.9,104.97
BSX,104.9,104.93
SBUX,104.89,104.9
BSX,104.89,104.91
SBUX,104.88,104.89
BSX,104.88,104.89
MMM,104.87,104.88
BSX,104.86,104.87
SBUX,104.82,104.84
MMM,104.819,104.835
SBUX,104.8,104.83
BSX,104.8,104.81
SBUX,104.78,104.81
BSX,104.78,104.79
BSX,104.75,104.76
MMM,104.74,104.75
SBUX,104.74,104.76
SBUX,104.74,104.76
MMM,104.718,104.727
BSX,104.71,104.72
SBUX,104.7,104.74
SBUX,104.7,104.72
SBUX,104.68,104.69
SBUX,104.68,104.69
MMM,104.652,104.66
SBUX,104.64,104.65
BSX,104.62,104.64
MMM,104.61,104.62
BSX,104.59,104.6
SBUX,104.58,104.63
BSX,104.58,104.59
SBUX,104.55,104.56
BSX,104.53,104.54
BSX,104.51,104.52
BSX,104.49,104.5
BSX,104.49,104.5
BSX,104.48,104.49
WMT,104.47,104.48
SBUX,104.47,104.49
SBUX,104.45,104.46
BSX,104.45,104.46
SBUX,104.43,104.46
MMM,104.426,104.434
MMM,104.409,104.417
MMM,104.409,104.417
BSX,104.39,104.41
BSX,104.38,104.39
SBUX,104.35,104.38
BSX,104.35,104.36
SBUX,104.34,104.36
BSX,104.31,104.32
SBUX,104.3,104.33
SBUX,104.29,104.33
SBUX,104.28,104.3
SBUX,104.28,104.29
BSX,104.27,104.28
BSX,104.27,104.28
MMM,104.267,104.275
WMT,104.26,104.27
SBUX,104.25,104.26
BSX,104.22,104.24
BSX,104.22,104.23
MMM,104.208,104.242
MMM,104.2,104.208
SBUX,104.19,104.23
SBUX,104.18,104.19
BSX,104.15,104.16
SBUX,104.13,104.14
BSX,104.13,104.14
BSX,104.11,104.12
BSX,104.11,104.12
MMM,104.108,104.116
MMM,104.08,104.09
WMT,104.07,104.08
SBUX,104.06,104.08
SBUX,104.03,104.04
SBUX,104.02,104.03
WMT,104.01,104.02
WMT,104.01,104.02
MMM,104,104.01
WMT,103.97,103.98
MMM,103.966,103.991
SBUX,103.95,103.96
WMT,103.94,103.96
MMM,103.9,103.91
MMM,103.891,103.916
SBUX,103.88,103.89
SBUX,103.84,103.87
BSX,103.84,103.86
BSX,103.83,103.84
BSX,103.81,103.82
BSX,103.81,103.85
BSX,103.78,103.79
WMT,103.77,103.79
WMT,103.75,103.76
SBUX,103.74,103.79
BSX,103.72,103.75
WMT,103.69,103.7
SBUX,103.67,103.68
SBUX,103.65,103.67
BSX,103.65,103.66
BSX,103.65,103.66
WMT,103.64,103.65
SBUX,103.64,103.67
WMT,103.62,103.63
BSX,103.62,103.63
WMT,103.59,103.6
MMM,103.556,103.565
SBUX,103.52,103.54
WMT,103.5,103.52
SBUX,103.5,103.51
SBUX,103.48,103.49
SBUX,103.47,103.54
BSX,103.47,103.49
WMT,103.45,103.46
WMT,103.44,103.45
SBUX,103.44,103.45
SBUX,103.44,103.45
BSX,103.44,103.45
WMT,103.42,103.43
SBUX,103.41,103.43
SBUX,103.41,103.43
MMM,103.4,103.41
SBUX,103.38,103.4
WMT,103.37,103.38
SBUX,103.37,103.4
SBUX,103.36,103.37
SBUX,103.31,103.32
MMM,103.3,103.32
BSX,103.3,103.31
SBUX,103.28,103.31
MMM,103.26,103.27
SBUX,103.26,103.28
SBUX,103.26,103.28
WMT,103.23,103.24
BSX,103.22,103.23
MMM,103.213,103.222
MMM,103.21,103.23
SBUX,103.2,103.21
MMM,103.18,103.19
MMM,103.17,103.19
WMT,103.17,103.18
BSX,103.17,103.18
BSX,103.17,103.2
BSX,103.17,103.18
BSX,103.17,103.18
WMT,103.15,103.16
WMT,103.15,103.16
BSX,103.15,103.16
BSX,103.11,103.12
BSX,103.09,103.1
WMT,103.07,103.08
SBUX,103.07,103.1
BSX,103.07,103.08
BSX,103.05,103.06
WMT,103.04,103.05
WMT,103.04,103.05
BSX,103.03,103.04
SBUX,103.02,103.03
SBUX,103,103.01
MMM,102.98,102.99
BSX,102.96,102.97
BSX,102.95,102.99
BSX,102.95,102.97
WMT,102.94,102.95
SBUX,102.94,102.95
BSX,102.94,102.95
MMM,102.921,102.929
WMT,102.92,102.93
SBUX,102.92,102.93
BSX,102.91,102.92
WMT,102.9,102.91
SBUX,102.9,102.92
SBUX,102.89,102.9
BSX,102.86,102.87
BSX,102.84,102.85
SBUX,102.83,102.86
SBUX,102.82,102.83
WMT,102.8,102.81
WMT,102.8,102.81
SBUX,102.8,102.82
BSX,102.8,102.81
MMM,102.795,102.804
MMM,102.77,102.78
BSX,102.77,102.78
SBUX,102.76,102.79
BSX,102.74,102.75
MMM,102.72,102.787
MMM,102.72,102.729
SBUX,102.72,102.74
BSX,102.72,102.73
WMT,102.7,102.71
BSX,102.69,102.7
BSX,102.69,102.7
BSX,102.68,102.69
MMM,102.662,102.67
WMT,102.66,102.67
SBUX,102.64,102.65
BSX,102.63,102.64
WMT,102.62,102.63
MMM,102.611,102.62
WMT,102.61,102.63
MMM,102.57,102.578
BSX,102.57,102.59
WMT,102.56,102.57
WMT,102.56,102.57
SBUX,102.53,102.54
MMM,102.511,102.52
WMT,102.51,102.52
SBUX,102.5,102.51
WMT,102.49,102.51
SBUX,102.49,102.51
BSX,102.49,102.5
WMT,102.48,102.49
BSX,102.48,102.49
WMT,102.47,102.48
WMT,102.46,102.47
SBUX,102.44,102.46
BSX,102.44,102.45
SBUX,102.43,102.44
SBUX,102.42,102.46
BSX,102.42,102.43
SBUX,102.41,102.42
BSX,102.4,102.41
WMT,102.39,102.4
BSX,102.38,102.39
BSX,102.38,102.4
MMM,102.377,102.386
MMM,102.34,102.35
WMT,102.34,102.35
SBUX,102.34,102.36
BSX,102.34,102.35
SBUX,102.32,102.35
SBUX,102.32,102.35
WMT,102.3,102.31
WMT,102.3,102.31
WMT,102.3,102.31
SBUX,102.3,102.31
BSX,102.29,102.32
MMM,102.285,102.294
SBUX,102.28,102.29
BSX,102.28,102.29
BSX,102.27,102.29
WMT,102.24,102.25
MMM,102.21,102.22
SBUX,102.2,102.22
SBUX,102.2,102.21
SBUX,102.18,102.21
BSX,102.17,102.19
SBUX,102.13,102.18
SBUX,102.12,102.14
WMT,102.1,102.11
SBUX,102.08,102.09
MMM,102.076,102.085
WMT,102.07,102.08
SBUX,102.07,102.08
MMM,102.03,102.04
BSX,102.03,102.04
SBUX,102,102.03
SBUX,101.97,102
SBUX,101.97,102
WMT,101.95,101.96
BSX,101.94,101.94
BSX,101.9,101.91
BUS,101.89,101.9
SBUX,101.87,101.88
SBUX,101.87,101.88
SBUX,101.87,101.88
SBUX,101.84,101.85
WMT,101.83,101.84
SBUX,101.83,101.85
SBUX,101.82,101.84
SBUX,101.81,101.82
SBUX,101.8,101.81
SBUX,101.78,101.79
WMT,101.76,101.77
BSX,101.75,101.76
SBUX,101.74,101.76
SBUX,101.72,101.74
MMM,101.709,101.725
MMM,101.709,101.725
WMT,101.7,101.71
BSX,101.7,101.71
MMM,101.68,101.69
WMT,101.67,101.71
MMM,101.66,101.67
SBUX,101.65,101.66
SBUX,101.65,101.66
SBUX,101.65,101.68
MMM,101.64,101.68
MMM,101.64,101.68
BSX,101.64,101.65
SBUX,101.63,101.63
MMM,101.625,101.633
MMM,101.617,101.642
MMM,101.61,101.63
WMT,101.6,101.61
SBUX,101.59,101.6
SBUX,101.58,101.6
BSX,101.58,101.59
SBUX,101.56,101.57
BSX,101.55,101.56
MMM,101.53,101.54
SBUX,101.51,101.52
SBUX,101.51,101.52
BSX,101.51,101.51
MMM,101.5,101.51
SBUX,101.49,101.5
BSX,101.49,101.5
WMT,101.47,101.48
SBUX,101.45,101.48
MMM,101.43,101.45
WMT,101.43,101.44
SBUX,101.43,101.44
SBUX,101.41,101.42
BSX,101.41,101.42
BSX,101.41,101.42
SBUX,101.4,101.41
SBUX,101.36,101.37
BSX,101.36,101.37
MMM,101.33,101.35
MMM,101.32,101.33
SBUX,101.32,101.33
BSX,101.32,101.33
WMT,101.31,101.33
SBUX,101.27,101.3
SBUX,101.25,101.26
MMM,101.24,101.25
BSX,101.22,101.23
MMM,101.21,101.22
SBUX,101.21,101.23
SBUX,101.2,101.25
WMT,101.19,101.2
WMT,101.17,101.18
SBUX,101.16,101.18
SBUX,101.16,101.18
SBUX,101.12,101.13
BSX,101.12,101.13
MMM,101.1,101.11
BSX,101.09,101.11
BSX,101.06,101.06
SBUX,101.05,101.08
MMM,101.006,101.015
WMT,101,101.01
SBUX,101,101.01
SBUX,101,101.04
BSX,100.97,100.98
BSX,100.97,100.98
BSX,100.97,100.98
BSX,100.93,100.94
MMM,100.92,100.93
SBUX,100.92,100.93
WMT,100.91,100.92
BSX,100.91,100.93
SBUX,100.87,100.89
BSX,100.87,100.88
MMM,100.864,100.872
MMM,100.86,100.88
BSX,100.86,100.88
WMT,100.83,100.84
SBUX,100.82,100.84
SBUX,100.82,100.83
BSX,100.81,100.82
MMM,100.8,100.82
MMM,100.8,100.82
MMM,100.797,100.806
MMM,100.797,100.806
SBUX,100.77,100.78
SBUX,100.76,100.78
BSX,100.76,100.77
WMT,100.75,100.76
SBUX,100.75,100.79
BSX,100.73,100.75
BSX,100.72,100.74
BSX,100.71,100.72
MMM,100.705,100.714
SBUX,100.7,100.72
SBUX,100.69,100.7
WMT,100.68,100.69
SBUX,100.68,100.7
SBUX,100.67,100.7
SBUX,100.67,100.7
MMM,100.66,100.67
BSX,100.66,100.67
SBUX,100.62,100.63
MMM,100.61,100.62
MMM,100.58,100.588
WMT,100.58,100.59
MMM,100.56,100.58
BSX,100.55,100.56
SBUX,100.54,100.57
BSX,100.52,100.55
MMM,100.513,100.521
WMT,100.51,100.52
MMM,100.446,100.454
MMM,100.446,100.454
WMT,100.41,100.42
SBUX,100.4,100.43
SBUX,100.4,100.41
SBUX,100.34,100.35
SBUX,100.33,100.35
SBUX,100.33,100.34
SBUX,100.32,100.36
BSX,100.32,100.33
BSX,100.3,100.31
SBUX,100.28,100.3
MMM,100.262,100.279
MMM,100.262,100.279
SBUX,100.25,100.26
MMM,100.12,100.13
SBUX,100.11,100.13
SBUX,100.11,100.12
SBUX,100.11,100.12
SBUX,100.1,100.14
SBUX,100.09,100.1
MMM,100.06,100.07
SBUX,100.06,100.07
SBUX,100.06,100.07
WMT,100.03,100.04
BSX,100.03,100.04
SBUX,100.02,100.03
BSX,100.02,100.03
BSX,100.01,100.02
SBUX,100,100.01
WMT,99.99,100
SBUX,99.99,100.06
SBUX,99.99,100
SBUX,99.92,99.94
SBUX,99.92,99.96
BSX,99.86,99.87
BSX,99.86,99.89
SBUX,99.84,99.85
WMT,99.81,99.82
SBUX,99.79,99.82
SBUX,99.79,99.81
MMM,99.78,99.82
SBUX,99.77,99.78
SBUX,99.74,99.75
BSX,99.74,99.75
MMM,99.735,99.744
MMM,99.69,99.72
MMM,99.67,99.69
MMM,99.67,99.69
MMM,99.63,99.64
SBUX,99.6,99.61
WMT,99.59,99.6
SBUX,99.56,99.6
SBUX,99.54,99.56
SBUX,99.54,99.56
WMT,99.53,99.54
MMM,99.52,99.53
SBUX,99.52,99.53
SBUX,99.51,99.54
SBUX,99.51,99.54
SBUX,99.48,99.5
WMT,99.43,99.44
SBUX,99.42,99.45
BSX,99.42,99.43
SBUX,99.41,99.47
SBUX,99.4,99.42
SBUX,99.37,99.39
WMT,99.36,99.37
SBUX,99.35,99.37
WMT,99.34,99.35
BSX,99.34,99.35
BSX,99.33,99.35
WMT,99.32,99.33
SBUX,99.31,99.33
SBUX,99.29,99.3
WMT,99.28,99.29
SBUX,99.27,99.28
SBUX,99.27,99.28
SBUX,99.26,99.28
SBUX,99.23,99.24
SBUX,99.23,99.24
BSX,99.23,99.24
SBUX,99.22,99.23
BSX,99.22,99.23
BSX,99.21,99.24
SBUX,99.2,99.21
SBUX,99.2,99.21
SBUX,99.17,99.2
SBUX,99.17,99.2
SBUX,99.17,99.18
SBUX,99.17,99.18
SBUX,99.16,99.19
SBUX,99.15,99.16
SBUX,99.15,99.17
SBUX,99.15,99.18
SBUX,99.11,99.14
SBUX,99.11,99.12
BSX,99.11,99.12
MMM,99.083,99.1
SBUX,99.08,99.1
MMM,99.07,99.08
SBUX,99.07,99.12
SBUX,99.05,99.06
BSX,99.04,99.05
SBUX,99.02,99.03
MMM,99.016,99.025
BSX,99.01,99.02
SBUX,98.99,98.99
MMM,98.983,98.991
SBUX,98.97,98.98
BSX,98.97,98.98
SBUX,98.95,98.96
MMM,98.94,98.95
SBUX,98.94,98.98
SBUX,98.9,98.91
BSX,98.9,98.95
MMM,98.891,98.916
SBUX,98.89,98.96
BSX,98.89,98.9
SBUX,98.85,98.86
BSX,98.85,98.86
BSX,98.83,98.84
SBUX,98.81,98.82
SBUX,98.81,98.83
SBUX,98.79,98.8
WMT,98.78,98.79
SBUX,98.76,98.78
SBUX,98.76,98.77
WMT,98.72,98.73
SBUX,98.71,98.72
SBUX,98.7,98.72
SBUX,98.69,98.7
SBUX,98.69,98.7
BSX,98.68,98.69
BSX,98.68,98.69
MMM,98.67,98.68
SBUX,98.67,98.68
SBUX,98.67,98.72
SBUX,98.67,98.69
BSX,98.67,98.68
SBUX,98.66,98.67
SBUX,98.65,98.66
SBUX,98.65,98.66
SBUX,98.65,98.67
WMT,98.64,98.65
WMT,98.63,98.64
SBUX,98.63,98.64
SBUX,98.63,98.76
BSX,98.62,98.63
WMT,98.61,98.62
MMM,98.6,98.61
SBUX,98.6,98.61
SBUX,98.6,98.62
SBUX,98.6,98.61
SBUX,98.56,98.58
BSX,98.56,98.57
BSX,98.55,98.56
MMM,98.54,98.565
SBUX,98.51,98.54
SBUX,98.51,98.54
SBUX,98.5,98.52
WMT,98.49,98.51
BSX,98.49,98.5
BSX,98.48,98.49
SBUX,98.47,98.48
SBUX,98.47,98.49
SBUX,98.45,98.46
WMT,98.44,98.46
SBUX,98.43,98.44
SBUX,98.42,98.44
SBUX,98.4,98.42
SBUX,98.4,98.41
MMM,98.39,98.4
SBUX,98.39,98.4
BSX,98.38,98.39
WMT,98.36,98.38
SBUX,98.34,98.35
SBUX,98.34,98.35
AAPL,98.3325,98.3575
WMT,98.31,98.32
WMT,98.31,98.32
SBUX,98.31,98.34
SBUX,98.3,98.32
SBUX,98.3,98.33
SBUX,98.29,98.31
SBUX,98.29,98.33
SBUX,98.29,98.3
SBUX,98.28,98.3
SBUX,98.28,98.3
SBUX,98.26,98.27
SBUX,98.26,98.27
SBUX,98.26,98.27
WMT,98.25,98.26
MMM,98.24,98.25
MMM,98.23,98.239
WMT,98.23,98.24
SBUX,98.23,98.25
MMM,98.222,98.23
SBUX,98.22,98.23
SBUX,98.22,98.24
BSX,98.22,98.23
MMM,98.19,98.2
SBUX,98.19,98.22
SBUX,98.19,98.22
SBUX,98.18,98.19
BSX,98.17,98.18
SBUX,98.16,98.21
BSX,98.16,98.18
WMT,98.13,98.14
BSX,98.13,98.14
SBUX,98.11,98.15
SBUX,98.11,98.12
SBUX,98.11,98.13
SBUX,98.1,98.23
SBUX,98.1,98.12
SBUX,98.09,98.1
WMT,98.08,98.09
SBUX,98.07,98.09
SBUX,98.07,98.08
SBUX,98.04,98.05
BSX,98.04,98.05
SBUX,98.03,98.06
SBUX,98.02,98.03
BSX,98.02,98.03
WMT,98,98.01
SBUX,97.99,98
SBUX,97.99,98
SBUX,97.99,98
SBUX,97.99,98
WMT,97.98,97.99
SBUX,97.97,97.99
SBUX,97.97,98.01
WMT,97.95,97.96
SBUX,97.94,98.05
SBUX,97.94,97.96
SBUX,97.94,97.98
WMT,97.93,97.94
SBUX,97.93,97.95
SBUX,97.92,97.93
SBUX,97.91,97.94
SBUX,97.87,97.88
WMT,97.85,97.86
SBUX,97.85,97.86
WMT,97.84,97.85
WMT,97.83,97.84
SBUX,97.83,97.84
SBUX,97.82,97.83
SBUX,97.82,97.83
SBUX,97.8,97.81
SBUX,97.77,97.79
BSX,97.77,97.78
BSX,97.77,97.78
SBUX,97.76,97.77
SBUX,97.76,97.77
WMT,97.75,97.76
SBUX,97.74,97.75
BSX,97.74,97.75
MMM,97.737,97.746
SBUX,97.73,97.75
SBUX,97.73,97.74
AAPL,97.7275,97.7475
BSX,97.72,97.73
WMT,97.71,97.72
SBUX,97.71,97.72
SBUX,97.71,97.73
BSX,97.71,97.72
SBUX,97.7,97.71
BUS,97.7,97.85
SBUX,97.69,97.73
MMM,97.67,97.679
BSX,97.67,97.68
WMT,97.65,97.66
SBUX,97.65,97.66
WMT,97.62,97.63
WMT,97.62,97.63
SBUX,97.62,97.65
SBUX,97.61,97.62
BSX,97.61,97.62
BSX,97.61,97.62
MMM,97.59,97.62
WMT,97.59,97.6
WMT,97.59,97.6
SBUX,97.59,97.6
SBUX,97.57,97.58
SBUX,97.54,97.55
SBUX,97.53,97.54
SBUX,97.53,97.54
MMM,97.511,97.52
SBUX,97.51,97.52
MMM,97.495,97.503
WMT,97.49,97.5
WMT,97.49,97.5
SBUX,97.49,97.5
BSX,97.49,97.5
WMT,97.48,97.49
SBUX,97.48,97.5
SBUX,97.44,97.45
SBUX,97.44,97.45
SBUX,97.44,97.46
WMT,97.43,97.44
WMT,97.43,97.44
MMM,97.411,97.419
SBUX,97.41,97.44
MMM,97.403,97.445
SBUX,97.4,97.43
MMM,97.394,97.403
WMT,97.39,97.4
SBUX,97.39,97.43
WMT,97.37,97.38
SBUX,97.36,97.39
SBUX,97.36,97.37
WMT,97.35,97.36
SBUX,97.35,97.38
MMM,97.33,97.34
MMM,97.311,97.319
WMT,97.31,97.32
SBUX,97.31,97.33
BSX,97.3,97.31
SBUX,97.29,97.31
BSX,97.29,97.3
SBUX,97.28,97.3
AAPL,97.27,97.2725
WMT,97.26,97.27
WMT,97.25,97.26
SBUX,97.25,97.26
WMT,97.23,97.24
SBUX,97.21,97.22
WMT,97.2,97.21
WMT,97.18,97.19
SBUX,97.18,97.21
MMM,97.15,97.16
BSX,97.15,97.16
SBUX,97.14,97.16
SBUX,97.14,97.16
SBUX,97.12,97.13
SBUX,97.12,97.13
WMT,97.11,97.12
SBUX,97.1,97.11
WMT,97.09,97.1
SBUX,97.08,97.09
SBUX,97.05,97.06
SBUX,97.05,97.06
SBUX,97.05,97.07
AAPL,97.04,97.0525
SBUX,97.03,97.05
BSX,97.02,97.03
WMT,97.01,97.02
WMT,97.01,97.02
SBUX,97.01,97.03
BSX,97.01,97.02
SBUX,97,97.01
SBUX,97,97.01
BSX,97,97.01
AAPL,96.9825,97
SBUX,96.96,96.97
MMM,96.951,96.968
SBUX,96.93,96.94
SBUX,96.93,96.94
SBUX,96.91,96.92
SBUX,96.91,96.92
MMM,96.893,96.901
SBUX,96.88,96.91
BSX,96.88,96.89
SBUX,96.87,96.88
BSX,96.86,96.87
WMT,96.84,96.85
SBUX,96.83,96.85
MMM,96.82,96.85
WMT,96.82,96.83
SBUX,96.82,96.84
WMT,96.81,96.82
SBUX,96.8,96.83
SBUX,96.79,96.81
WMT,96.78,96.79
BSX,96.78,96.79
SBUX,96.77,96.78
WMT,96.76,96.79
SBUX,96.74,96.76
SBUX,96.71,96.72
SBUX,96.69,96.7
WMT,96.68,96.69
BSX,96.68,96.69
BSX,96.68,96.7
SBUX,96.67,96.68
MMM,96.634,96.642
WMT,96.63,96.64
BSX,96.61,96.62
MMM,96.6,96.61
SBUX,96.6,96.61
SBUX,96.6,96.61
SBUX,96.59,96.61
SBUX,96.58,96.59
AAPL,96.5575,96.5625
SBUX,96.55,96.56
SBUX,96.52,96.53
SBUX,96.52,96.54
SBUX,96.51,96.53
MMM,96.5,96.52
SBUX,96.5,96.51
SBUX,96.46,96.48
WMT,96.45,96.46
SBUX,96.45,96.46
SBUX,96.43,96.45
BSX,96.43,96.45
SBUX,96.42,96.43
BSX,96.4,96.41
MMM,96.383,96.399
WMT,96.38,96.39
WMT,96.38,96.39
WMT,96.38,96.39
MMM,96.349,96.358
MMM,96.349,96.358
MMM,96.34,96.35
MMM,96.333,96.341
SBUX,96.32,96.35
SBUX,96.3,96.31
AAPL,96.2875,96.3075
SBUX,96.28,96.31
BSX,96.24,96.25
BSX,96.24,96.25
SBUX,96.23,96.26
SBUX,96.23,96.25
SBUX,96.22,96.23
AAPL,96.2175,96.2725
WMT,96.21,96.22
SBUX,96.21,96.23
SBUX,96.19,96.2
MMM,96.182,96.19
MMM,96.14,96.149
SBUX,96.14,96.15
WMT,96.12,96.13
WMT,96.11,96.14
SBUX,96.11,96.14
BSX,96.11,96.12
WMT,96.1,96.11
SBUX,96.1,96.12
WMT,96.09,96.1
BSX,96.08,96.09
WMT,96.07,96.08
SBUX,96.07,96.1
SBUX,96.07,96.09
BSX,96.07,96.08
SBUX,96.06,96.08
SBUX,96.06,96.07
SBUX,96.05,96.06
SBUX,96.04,96.06
BSX,96.03,96.05
BSX,96.03,96.05
WMT,96.02,96.04
SBUX,96.01,96.02
SBUX,96.01,96.02
MMM,96.006,96.015
WMT,95.99,96
BSX,95.99,96.01
WMT,95.97,95.98
SBUX,95.97,95.99
MMM,95.965,95.973
SBUX,95.94,95.98
BSX,95.93,95.94
BSX,95.93,95.94
SBUX,95.92,95.93
SBUX,95.92,95.95
WMT,95.9,95.91
WMT,95.9,95.91
SBUX,95.9,95.91
AAPL,95.88,95.9075
SBUX,95.88,95.9
BSX,95.88,95.89
WMT,95.85,95.86
SBUX,95.84,95.88
SBUX,95.84,95.88
WMT,95.83,95.84
BSX,95.83,95.84
SBUX,95.82,95.83
SBUX,95.82,95.84
WMT,95.8,95.81
SBUX,95.8,95.82
BSX,95.78,95.79
WMT,95.75,95.76
SBUX,95.75,95.76
SBUX,95.75,95.77
SBUX,95.75,95.76
WMT,95.71,95.72
SBUX,95.69,95.72
BSX,95.69,95.7
WMT,95.68,95.69
SBUX,95.67,95.68
AAPL,95.6625,95.665
WMT,95.66,95.67
SBUX,95.66,95.67
SBUX,95.65,95.67
SBUX,95.64,95.66
SBUX,95.63,95.65
SBUX,95.63,95.65
BSX,95.63,95.64
SBUX,95.6,95.61
BSX,95.58,95.59
MMM,95.56,95.57
SBUX,95.56,95.57
SBUX,95.56,95.57
SBUX,95.55,95.6
SBUX,95.55,95.57
SBUX,95.55,95.56
MMM,95.522,95.53
MMM,95.505,95.513
BSX,95.5,95.51
MMM,95.496,95.522
SBUX,95.49,95.5
MMM,95.488,95.496
SBUX,95.48,95.5
BSX,95.48,95.49
SBUX,95.46,95.48
SBUX,95.46,95.48
AAPL,95.45,95.48
SBUX,95.42,95.43
SBUX,95.42,95.43
BSX,95.41,95.42
MMM,95.396,95.405
WMT,95.39,95.4
BSX,95.39,95.4
BSX,95.36,95.37
BSX,95.36,95.37
WMT,95.35,95.36
SBUX,95.34,95.36
SBUX,95.33,95.34
SBUX,95.32,95.33
SBUX,95.32,95.33
AAPL,95.3125,95.345
WMT,95.31,95.32
SBUX,95.3,95.31
SBUX,95.3,95.32
SBUX,95.28,95.29
SBUX,95.28,95.3
SBUX,95.28,95.3
SBUX,95.27,95.28
SBUX,95.26,95.28
SBUX,95.23,95.24
MMM,95.221,95.229
BSX,95.22,95.23
MMM,95.212,95.221
SBUX,95.21,95.22
SBUX,95.2,95.23
SBUX,95.18,95.2
WMT,95.15,95.17
WMT,95.15,95.16
SBUX,95.15,95.18
SBUX,95.15,95.16
SBUX,95.15,95.17
SBUX,95.15,95.17
WMT,95.13,95.14
WMT,95.13,95.14
SBUX,95.13,95.14
BSX,95.13,95.14
BSX,95.13,95.14
WMT,95.12,95.13
SBUX,95.12,95.13
SBUX,95.11,95.12
MMM,95.053,95.062
AAPL,95.0525,95.0725
WMT,95.04,95.05
WMT,95.04,95.05
SBUX,95.04,95.05
SBUX,95.02,95.03
SBUX,95.01,95.02
BUS,95,95.01
SBUX,94.99,95
WMT,94.97,94.98
WMT,94.96,94.97
BSX,94.96,94.97
WMT,94.95,94.96
SBUX,94.94,94.95
SBUX,94.94,94.95
BSX,94.93,94.95
MMM,94.928,94.945
SBUX,94.91,94.92
SBUX,94.91,94.92
WMT,94.89,94.91
SBUX,94.87,94.89
BSX,94.87,94.88
WMT,94.86,94.87
WMT,94.86,94.87
SBUX,94.86,94.88
SBUX,94.84,94.86
WMT,94.83,94.84
WMT,94.82,94.83
SBUX,94.82,94.84
WMT,94.81,94.82
SBUX,94.81,94.83
SBUX,94.79,94.8
SBUX,94.79,94.8
AAPL,94.7875,94.81
WMT,94.78,94.79
SBUX,94.76,94.78
BSX,94.72,94.74
SBUX,94.69,94.71
MMM,94.627,94.635
WMT,94.62,94.63
BSX,94.62,94.65
SBUX,94.61,94.62
WMT,94.57,94.58
MMM,94.568,94.61
MMM,94.535,94.552
SBUX,94.52,94.53
SBUX,94.52,94.53
MMM,94.51,94.527
BSX,94.48,94.49
MMM,94.476,94.485
MMM,94.476,94.485
SBUX,94.47,94.49
SBUX,94.47,94.49
WMT,94.44,94.45
SBUX,94.43,94.45
SBUX,94.43,94.47
SBUX,94.43,94.47
MMM,94.426,94.435
MMM,94.418,94.426
SBUX,94.4,94.41
SBUX,94.4,94.41
WMT,94.38,94.39
SBUX,94.36,94.37
WMT,94.35,94.36
WMT,94.32,94.33
SBUX,94.27,94.28
WMT,94.25,94.26
BSX,94.25,94.26
MMM,94.226,94.234
WMT,94.22,94.24
BSX,94.2,94.21
SBUX,94.19,94.2
SBUX,94.19,94.2
SBUX,94.18,94.19
SBUX,94.18,94.2
SBUX,94.17,94.18
SBUX,94.16,94.17
MMM,94.15,94.159
WMT,94.13,94.14
SBUX,94.13,94.14
BSX,94.12,94.13
SBUX,94.1,94.12
BSX,94.09,94.09
MMM,94.025,94.05
MMM,94.02,94.03
SBUX,94.01,94.03
SBUX,94.01,94.02
WMT,94,94.01
SBUX,93.97,93.99
SBUX,93.91,93.95
SBUX,93.91,93.93
SBUX,93.9,93.91
SBUX,93.88,93.89
WMT,93.86,93.87
MMM,93.858,93.9
SBUX,93.85,93.87
SBUX,93.84,93.85
BSX,93.84,93.85
SBUX,93.82,93.84
SBUX,93.81,93.82
WMT,93.8,93.81
SBUX,93.8,93.82
SBUX,93.79,93.82
SBUX,93.79,93.82
BSX,93.79,93.8
SBUX,93.75,93.77
SBUX,93.73,93.75
BSX,93.73,93.74
SBUX,93.72,93.74
WMT,93.7,93.71
SBUX,93.69,93.7
SBUX,93.66,93.68
SBUX,93.66,93.67
SBUX,93.65,93.68
SBUX,93.65,93.67
SBUX,93.64,93.66
SBUX,93.64,93.65
SBUX,93.63,93.65
MMM,93.624,93.64
BSX,93.62,93.63
SBUX,93.61,93.62
SBUX,93.61,93.62
BSX,93.6,93.61
BSX,93.57,93.59
BSX,93.55,93.56
WMT,93.54,93.55
SBUX,93.54,93.56
BSX,93.54,93.55
SBUX,93.53,93.55
MMM,93.523,93.532
SBUX,93.52,93.55
WMT,93.48,93.5
SBUX,93.48,93.49
SBUX,93.46,93.48
SBUX,93.46,93.48
AAPL,93.4525,93.465
WMT,93.42,93.43
SBUX,93.42,93.44
SBUX,93.37,93.38
SBUX,93.35,93.36
SBUX,93.34,93.37
SBUX,93.34,93.37
SBUX,93.34,93.35
SBUX,93.33,93.34
SBUX,93.3,93.31
SBUX,93.29,93.3
AAPL,93.25,93.27
WMT,93.23,93.24
WMT,93.23,93.24
SBUX,93.23,93.24
SBUX,93.23,93.24
SBUX,93.23,93.24
SBUX,93.23,93.24
MMM,93.19,93.21
WMT,93.19,93.2
SBUX,93.19,93.2
SBUX,93.18,93.19
MMM,93.172,93.181
SBUX,93.17,93.18
SBUX,93.16,93.17
AAPL,93.155,93.1725
MMM,93.14,93.17
SBUX,93.13,93.15
SBUX,93.13,93.14
SBUX,93.12,93.14
SBUX,93.11,93.12
SBUX,93.09,93.1
SBUX,93.09,93.11
SBUX,93.07,93.09
SBUX,93.07,93.08
WMT,93.06,93.07
SBUX,93.06,93.08
SBUX,93.05,93.06
SBUX,93.05,93.07
SBUX,93.03,93.05
SBUX,93.03,93.04
SBUX,93.03,93.05
MMM,93.022,93.03
SBUX,93,93.02
SBUX,92.99,93
SBUX,92.99,93
SBUX,92.99,93
SBUX,92.98,93
SBUX,92.97,92.99
MMM,92.96,92.97
WMT,92.96,92.97
MMM,92.946,92.963
SBUX,92.94,92.95
SBUX,92.93,92.95
BSX,92.93,92.94
MMM,92.913,92.921
AAPL,92.86,92.865
MMM,92.84,92.87
SBUX,92.84,92.86
SBUX,92.83,92.85
SBUX,92.79,92.81
WMT,92.78,92.79
WMT,92.76,92.77
SBUX,92.76,92.78
SBUX,92.74,92.76
SBUX,92.74,92.75
SBUX,92.74,92.75
SBUX,92.73,92.74
SBUX,92.7,92.71
SBUX,92.7,92.71
SBUX,92.69,92.7
SBUX,92.69,92.7
BSX,92.69,92.7
SBUX,92.66,92.67
SBUX,92.66,92.67
BSX,92.63,92.64
WMT,92.62,92.63
SBUX,92.62,92.65
SBUX,92.62,92.64
MMM,92.61,92.62
SBUX,92.61,92.62
AAPL,92.605,92.6175
WMT,92.6,92.61
WMT,92.6,92.61
SBUX,92.6,92.62
SBUX,92.6,92.62
MMM,92.59,92.6
SBUX,92.59,92.61
SBUX,92.58,92.6
MMM,92.57,92.59
SBUX,92.57,92.58
BSX,92.57,92.58
SBUX,92.54,92.55
SBUX,92.54,92.57
SBUX,92.53,92.54
BSX,92.53,92.55
WMT,92.52,92.53
SBUX,92.52,92.53
SBUX,92.51,92.52
BSX,92.5,92.51
SBUX,92.48,92.5
SBUX,92.47,92.48
SBUX,92.45,92.46
MMM,92.445,92.503
SBUX,92.43,92.44
MMM,92.428,92.436
SBUX,92.4,92.42
SBUX,92.36,92.37
MMM,92.35,92.36
WMT,92.35,92.36
SBUX,92.34,92.35
BSX,92.33,92.34
SBUX,92.31,92.33
SBUX,92.3,92.31
SBUX,92.27,92.28
SBUX,92.26,92.27
SBUX,92.26,92.27
WMT,92.25,92.26
SBUX,92.25,92.27
SBUX,92.22,92.23
SBUX,92.22,92.24
SBUX,92.21,92.22
MMM,92.17,92.18
SBUX,92.17,92.19
BSX,92.17,92.18
SBUX,92.15,92.16
MMM,92.144,92.169
SBUX,92.13,92.14
SBUX,92.11,92.13
SBUX,92.08,92.09
SBUX,92.07,92.08
SBUX,92.03,92.04
SBUX,92.02,92.03
SBUX,92,92.02
BSX,92,92.01
SBUX,91.99,92
MMM,91.985,91.993
MMM,91.97,91.98
SBUX,91.97,91.99
SBUX,91.97,91.98
SBUX,91.97,91.98
SBUX,91.96,91.97
SBUX,91.95,91.96
MMM,91.94,91.97
MMM,91.935,91.943
SBUX,91.93,91.94
WMT,91.92,91.93
WMT,91.92,91.93
MMM,91.885,91.893
WMT,91.87,91.88
WMT,91.87,91.88
SBUX,91.87,91.89
BSX,91.87,91.89
SBUX,91.84,91.86
SBUX,91.84,91.85
MMM,91.826,91.834
MMM,91.82,91.83
SBUX,91.77,91.78
WMT,91.76,91.77
WMT,91.76,91.77
SBUX,91.76,91.8
SBUX,91.75,91.76
BSX,91.74,91.76
BSX,91.73,91.74
WMT,91.72,91.73
MMM,91.709,91.717
SBUX,91.69,91.7
SBUX,91.69,91.7
WMT,91.66,91.67
SBUX,91.66,91.67
SBUX,91.65,91.66
SBUX,91.64,91.65
SBUX,91.62,91.63
SBUX,91.59,91.6
SBUX,91.59,91.6
AAPL,91.5875,91.605
BSX,91.58,91.6
SBUX,91.57,91.58
SBUX,91.56,91.58
WMT,91.54,91.55
SBUX,91.54,91.57
SBUX,91.52,91.54
SBUX,91.52,91.54
SBUX,91.51,91.53
SBUX,91.51,91.52
BSX,91.5,91.51
BSX,91.5,91.51
SBUX,91.49,91.5
SBUX,91.48,91.49
MMM,91.46,91.47
WMT,91.45,91.46
SBUX,91.44,91.46
MMM,91.42,91.43
SBUX,91.42,91.43
BSX,91.42,91.43
MMM,91.383,91.4
MMM,91.383,91.4
MMM,91.341,91.35
SBUX,91.34,91.35
SBUX,91.34,91.35
MMM,91.32,91.33
WMT,91.32,91.33
WMT,91.32,91.33
BSX,91.32,91.33
BSX,91.31,91.32
WMT,91.3,91.31
SBUX,91.3,91.31
SBUX,91.3,91.33
MMM,91.29,91.3
SBUX,91.27,91.28
SBUX,91.25,91.29
SBUX,91.25,91.29
SBUX,91.24,91.25
SBUX,91.23,91.24
SBUX,91.22,91.23
AAPL,91.2075,91.22
MMM,91.191,91.199
BSX,91.19,91.21
WMT,91.18,91.19
SBUX,91.16,91.17
SBUX,91.15,91.16
AAPL,91.1475,91.1475
SBUX,91.14,91.16
SBUX,91.13,91.16
SBUX,91.12,91.13
SBUX,91.12,91.13
MMM,91.082,91.09
MMM,91.082,91.09
SBUX,91.08,91.1
MMM,91.074,91.082
SBUX,91.07,91.08
SBUX,91.05,91.06
SBUX,91.05,91.07
MMM,91.049,91.057
MMM,91.03,91.04
SBUX,91.03,91.06
AAPL,91.0275,91.0325
AAPL,91.0275,91.0325
MMM,91.023,91.032
MMM,91.015,91.032
MMM,91.01,91.05
BSX,91.01,91.05
BSX,91.01,91.05
AAPL,91,91.02
MMM,90.99,90.998
SBUX,90.99,91
SBUX,90.99,91.01
SBUX,90.99,91
SBUX,90.97,91
SBUX,90.94,90.95
SBUX,90.93,90.95
MMM,90.923,90.932
MMM,90.92,90.96
BSX,90.83,90.84
WMT,90.79,90.8
WMT,90.79,90.8
SBUX,90.79,90.8
MMM,90.773,90.789
SBUX,90.77,90.79
SBUX,90.76,90.8
WMT,90.75,90.76
BSX,90.75,90.76
BSX,90.75,90.76
SBUX,90.7,90.71
SBUX,90.69,90.71
BSX,90.69,90.7
BSX,90.69,90.7
BSX,90.68,90.69
MMM,90.672,90.681
SBUX,90.67,90.68
SBUX,90.64,90.65
SBUX,90.6,90.62
WMT,90.58,90.59
SBUX,90.58,90.6
SBUX,90.58,90.6
WMT,90.57,90.58
BSX,90.56,90.58
SBUX,90.55,90.56
BSX,90.54,90.55
BSX,90.54,90.57
MMM,90.522,90.53
MMM,90.522,90.539
MMM,90.51,90.55
SBUX,90.51,90.52
AAPL,90.485,90.5
MMM,90.48,90.505
SBUX,90.46,90.49
BSX,90.46,90.47
BSX,90.46,90.52
BSX,90.45,90.46
BSX,90.43,90.44
WMT,90.42,90.43
SBUX,90.41,90.42
BSX,90.41,90.43
BSX,90.4,90.41
WMT,90.39,90.4
WMT,90.39,90.4
MMM,90.38,90.388
MMM,90.38,90.388
MMM,90.38,90.388
WMT,90.38,90.39
SBUX,90.38,90.39
SBUX,90.38,90.42
SBUX,90.38,90.42
MMM,90.371,90.396
MMM,90.313,90.321
BSX,90.31,90.33
MMM,90.229,90.238
SBUX,90.2,90.22
BSX,90.2,90.21
BSX,90.19,90.2
MMM,90.187,90.196
BSX,90.16,90.19
SBUX,90.15,90.17
SBUX,90.15,90.16
SBUX,90.14,90.15
SBUX,90.14,90.15
SBUX,90.13,90.14
MMM,90.121,90.129
MMM,90.121,90.146
SBUX,90.12,90.13
MMM,90.112,90.137
BSX,90.11,90.12
MMM,90.062,90.104
SBUX,90.05,90.06
WMT,90.03,90.04
SBUX,90.03,90.05
BSX,90.03,90.04
SBUX,90.01,90.02
BSX,90,90.01
MMM,89.987,89.995
AAPL,89.985,90.015
BSX,89.97,90
SBUX,89.96,89.97
SBUX,89.92,89.93
SBUX,89.9,89.91
SBUX,89.9,89.91
SBUX,89.9,89.91
MMM,89.895,89.937
BSX,89.85,89.86
SBUX,89.77,89.8
SBUX,89.77,89.78
SBUX,89.76,89.78
WMT,89.73,89.74
AAPL,89.7175,89.725
BSX,89.69,89.7
BSX,89.68,89.7
SBUX,89.66,89.72
SBUX,89.66,89.7
SBUX,89.64,89.66
MMM,89.602,89.619
WMT,89.6,89.61
MMM,89.594,89.602
MMM,89.594,89.602
SBUX,89.57,89.58
MMM,89.535,89.544
SBUX,89.52,89.54
SBUX,89.51,89.59
SBUX,89.5,89.51
SBUX,89.47,89.48
MMM,89.46,89.477
SBUX,89.46,89.47
SBUX,89.45,89.46
WMT,89.44,89.45
MMM,89.41,89.418
MMM,89.41,89.418
SBUX,89.41,89.43
SBUX,89.39,89.4
SBUX,89.37,89.38
SBUX,89.36,89.37
BSX,89.35,89.36
SBUX,89.34,89.35
SBUX,89.34,89.36
BSX,89.34,89.37
BSX,89.34,89.37
MMM,89.335,89.343
MMM,89.326,89.335
SBUX,89.31,89.33
SBUX,89.31,89.33
SBUX,89.29,89.3
SBUX,89.29,89.3
MMM,89.268,89.284
MMM,89.268,89.276
BSX,89.24,89.25
SBUX,89.23,89.24
MMM,89.184,89.192
SBUX,89.16,89.17
SBUX,89.16,89.17
SBUX,89.07,89.08
SBUX,88.99,89
MMM,88.983,88.992
BSX,88.98,89.01
SBUX,88.96,88.98
MMM,88.95,88.958
SBUX,88.91,88.92
MMM,88.891,88.9
MMM,88.891,88.9
SBUX,88.89,88.9
SBUX,88.87,88.88
MMM,88.85,88.858
MMM,88.841,88.85
SBUX,88.83,88.84
SBUX,88.82,88.84
MMM,88.816,88.833
MMM,88.808,88.816
WMT,88.78,88.8
BSX,88.77,88.78
MMM,88.766,88.774
SBUX,88.76,88.77
SBUX,88.76,88.77
SBUX,88.73,88.74
SBUX,88.73,88.77
BSX,88.73,88.74
SBUX,88.71,88.72
BSX,88.71,88.72
MMM,88.708,88.716
MMM,88.699,88.708
SBUX,88.68,88.7
BSX,88.65,88.67
MMM,88.649,88.657
MMM,88.649,88.657
SBUX,88.63,88.67
SBUX,88.61,88.63
MMM,88.591,88.599
SBUX,88.59,88.6
SBUX,88.58,88.59
SBUX,88.56,88.57
SBUX,88.55,88.56
SBUX,88.55,88.56
SBUX,88.53,88.54
SBUX,88.52,88.53
BSX,88.51,88.52
SBUX,88.5,88.52
MMM,88.49,88.515
SBUX,88.49,88.51
MMM,88.482,88.49
SBUX,88.46,88.47
SBUX,88.43,88.45
MMM,88.415,88.423
AAPL,88.4075,88.48
SBUX,88.38,88.39
SBUX,88.38,88.39
WMT,88.37,88.38
SBUX,88.37,88.4
SBUX,88.37,88.39
SBUX,88.36,88.37
SBUX,88.35,88.37
SBUX,88.34,88.35
SBUX,88.34,88.35
SBUX,88.34,88.35
SBUX,88.31,88.32
SBUX,88.29,88.3
SBUX,88.29,88.3
BSX,88.27,88.28
MMM,88.264,88.273
SBUX,88.25,88.27
SBUX,88.25,88.26
MMM,88.248,88.264
SBUX,88.23,88.25
MMM,88.223,88.231
MMM,88.206,88.214
SBUX,88.19,88.21
SBUX,88.19,88.21
SBUX,88.18,88.19
SBUX,88.18,88.19
AAPL,88.165,88.21
SBUX,88.11,88.13
SBUX,88.11,88.13
SBUX,88.09,88.1
BSX,88.07,88.08
BSX,88.07,88.1
BSX,88.07,88.1
MMM,88.064,88.081
BSX,88.06,88.07
AAPL,88.0325,88.065
SBUX,88.02,88.03
BSX,88.02,88.03
BSX,88,88.01
MMM,87.989,87.997
SBUX,87.98,88
MMM,87.963,88.005
SBUX,87.9,87.93
AAPL,87.895,87.8975
SBUX,87.89,87.9
SBUX,87.87,87.88
SBUX,87.86,87.87
MMM,87.846,87.855
SBUX,87.84,87.85
MMM,87.838,87.855
WMT,87.83,87.84
SBUX,87.83,87.84
AAPL,87.81,87.8125
MMM,87.796,87.813
WMT,87.78,87.8
SBUX,87.71,87.72
MMM,87.662,87.671
SBUX,87.66,87.68
SBUX,87.64,87.65
SBUX,87.64,87.67
SBUX,87.6,87.61
SBUX,87.59,87.62
SBUX,87.59,87.6
BSX,87.59,87.6
MMM,87.587,87.604
MMM,87.587,87.604
SBUX,87.56,87.57
BSX,87.55,87.56
SBUX,87.54,87.55
SBUX,87.54,87.56
WMT,87.5,87.51
SBUX,87.5,87.52
MMM,87.462,87.479
SBUX,87.45,87.46
BSX,87.44,87.45
MMM,87.437,87.445
WMT,87.43,87.44
MMM,87.412,87.42
WMT,87.41,87.42
SBUX,87.41,87.42
SBUX,87.4,87.43
SBUX,87.4,87.42
MMM,87.395,87.403
MMM,87.395,87.403
MMM,87.395,87.403
AAPL,87.375,87.3775
MMM,87.353,87.361
SBUX,87.33,87.36
MMM,87.328,87.345
MMM,87.311,87.32
SBUX,87.28,87.29
SBUX,87.27,87.28
SBUX,87.27,87.28
MMM,87.261,87.27
SBUX,87.25,87.26
SBUX,87.24,87.25
MMM,87.228,87.253
MMM,87.211,87.219
MMM,87.203,87.211
WMT,87.2,87.21
SBUX,87.2,87.22
MMM,87.194,87.203
SBUX,87.19,87.2
SBUX,87.19,87.21
WMT,87.18,87.19
MMM,87.161,87.169
SBUX,87.16,87.18
MMM,87.127,87.152
SBUX,87.12,87.13
SBUX,87.12,87.13
MMM,87.111,87.127
SBUX,87.11,87.13
SBUX,87.1,87.11
SBUX,87.1,87.11
BSX,87.1,87.11
SBUX,87.09,87.11
SBUX,87.08,87.1
SBUX,87.08,87.09
MMM,87.06,87.069
SBUX,87.05,87.06
SBUX,87.03,87.05
SBUX,87.03,87.04
MMM,87.027,87.044
MMM,87.01,87.019
MMM,87.002,87.01
BSX,87,87.01
SBUX,86.99,87
SBUX,86.99,87.01
SBUX,86.97,87.02
BSX,86.97,86.98
SBUX,86.95,87.02
SBUX,86.91,86.92
BSX,86.88,86.9
SBUX,86.87,86.88
MMM,86.86,86.868
SBUX,86.86,86.89
SBUX,86.86,86.87
SBUX,86.86,86.87
SBUX,86.85,86.88
SBUX,86.83,86.85
MMM,86.81,86.818
SBUX,86.8,86.81
SBUX,86.79,86.8
BSX,86.77,86.78
SBUX,86.75,86.79
SBUX,86.74,86.77
SBUX,86.74,86.75
SBUX,86.73,86.77
SBUX,86.73,86.74
SBUX,86.7,86.71
SBUX,86.7,86.71
BSX,86.7,86.71
MMM,86.684,86.709
MMM,86.684,86.709
SBUX,86.68,86.71
SBUX,86.63,86.65
SBUX,86.62,86.63
SBUX,86.6,86.61
WMT,86.59,86.6
SBUX,86.57,86.58
SBUX,86.57,86.59
SBUX,86.57,86.58
SBUX,86.56,86.57
SBUX,86.53,86.54
MMM,86.525,86.534
MMM,86.492,86.5
SBUX,86.49,86.5
SBUX,86.48,86.49
MMM,86.467,86.475
MMM,86.459,86.467
SBUX,86.45,86.46
SBUX,86.43,86.44
BSX,86.42,86.43
BSX,86.42,86.44
SBUX,86.41,86.43
MMM,86.408,86.417
SBUX,86.38,86.39
MMM,86.375,86.392
SBUX,86.37,86.4
MMM,86.367,86.383
WMT,86.32,86.33
MMM,86.275,86.283
SBUX,86.26,86.27
SBUX,86.26,86.27
MMM,86.249,86.258
MMM,86.233,86.258
SBUX,86.22,86.23
SBUX,86.2,86.22
BSX,86.2,86.21
SBUX,86.19,86.21
SBUX,86.15,86.16
SBUX,86.14,86.16
MMM,86.132,86.141
MMM,86.116,86.124
MMM,86.099,86.107
SBUX,86.08,86.1
SBUX,86.08,86.09
SBUX,86.06,86.07
MMM,86.057,86.074
SBUX,86.05,86.07
SBUX,86,86.01
SBUX,85.98,86
MMM,85.974,85.999
MMM,85.965,85.974
MMM,85.957,85.965
MMM,85.957,85.99
AAPL,85.9525,85.955
SBUX,85.94,85.97
SBUX,85.94,85.95
WMT,85.93,85.94
MMM,85.923,85.932
MMM,85.923,85.932
MMM,85.907,85.915
SBUX,85.9,85.91
MMM,85.898,85.907
SBUX,85.89,85.92
SBUX,85.89,85.9
SBUX,85.89,85.91
SBUX,85.87,85.88
SBUX,85.84,85.85
SBUX,85.84,85.86
WMT,85.83,85.84
BSX,85.83,85.84
SBUX,85.81,85.82
MMM,85.806,85.831
MMM,85.756,85.765
AAPL,85.7475,85.77
SBUX,85.73,85.74
SBUX,85.72,85.73
MMM,85.706,85.714
SBUX,85.69,85.7
SBUX,85.69,85.7
SBUX,85.65,85.68
SBUX,85.64,85.66
SBUX,85.62,85.64
WMT,85.61,85.62
WMT,85.6,85.61
SBUX,85.59,85.6
SBUX,85.58,85.59
MMM,85.572,85.581
SBUX,85.57,85.58
MMM,85.556,85.564
MMM,85.556,85.564
WMT,85.53,85.54
MMM,85.522,85.53
BSX,85.52,85.54
MMM,85.505,85.53
MMM,85.497,85.505
SBUX,85.49,85.5
SBUX,85.48,85.49
SBUX,85.42,85.43
SBUX,85.42,85.43
SBUX,85.41,85.42
SBUX,85.41,85.43
SBUX,85.4,85.41
SBUX,85.4,85.41
SBUX,85.39,85.41
SBUX,85.38,85.39
SBUX,85.36,85.37
SBUX,85.35,85.36
SBUX,85.34,85.35
WMT,85.29,85.31
SBUX,85.28,85.29
MMM,85.271,85.28
SBUX,85.27,85.29
SBUX,85.26,85.29
SBUX,85.25,85.26
SBUX,85.23,85.24
MMM,85.213,85.221
SBUX,85.21,85.22
SBUX,85.21,85.22
SBUX,85.18,85.19
WMT,85.16,85.17
WMT,85.16,85.17
SBUX,85.16,85.17
MMM,85.146,85.154
BSX,85.11,85.12
SBUX,85.1,85.11
WMT,85.09,85.1
MMM,85.087,85.096
SBUX,85.08,85.1
MMM,85.062,85.087
SBUX,85.05,85.06
MMM,85.037,85.046
MMM,85.037,85.046
WMT,85.02,85.03
MMM,85.012,85.02
SBUX,85.01,85.04
SBUX,84.99,85.02
MMM,84.962,84.987
SBUX,84.95,84.96
SBUX,84.93,84.94
MMM,84.92,84.928
MMM,84.92,84.928
SBUX,84.92,84.96
SBUX,84.92,84.93
SBUX,84.87,84.88
SBUX,84.87,84.88
WMT,84.86,84.88
SBUX,84.86,84.88
MMM,84.853,84.87
MMM,84.837,84.853
MMM,84.837,84.845
SBUX,84.83,84.84
SBUX,84.82,84.84
SBUX,84.8,84.81
BSX,84.79,84.8
SBUX,84.78,84.81
SBUX,84.77,84.78
WMT,84.75,84.76
SBUX,84.74,84.75
SBUX,84.74,84.76
SBUX,84.73,84.74
BSX,84.73,84.74
BSX,84.71,84.72
SBUX,84.69,84.7
SBUX,84.69,84.7
MMM,84.686,84.694
SBUX,84.67,84.68
SBUX,84.67,84.69
AAPL,84.6325,84.685
SBUX,84.61,84.63
SBUX,84.6,84.62
SBUX,84.58,84.6
SBUX,84.58,84.59
MMM,84.577,84.586
MMM,84.569,84.586
MMM,84.561,84.586
MMM,84.561,84.586
SBUX,84.56,84.57
SBUX,84.56,84.57
SBUX,84.56,84.57
SBUX,84.55,84.56
BSX,84.55,84.56
BSX,84.54,84.55
SBUX,84.52,84.53
SBUX,84.52,84.53
MMM,84.51,84.536
SBUX,84.51,84.52
MMM,84.494,84.502
WMT,84.48,84.49
MMM,84.477,84.485
WMT,84.47,84.48
BSX,84.47,84.48
MMM,84.469,84.502
SBUX,84.46,84.47
SBUX,84.46,84.49
MMM,84.435,84.444
BSX,84.41,84.42
SBUX,84.4,84.43
SBUX,84.4,84.43
SBUX,84.36,84.37
MMM,84.352,84.36
SBUX,84.34,84.36
SBUX,84.34,84.35
SBUX,84.3,84.32
SBUX,84.29,84.3
WMT,84.27,84.28
MMM,84.268,84.276
MMM,84.26,84.268
SBUX,84.26,84.27
MMM,84.251,84.26
SBUX,84.25,84.26
WMT,84.24,84.25
MMM,84.235,84.243
SBUX,84.22,84.24
SBUX,84.22,84.24
MMM,84.218,84.226
MMM,84.201,84.209
SBUX,84.17,84.18
BSX,84.16,84.17
SBUX,84.14,84.18
SBUX,84.14,84.16
SBUX,84.12,84.13
SBUX,84.12,84.13
WMT,84.08,84.09
SBUX,84.06,84.07
SBUX,84.05,84.07
SBUX,84.05,84.06
MMM,84.034,84.042
BSX,84.02,84.03
WMT,84,84.1
SBUX,83.98,84
BSX,83.98,84
BSX,83.98,83.99
SBUX,83.97,83.98
SBUX,83.96,83.98
MMM,83.959,83.967
MMM,83.95,83.975
AAPL,83.9475,83.975
SBUX,83.93,83.94
SBUX,83.9,83.91
BSX,83.9,83.91
SBUX,83.89,83.91
SBUX,83.88,83.9
WMT,83.84,83.85
SBUX,83.83,83.85
SBUX,83.83,83.84
SBUX,83.83,83.86
BSX,83.83,83.84
BSX,83.83,83.84
MMM,83.825,83.833
SBUX,83.81,83.82
MMM,83.8,83.817
SBUX,83.79,83.81
BSX,83.78,83.8
SBUX,83.76,83.78
MMM,83.758,83.766
SBUX,83.75,83.78
BSX,83.7,83.71
WMT,83.69,83.7
MMM,83.683,83.691
SBUX,83.68,83.71
SBUX,83.68,83.69
SBUX,83.66,83.7
SBUX,83.66,83.69
MMM,83.633,83.641
BSX,83.63,83.64
SBUX,83.6,83.62
SBUX,83.56,83.59
SBUX,83.54,83.55
BSX,83.54,83.55
MMM,83.516,83.524
BSX,83.5,83.51
BSX,83.49,83.5
MMM,83.465,83.474
WMT,83.44,83.45
SBUX,83.41,83.45
SBUX,83.41,83.42
SBUX,83.4,83.41
SBUX,83.39,83.4
SBUX,83.38,83.39
AAPL,83.3675,83.3875
BSX,83.36,83.38
SBUX,83.35,83.36
SBUX,83.33,83.34
MMM,83.323,83.332
MMM,83.323,83.332
SBUX,83.31,83.32
BSX,83.29,83.3
WMT,83.26,83.27
SBUX,83.25,83.26
SBUX,83.19,83.21
SBUX,83.14,83.15
SBUX,83.11,83.14
SBUX,83.1,83.12
WMT,83.09,83.1
BSX,83.07,83.08
WMT,83.05,83.06
SBUX,83.04,83.05
BSX,83.03,83.04
SBUX,83.01,83.02
SBUX,82.98,82.99
MMM,82.955,82.964
SBUX,82.94,82.96
SBUX,82.94,82.95
SBUX,82.94,82.95
MMM,82.93,82.947
SBUX,82.88,82.89
SBUX,82.88,82.89
BSX,82.86,82.87
AAPL,82.8525,82.8725
SBUX,82.85,82.87
MMM,82.813,82.83
MMM,82.805,82.813
WMT,82.8,82.81
SBUX,82.8,82.81
SBUX,82.78,82.79
MMM,82.763,82.771
SBUX,82.75,82.77
MMM,82.73,82.738
SBUX,82.71,82.73
SBUX,82.7,82.73
SBUX,82.7,82.71
SBUX,82.67,82.68
BSX,82.65,82.67
SBUX,82.62,82.63
BSX,82.57,82.58
SBUX,82.54,82.55
MMM,82.537,82.546
BSX,82.52,82.53
WMT,82.51,82.52
MMM,82.462,82.47
MMM,82.429,82.437
WMT,82.42,82.44
SBUX,82.39,82.4
SBUX,82.38,82.41
SBUX,82.37,82.38
MMM,82.362,82.378
SBUX,82.36,82.39
MMM,82.353,82.362
MMM,82.345,82.353
MMM,82.337,82.353
SBUX,82.26,82.27
SBUX,82.22,82.23
SBUX,82.18,82.19
WMT,82.17,82.18
SBUX,82.17,82.18
MMM,82.161,82.178
MMM,82.144,82.153
SBUX,82.14,82.15
SBUX,82.1,82.11
SBUX,82.09,82.1
SBUX,82.07,82.11
WMT,82.02,82.05
SBUX,82,82.01
WMT,81.94,81.95
BSX,81.94,81.95
MMM,81.935,81.944
MMM,81.91,81.919
SBUX,81.87,81.88
AAPL,81.7975,81.805
WMT,81.79,81.8
BSX,81.77,81.78
BSX,81.77,81.78
WMT,81.71,81.72
WMT,81.7,81.71
SBUX,81.69,81.71
SBUX,81.65,81.67
SBUX,81.61,81.62
BSX,81.61,81.64
SBUX,81.6,81.66
MMM,81.501,81.509
SBUX,81.5,81.56
SBUX,81.5,81.51
SBUX,81.48,81.5
SBUX,81.48,81.5
SBUX,81.46,81.48
WMT,81.44,81.45
WMT,81.43,81.44
SBUX,81.42,81.43
BSX,81.37,81.38
MMM,81.342,81.35
SBUX,81.32,81.33
WMT,81.31,81.32
AAPL,81.3,81.305
MMM,81.292,81.3
AAPL,81.2725,81.2775
WMT,81.27,81.28
AAPL,81.235,81.2375
AAPL,81.235,81.2375
WMT,81.22,81.23
AAPL,81.2175,81.2375
SBUX,81.21,81.22
SBUX,81.2,81.26
MMM,81.175,81.191
SBUX,81.16,81.18
BSX,81.16,81.17
MMM,81.158,81.166
SBUX,81.15,81.16
MMM,81.133,81.149
MMM,81.091,81.099
AAPL,81.08,81.085
MMM,81.041,81.049
MMM,81.041,81.049
SBUX,80.97,80.98
AAPL,80.965,80.975
MMM,80.949,80.957
WMT,80.91,80.92
SBUX,80.91,80.92
AAPL,80.905,80.9075
WMT,80.9,80.91
SBUX,80.86,80.88
AAPL,80.84,80.855
WMT,80.83,80.83
SBUX,80.76,80.78
WMT,80.75,80.76
SBUX,80.72,80.73
WMT,80.7,80.72
SBUX,80.68,80.69
SBUX,80.68,80.69
BSX,80.67,80.68
SBUX,80.66,80.67
WMT,80.6,80.61
WMT,80.6,80.61
MMM,80.598,80.606
AAPL,80.58,80.5925
MMM,80.514,80.522
WMT,80.44,80.45
AAPL,80.435,80.4525
WMT,80.4,80.41
WMT,80.39,80.4
AAPL,80.385,80.3875
AAPL,80.3825,80.395
MMM,80.338,80.347
WMT,80.33,80.34
MMM,80.305,80.322
WMT,80.3,80.31
SBUX,80.3,80.33
SBUX,80.28,80.3
MMM,80.263,80.272
SBUX,80.25,80.27
MMM,80.246,80.255
SBUX,80.22,80.23
SBUX,80.21,80.22
SBUX,80.21,80.22
SBUX,80.21,80.22
MMM,80.205,80.246
MMM,80.205,80.213
SBUX,80.15,80.17
WMT,80.08,80.09
AAPL,80.075,80.08
MMM,80.029,80.037
SBUX,80.01,80.03
SBUX,80.01,80.02
AAPL,80.0075,80.01
SBUX,80,80.01
MMM,79.996,80.012
SBUX,79.97,79.99
WMT,79.91,79.92
SBUX,79.91,79.93
AAPL,79.9,79.9025
SBUX,79.89,79.9
AAPL,79.81,79.8225
BSX,79.81,79.82
AAPL,79.79,79.81
SBUX,79.78,79.8
WMT,79.77,79.78
SBUX,79.76,79.78
AAPL,79.75,79.7525
SBUX,79.73,79.75
SBUX,79.72,79.75
AAPL,79.7125,79.715
MMM,79.711,79.72
MMM,79.711,79.72
SBUX,79.71,79.73
AAPL,79.7025,79.7225
AAPL,79.7025,79.7225
WMT,79.7,79.71
WMT,79.69,79.7
MMM,79.686,79.72
SBUX,79.67,79.69
AAPL,79.665,79.6675
AAPL,79.665,79.6675
SBUX,79.66,79.68
SBUX,79.63,79.65
SBUX,79.63,79.64
SBUX,79.62,79.64
WMT,79.6,79.61
SBUX,79.58,79.6
BSX,79.58,79.59
AAPL,79.5625,79.5825
AAPL,79.55,79.5575
AAPL,79.5175,79.53
SBUX,79.51,79.55
SBUX,79.5,79.51
SBUX,79.5,79.51
BSX,79.5,79.51
BSX,79.49,79.51
AAPL,79.475,79.48
SBUX,79.46,79.47
AAPL,79.425,79.4275
AAPL,79.4225,79.44
SBUX,79.42,79.43
MMM,79.41,79.419
MMM,79.394,79.402
SBUX,79.38,79.41
SBUX,79.3,79.31
MMM,79.277,79.285
SBUX,79.27,79.29
SBUX,79.27,79.28
SBUX,79.27,79.28
SBUX,79.27,79.3
MMM,79.252,79.268
SBUX,79.25,79.26
SBUX,79.25,79.26
AAPL,79.24,79.2425
AAPL,79.235,79.305
SBUX,79.23,79.24
SBUX,79.2,79.24
AAPL,79.18,79.21
BSX,79.16,79.17
WMT,79.15,79.16
SBUX,79.15,79.16
MMM,79.143,79.151
AAPL,79.1425,79.1475
WMT,79.12,79.13
SBUX,79.05,79.06
WMT,79.03,79.05
SBUX,79,79.01
SBUX,79,79.01
SBUX,78.99,79.01
SBUX,78.97,78.98
SBUX,78.96,78.97
SBUX,78.95,78.96
SBUX,78.87,78.89
SBUX,78.87,78.88
SBUX,78.85,78.86
SBUX,78.85,78.86
SBUX,78.85,78.86
MMM,78.842,78.85
MMM,78.842,78.859
AAPL,78.83,78.84
WMT,78.8,78.81
BSX,78.8,78.81
WMT,78.77,78.78
SBUX,78.77,78.78
AAPL,78.75,78.7525
SBUX,78.74,78.76
AAPL,78.7225,78.74
SBUX,78.69,78.76
SBUX,78.68,78.7
BSX,78.66,78.67
SBUX,78.63,78.64
WMT,78.62,78.63
MMM,78.616,78.633
BSX,78.6,78.61
SBUX,78.59,78.6
MMM,78.566,78.574
SBUX,78.54,78.55
MMM,78.524,78.533
MMM,78.482,78.491
SBUX,78.48,78.49
SBUX,78.47,78.48
BSX,78.46,78.48
MMM,78.457,78.466
MMM,78.449,78.474
SBUX,78.44,78.47
SBUX,78.43,78.44
SBUX,78.37,78.38
MMM,78.365,78.374
SBUX,78.31,78.33
SBUX,78.3,78.31
MMM,78.282,78.29
SBUX,78.27,78.28
AAPL,78.2575,78.26
AAPL,78.2525,78.2825
BSX,78.25,78.26
BSX,78.25,78.26
MMM,78.223,78.232
AAPL,78.1725,78.175
SBUX,78.17,78.2
MMM,78.14,78.165
BSX,78.14,78.15
SBUX,78.12,78.13
SBUX,78.08,78.09
WMT,78.05,78.06
BSX,78.03,78.04
MMM,78.023,78.039
MMM,77.981,77.989
SBUX,77.97,77.98
MMM,77.964,77.972
MMM,77.939,77.947
SBUX,77.93,77.94
SBUX,77.91,77.92
SBUX,77.91,77.92
SBUX,77.9,77.92
SBUX,77.9,77.91
MMM,77.88,77.905
AAPL,77.8725,77.875
SBUX,77.86,77.88
SBUX,77.86,77.88
SBUX,77.85,77.9
SBUX,77.83,77.86
AAPL,77.8275,77.855
SBUX,77.78,77.8
SBUX,77.76,77.77
SBUX,77.76,77.77
SBUX,77.75,77.77
SBUX,77.74,77.75
SBUX,77.73,77.74
BSX,77.73,77.74
SBUX,77.71,77.72
BSX,77.7,77.71
BSX,77.69,77.7
MMM,77.655,77.663
SBUX,77.63,77.64
BSX,77.63,77.66
MMM,77.621,77.63
SBUX,77.62,77.63
SBUX,77.62,77.63
AAPL,77.5925,77.595
BSX,77.58,77.59
SBUX,77.56,77.57
BSX,77.56,77.58
AAPL,77.52,77.5375
MMM,77.513,77.529
BSX,77.5,77.51
MMM,77.496,77.504
SBUX,77.49,77.5
SBUX,77.48,77.49
MMM,77.471,77.479
MMM,77.462,77.479
SBUX,77.46,77.49
SBUX,77.44,77.45
AAPL,77.425,77.43
BSX,77.42,77.45
SBUX,77.41,77.43
BSX,77.41,77.42
MMM,77.404,77.412
BSX,77.39,77.4
MMM,77.387,77.395
AAPL,77.3775,77.4275
WMT,77.35,77.36
MMM,77.345,77.354
AAPL,77.335,77.35
MMM,77.27,77.278
MMM,77.253,77.262
AAPL,77.2375,77.2425
SBUX,77.23,77.24
WMT,77.21,77.22
WMT,77.21,77.22
SBUX,77.21,77.22
WMT,77.19,77.2
MMM,77.186,77.203
MMM,77.178,77.195
AAPL,77.17,77.18
WMT,77.15,77.16
BSX,77.14,77.15
MMM,77.128,77.136
SBUX,77.12,77.14
BSX,77.12,77.13
SBUX,77.1,77.11
MMM,77.094,77.103
SBUX,77.07,77.08
BSX,77.07,77.08
SBUX,77.05,77.1
SBUX,77.05,77.06
BSX,77.04,77.06
BSX,77.03,77.04
BSX,77.03,77.04
BSX,76.99,77
SBUX,76.96,76.97
WMT,76.95,76.96
MMM,76.927,76.944
AAPL,76.925,76.94
BSX,76.92,76.93
AAPL,76.9125,76.92
SBUX,76.88,76.9
BSX,76.88,76.89
SBUX,76.87,76.9
SBUX,76.84,76.85
BSX,76.84,76.85
MMM,76.802,76.835
MMM,76.785,76.793
BSX,76.75,76.76
SBUX,76.73,76.74
MMM,76.727,76.743
SBUX,76.7,76.71
SBUX,76.7,76.71
BSX,76.69,76.7
WMT,76.68,76.69
MMM,76.66,76.685
MMM,76.651,76.66
SBUX,76.63,76.67
SBUX,76.58,76.59
SBUX,76.54,76.56
BSX,76.54,76.55
SBUX,76.53,76.54
SBUX,76.51,76.52
BSX,76.5,76.51
MMM,76.484,76.501
MMM,76.442,76.476
SBUX,76.44,76.46
SBUX,76.42,76.43
WMT,76.4,76.42
BSX,76.4,76.41
BSX,76.4,76.41
SBUX,76.39,76.4
BSX,76.39,76.4
SBUX,76.36,76.38
BSX,76.33,76.34
BSX,76.33,76.34
SBUX,76.31,76.32
SBUX,76.3,76.31
BSX,76.3,76.32
MMM,76.292,76.309
MMM,76.292,76.309
SBUX,76.27,76.29
SBUX,76.27,76.28
BSX,76.26,76.27
SBUX,76.24,76.26
SBUX,76.24,76.26
BSX,76.24,76.26
SBUX,76.22,76.23
BSX,76.21,76.22
SBUX,76.19,76.2
SBUX,76.18,76.19
BSX,76.18,76.19
BSX,76.16,76.18
WMT,76.13,76.14
BSX,76.13,76.14
BSX,76.13,76.16
SBUX,76.11,76.13
WMT,76.09,76.1
BSX,76.07,76.09
BSX,76.07,76.09
WMT,76.04,76.05
SBUX,76.03,76.05
MMM,76.008,76.016
SBUX,76,76.01
BSX,75.94,75.95
AAPL,75.935,75.9375
BSX,75.91,75.92
BSX,75.91,75.92
SBUX,75.9,75.93
SBUX,75.88,75.89
BSX,75.88,75.89
SBUX,75.86,75.87
SBUX,75.86,75.87
AAPL,75.7925,75.795
SBUX,75.78,75.82
SBUX,75.77,75.78
SBUX,75.77,75.79
MMM,75.765,75.782
SBUX,75.75,75.76
BSX,75.74,75.75
MMM,75.715,75.723
MMM,75.707,75.715
SBUX,75.7,75.71
BSX,75.7,75.74
AAPL,75.69,75.7275
WMT,75.69,75.69
BSX,75.69,75.7
SBUX,75.68,75.69
SBUX,75.66,75.67
SBUX,75.64,75.66
BSX,75.64,75.65
BSX,75.64,75.65
SBUX,75.63,75.66
SBUX,75.63,75.64
WMT,75.6,75.61
SBUX,75.6,75.61
SBUX,75.6,75.62
SBUX,75.58,75.6
BSX,75.58,75.59
MMM,75.564,75.573
BSX,75.56,75.57
BSX,75.56,75.57
BSX,75.53,75.54
SBUX,75.5,75.51
BSX,75.5,75.52
SBUX,75.49,75.5
SBUX,75.48,75.49
MMM,75.431,75.439
SBUX,75.42,75.43
SBUX,75.42,75.44
SBUX,75.4,75.41
BSX,75.39,75.4
SBUX,75.38,75.39
SBUX,75.37,75.38
SBUX,75.36,75.4
BSX,75.36,75.37
BSX,75.36,75.37
SBUX,75.34,75.37
SBUX,75.32,75.34
SBUX,75.32,75.33
MMM,75.314,75.33
SBUX,75.28,75.29
SBUX,75.27,75.28
WMT,75.19,75.21
SBUX,75.19,75.2
SBUX,75.19,75.2
MMM,75.172,75.197
BSX,75.16,75.19
SBUX,75.15,75.16
BSX,75.15,75.16
BSX,75.15,75.17
AAPL,75.145,75.15
SBUX,75.13,75.14
AAPL,75.125,75.1475
SBUX,75.1,75.11
SBUX,75.09,75.11
SBUX,75.07,75.08
BSX,74.98,75
BSX,74.96,74.97
SBUX,74.94,74.96
BSX,74.94,74.95
AAPL,74.9375,74.945
SBUX,74.92,74.93
SBUX,74.9,74.91
MMM,74.862,74.871
SBUX,74.82,74.83
MMM,74.77,74.779
SBUX,74.74,74.75
BSX,74.72,74.73
BSX,74.72,74.73
AAPL,74.695,74.705
SBUX,74.69,74.82
BSX,74.66,74.67
SBUX,74.63,74.64
SBUX,74.63,74.69
BSX,74.58,74.6
SBUX,74.57,74.59
AAPL,74.5675,74.5925
WMT,74.55,74.56
BSX,74.55,74.56
AAPL,74.5425,74.545
SBUX,74.5,74.52
BSX,74.49,74.5
BSX,74.45,74.46
SBUX,74.44,74.46
MMM,74.436,74.444
MMM,74.427,74.452
AAPL,74.4225,74.4575
SBUX,74.39,74.4
BSX,74.39,74.4
BSX,74.38,74.4
SBUX,74.36,74.39
AAPL,74.345,74.3525
SBUX,74.34,74.35
SBUX,74.28,74.3
BSX,74.26,74.27
SBUX,74.25,74.27
BSX,74.25,74.26
MMM,74.235,74.243
SBUX,74.2,74.24
SBUX,74.18,74.19
SBUX,74.16,74.18
SBUX,74.15,74.17
MMM,74.143,74.151
SBUX,74.13,74.16
BSX,74.12,74.13
MMM,74.11,74.118
SBUX,74.11,74.13
BSX,74.1,74.12
BSX,74.1,74.11
SBUX,74.07,74.09
SBUX,74.03,74.05
BSX,74.02,74.03
SBUX,73.9,73.94
MMM,73.892,73.909
MMM,73.884,73.892
SBUX,73.88,73.9
SBUX,73.88,73.9
SBUX,73.86,73.87
BSX,73.85,73.86
BSX,73.84,73.85
SBUX,73.79,73.8
BSX,73.79,73.82
SBUX,73.77,73.82
SBUX,73.77,73.82
SBUX,73.74,73.76
BSX,73.74,73.75
WMT,73.71,73.72
BSX,73.67,73.68
SBUX,73.66,73.72
SBUX,73.65,73.67
SBUX,73.62,73.63
SBUX,73.58,73.59
SBUX,73.55,73.59
MMM,73.541,73.55
SBUX,73.51,73.53
SBUX,73.51,73.52
SBUX,73.49,73.5
SBUX,73.49,73.51
BSX,73.49,73.51
BSX,73.47,73.48
AAPL,73.4575,73.4975
BSX,73.45,73.46
WMT,73.44,73.45
MMM,73.432,73.441
BSX,73.43,73.44
SBUX,73.42,73.43
SBUX,73.4,73.41
AAPL,73.345,73.35
SBUX,73.3,73.31
SBUX,73.3,73.31
AAPL,73.29,73.2925
SBUX,73.29,73.3
BSX,73.28,73.31
AAPL,73.23,73.2325
WMT,73.17,73.18
AAPL,73.1575,73.1625
MMM,73.157,73.165
BSX,73.12,73.15
SBUX,73.11,73.13
BSX,72.98,72.99
SBUX,72.96,72.99
BSX,72.96,72.98
SBUX,72.94,72.97
SBUX,72.9,72.92
BSX,72.9,72.91
SBUX,72.89,72.9
BSX,72.84,72.86
BSX,72.8,72.81
MMM,72.764,72.772
SBUX,72.74,72.75
SBUX,72.74,72.76
SBUX,72.72,72.73
SBUX,72.72,72.73
SBUX,72.72,72.73
BSX,72.72,72.73
SBUX,72.67,72.69
SBUX,72.55,72.56
SBUX,72.55,72.57
BSX,72.54,72.55
SBUX,72.5,72.51
SBUX,72.5,72.51
SBUX,72.48,72.49
BSX,72.45,72.49
SBUX,72.43,72.44
SBUX,72.36,72.37
MMM,72.32,72.329
AAPL,72.3125,72.33
SBUX,72.3,72.31
AAPL,72.2675,72.27
AAPL,72.225,72.25
BSX,72.2,72.21
BSX,72.18,72.19
BSX,72.03,72.04
AAPL,72.02,72.0225
SBUX,71.93,71.94
AAPL,71.89,71.9575
BSX,71.88,71.9
SBUX,71.86,71.87
SBUX,71.85,71.87
BSX,71.84,71.85
SBUX,71.83,71.84
SBUX,71.83,71.84
AAPL,71.7625,71.775
SBUX,71.76,71.77
AAPL,71.6725,71.68
SBUX,71.56,71.57
MMM,71.543,71.568
SBUX,71.53,71.57
AAPL,71.4175,71.4225
SBUX,71.3,71.32
BSX,71.29,71.3
BSX,71.28,71.29
BSX,71.21,71.22
AAPL,71.1125,71.1375
WMT,71.02,71.03
SBUX,70.95,70.96
AAPL,70.79,70.7925
WMT,70.77,70.78
SBUX,70.77,70.79
WMT,70.75,70.76
AAPL,70.7375,70.7425
AAPL,70.7,70.72
WMT,70.66,70.67
WMT,70.58,70.59
WMT,70.38,70.39
WMT,70.38,70.39
BSX,70.18,70.19
SBUX,70.06,70.09
SBUX,70.04,70.05
WMT,70.02,70.03
WMT,70.02,70.03
WMT,70,70.01
BSX,69.94,69.95
SBUX,69.91,69.92
SBUX,69.9,69.98
BSX,69.9,69.91
WMT,69.89,69.9
WMT,69.78,69.79
WMT,69.78,69.79
BSX,69.78,69.79
WMT,69.77,69.78
BSX,69.77,69.78
WMT,69.67,69.68
AAPL,69.6375,69.6425
WMT,69.63,69.64
WMT,69.61,69.62
BSX,69.6,69.61
BSX,69.53,69.54
BSX,69.52,69.53
AAPL,69.5125,69.515
WMT,69.28,69.29
AAPL,69.2125,69.215
BSX,69.18,69.19
WMT,69.16,69.18
BSX,69.11,69.12
AAPL,69.0125,69.025
BSX,68.98,68.99
WMT,68.89,68.91
AAPL,68.825,68.8275
BSX,68.82,68.83
WMT,68.74,68.75
AAPL,68.7175,68.745
SBUX,68.71,68.83
BSX,68.7,68.72
BSX,68.65,68.66
AAPL,68.645,68.6575
BSX,68.64,68.66
WMT,68.63,68.64
BSX,68.62,68.63
WMT,68.6,68.61
BSX,68.56,68.57
BSX,68.54,68.55
BSX,68.48,68.49
BSX,68.48,68.49
WMT,68.43,68.44
AAPL,68.305,68.3125
WMT,68.29,68.3
AAPL,68.26,68.2775
WMT,68.2,68.23
WMT,68.2,68.23
BSX,68.15,68.16
BSX,68.14,68.15
WMT,68.13,68.14
BSX,68.11,68.12
SBUX,68.1,68.14
BSX,68.09,68.1
WMT,68.07,68.09
BSX,68.07,68.09
WMT,68.03,68.04
BSX,68.02,68.03
BSX,67.95,67.96
WMT,67.94,67.95
BSX,67.93,67.94
WMT,67.92,67.93
WMT,67.87,67.88
SBUX,67.85,67.86
BSX,67.82,67.83
BSX,67.78,67.79
SBUX,67.75,67.8
BSX,67.74,67.75
WMT,67.7,67.71
WMT,67.68,67.69
BSX,67.65,67.66
WMT,67.63,67.64
BSX,67.62,67.63
WMT,67.59,67.6
WMT,67.59,67.6
WMT,67.56,67.57
BSX,67.54,67.56
BSX,67.48,67.49
WMT,67.46,67.47
BSX,67.46,67.47
BSX,67.43,67.45
BSX,67.43,67.44
WMT,67.42,67.43
BSX,67.42,67.43
BSX,67.41,67.42
BSX,67.41,67.42
WMT,67.4,67.42
BSX,67.33,67.34
BSX,67.29,67.3
BSX,67.23,67.24
WMT,67.16,67.17
BSX,67.13,67.14
WMT,67.1,67.11
AAPL,67.0875,67.095
WMT,67.03,67.04
BSX,67.02,67.03
AAPL,66.9975,67
AAPL,66.9975,67
BSX,66.99,67
BSX,66.99,67
WMT,66.97,66.99
WMT,66.93,66.94
BSX,66.89,66.91
WMT,66.73,66.74
BSX,66.72,66.74
WMT,66.68,66.69
BSX,66.66,66.67
WMT,66.58,66.59
AAPL,66.5225,66.525
AAPL,66.5075,66.5175
BSX,66.41,66.43
SBUX,66.35,66.36
WMT,66.29,66.31
BSX,66.23,66.24
BSX,66.22,66.23
BSX,66.21,66.22
BSX,66.1,66.12
BSX,66.08,66.09
BSX,66.06,66.07
BSX,65.95,65.96
WMT,65.87,65.88
WMT,65.83,65.84
BSX,65.82,65.83
BSX,65.82,65.83
SBUX,65.8,65.81
WMT,65.75,65.76
BSX,65.74,65.75
SBUX,65.73,65.74
BSX,65.69,65.72
AAPL,65.5925,65.6175
BSX,65.49,65.51
WMT,65.37,65.38
WMT,65.37,65.38
BSX,65.25,65.26
WMT,65.22,65.24
WMT,65.16,65.17
WMT,65.06,65.07
BSX,65.02,65.03
SBUX,65.01,65.03
BSX,65.01,65.02
BSX,64.97,64.99
WMT,64.94,64.95
WMT,64.89,64.9
SBUX,64.88,64.91
BSX,64.86,64.88
WMT,64.84,64.85
AAPL,64.8325,64.8575
BSX,64.81,64.82
BSX,64.79,64.81
WMT,64.67,64.67
AAPL,64.615,64.62
BSX,64.59,64.61
BSX,64.45,64.46
BSX,64.35,64.36
BSX,64.23,64.24
WMT,64.2,64.21
WMT,63.99,64.01
BSX,63.82,63.83
AAPL,63.6725,63.6975
AAPL,63.5725,63.575
BSX,63.41,63.42
BSX,63.24,63.26
AAPL,63.2125,63.215
BSX,63.15,63.16
SBUX,63.05,63.11
BSX,62.92,62.93
BSX,62.8,62.81
BSX,62.8,62.81
BSX,62.72,62.74
SBUX,62.62,62.63
BSX,62.57,62.58
BSX,62.57,62.58
AAPL,62.3725,62.5
AAPL,62.25,62.2575
SBUX,62.09,62.1
BSX,62.06,62.07
AAPL,62,62.03
BSX,62,62.01
AAPL,61.905,61.935
BSX,61.85,61.86
BSX,61.74,61.75
AAPL,61.7175,61.72
WMT,61.43,61.44
BSX,61.4,61.42
WMT,61.39,61.4
SBUX,61.39,61.41
AAPL,61.365,61.3875
BSX,61.3,61.32
WMT,61.28,61.29
BSX,61.26,61.27
WMT,61.24,61.25
AAPL,61.2225,61.235
AAPL,61.1925,61.195
BSX,61.12,61.13
BSX,61.05,61.06
WMT,61.04,61.05
BSX,60.99,61
BSX,60.95,60.96
BSX,60.94,60.95
WMT,60.87,60.88
WMT,60.85,60.86
WMT,60.85,60.87
BSX,60.83,60.86
BSX,60.72,60.73
WMT,60.71,60.72
WMT,60.7,60.71
WMT,60.68,60.69
BSX,60.62,60.63
WMT,60.61,60.62
WMT,60.59,60.6
WMT,60.56,60.57
WMT,60.55,60.56
WMT,60.51,60.52
WMT,60.47,60.48
WMT,60.45,60.46
WMT,60.41,60.42
AAPL,60.355,60.375
WMT,60.35,60.36
WMT,60.3,60.31
BSX,60.24,60.25
WMT,60.23,60.24
WMT,60.2,60.21
AAPL,60.19,60.205
WMT,60.16,60.17
WMT,60.16,60.17
WMT,60.15,60.16
WMT,60.12,60.13
WMT,60.12,60.13
WMT,60.11,60.12
WMT,60.08,60.09
WMT,60.03,60.04
WMT,59.95,59.96
BSX,59.95,59.96
BSX,59.93,59.94
BSX,59.93,59.94
WMT,59.92,59.93
BSX,59.91,59.92
WMT,59.86,59.87
WMT,59.85,59.87
WMT,59.84,59.85
WMT,59.84,59.85
WMT,59.84,59.85
WMT,59.83,59.84
WMT,59.82,59.83
WMT,59.78,59.79
WMT,59.78,59.79
WMT,59.71,59.72
WMT,59.63,59.65
WMT,59.62,59.63
BSX,59.59,59.6
WMT,59.57,59.58
WMT,59.57,59.58
WMT,59.51,59.52
BSX,59.49,59.5
BSX,59.49,59.5
WMT,59.48,59.5
WMT,59.43,59.44
WMT,59.32,59.33
WMT,59.31,59.32
WMT,59.24,59.26
BSX,59.21,59.23
WMT,59.15,59.16
WMT,59.08,59.09
SBUX,58.97,58.98
WMT,58.83,58.84
WMT,58.73,58.75
WMT,58.6433,58.6467
WMT,58.6,58.61
WMT,58.5167,58.5633
WMT,58.4567,58.46
BSX,58.45,58.46
BSX,58.41,58.42
SBUX,58.4,58.41
BSX,58.17,58.18
BSX,58.16,58.17
SBUX,57.99,58
WMT,57.9033,57.9067
BSX,57.84,57.85
BSX,57.81,57.83
BSX,57.81,57.83
BSX,57.6,57.61
BSX,57.59,57.6
AAPL,57.1825,57.185
BSX,57.16,57.17
BSX,56.85,56.86
WMT,56.8,56.8033
WMT,56.8,56.8033
WMT,56.7833,56.7867
WMT,56.6033,56.6067
WMT,56.57,56.5733
SBUX,56.53,56.56
WMT,56.52,56.5233
BSX,56.51,56.52
BSX,56.48,56.5
WMT,56.4567,56.46
WMT,56.4533,56.4567
WMT,56.4267,56.43
WMT,56.42,56.4233
WMT,56.38,56.3833
SBUX,56.35,56.36
BSX,56.28,56.29
WMT,56.2167,56.22
BSX,56.2,56.21
WMT,56.1867,56.19
BSX,56.13,56.14
WMT,56.0967,56.1
BSX,56.02,56.04
BSX,56,56.01
BSX,55.98,55.99
BSX,55.96,55.97
BSX,55.95,55.97
WMT,55.8933,55.8967
BSX,55.89,55.9
BSX,55.89,55.9
BSX,55.89,55.9
WMT,55.8733,55.8833
AAPL,55.8575,55.9675
BSX,55.81,55.82
BSX,55.77,55.78
BSX,55.67,55.68
BSX,55.63,55.65
BSX,55.62,55.64
BSX,55.5,55.51
BSX,55.44,55.46
BSX,55.42,55.43
BSX,55.42,55.43
WMT,55.3967,55.4
BSX,55.31,55.32
BSX,55.25,55.26
WMT,55.22,55.23
WMT,55.1833,55.1867
WMT,55.1733,55.1767
WMT,55.1,55.1033
WMT,55.07,55.0733
BSX,55.03,55.04
WMT,55.01,55.0167
WMT,54.9767,54.98
BSX,54.97,54.98
WMT,54.9633,54.9667
BSX,54.93,54.94
BSX,54.92,54.93
WMT,54.8867,54.9
WMT,54.8867,54.8933
BSX,54.88,54.9
WMT,54.8567,54.86
WMT,54.84,54.8433
BSX,54.82,54.83
WMT,54.7833,54.7867
BSX,54.77,54.78
WMT,54.7667,54.77
WMT,54.7567,54.7633
BSX,54.7,54.71
BSX,54.66,54.67
WMT,54.64,54.6433
WMT,54.6367,54.64
BSX,54.63,54.64
WMT,54.5933,54.5967
BSX,54.55,54.57
WMT,54.4833,54.4867
WMT,54.47,54.4733
WMT,54.47,54.4733
WMT,54.46,54.4633
BSX,54.45,54.46
WMT,54.4133,54.4167
WMT,54.4133,54.4167
WMT,54.3533,54.3567
WMT,54.34,54.3467
BSX,54.34,54.35
BSX,54.31,54.32
BSX,54.31,54.32
WMT,54.2867,54.29
WMT,54.2633,54.2667
BSX,54.26,54.27
WMT,54.25,54.2567
WMT,54.19,54.1933
WMT,54.1733,54.18
WMT,54.1667,54.1733
WMT,54.1333,54.1367
WMT,54.12,54.1267
WMT,54.11,54.1133
BSX,54.1,54.11
BSX,54.06,54.07
BSX,54.03,54.04
BSX,54,54.01
BSX,53.99,54
BSX,53.97,53.98
WMT,53.9633,53.9667
BSX,53.96,53.98
BSX,53.96,53.97
WMT,53.94,53.9433
BSX,53.94,53.95
WMT,53.92,53.93
WMT,53.9033,53.9067
BSX,53.88,53.89
BSX,53.87,53.88
BSX,53.86,53.87
BSX,53.86,53.87
WMT,53.8533,53.8567
WMT,53.8533,53.8567
WMT,53.84,53.85
WMT,53.8233,53.8267
BSX,53.81,53.82
WMT,53.8033,53.8067
BSX,53.8,53.81
BSX,53.79,53.81
WMT,53.7767,53.78
WMT,53.7767,53.78
BSX,53.77,53.78
WMT,53.7567,53.76
WMT,53.7433,53.7467
WMT,53.7267,53.73
WMT,53.72,53.7267
BSX,53.72,53.73
WMT,53.7167,53.7233
BSX,53.7,53.71
WMT,53.6967,53.7033
WMT,53.69,53.6933
BSX,53.68,53.69
WMT,53.67,53.6733
WMT,53.64,53.6433
WMT,53.6333,53.6367
BSX,53.63,53.64
BSX,53.61,53.63
BSX,53.61,53.63
BSX,53.6,53.61
WMT,53.5767,53.58
WMT,53.5433,53.5467
WMT,53.5067,53.51
WMT,53.5,53.5033
BSX,53.49,53.5
BSX,53.48,53.49
BSX,53.46,53.49
BSX,53.46,53.49
BSX,53.46,53.47
BSX,53.44,53.46
BSX,53.43,53.49
WMT,53.42,53.4233
WMT,53.42,53.4233
BSX,53.42,53.43
BSX,53.41,53.42
BSX,53.38,53.39
BSX,53.38,53.39
WMT,53.3633,53.3667
BSX,53.35,53.36
WMT,53.3467,53.36
WMT,53.33,53.3333
WMT,53.31,53.3133
BSX,53.31,53.32
WMT,53.3,53.3133
BSX,53.29,53.3
WMT,53.2867,53.29
WMT,53.2867,53.29
WMT,53.2833,53.2867
BSX,53.28,53.29
WMT,53.25,53.2533
BSX,53.23,53.24
WMT,53.2133,53.22
BSX,53.21,53.22
BSX,53.2,53.21
BSX,53.15,53.16
WMT,53.11,53.1133
BSX,53.1,53.13
WMT,53.0967,53.1
WMT,53.0933,53.0967
WMT,53.0933,53.1033
WMT,53.0867,53.09
WMT,53.0833,53.0867
BSX,53.08,53.09
WMT,53.07,53.0733
WMT,53.0567,53.06
WMT,53.0567,53.06
WMT,53.0533,53.0567
WMT,53.0333,53.0367
WMT,53.03,53.0367
WMT,53.03,53.0333
BSX,53.03,53.04
BSX,53.02,53.03
BSX,53,53.01
WMT,52.9933,52.99
BSX,52.92,52.94
WMT,52.9167,52.92
WMT,52.9,52.9033
BSX,52.9,52.91
WMT,52.89,52.8933
BSX,52.89,52.9
BSX,52.89,52.91
BSX,52.88,52.89
BSX,52.83,52.84
BSX,52.81,52.82
BSX,52.81,52.82
BSX,52.81,52.82
BSX,52.8,52.82
BSX,52.79,52.8
WMT,52.7833,52.7867
WMT,52.78,52.7833
BSX,52.77,52.78
WMT,52.7467,52.75
WMT,52.7367,52.7433
WMT,52.7267,52.73
WMT,52.7267,52.73
WMT,52.7067,52.71
WMT,52.7,52.7033
BSX,52.69,52.7
BSX,52.69,52.7
BSX,52.65,52.66
BSX,52.65,52.66
WMT,52.6433,52.6567
WMT,52.6367,52.64
WMT,52.61,52.6133
BSX,52.61,52.62
WMT,52.59,52.5933
WMT,52.59,52.5933
WMT,52.58,52.5833
WMT,52.55,52.5533
WMT,52.5467,52.55
WMT,52.5467,52.55
WMT,52.53,52.5333
BSX,52.52,52.53
WMT,52.51,52.5133
BSX,52.51,52.52
WMT,52.4867,52.49
WMT,52.4667,52.47
BSX,52.46,52.47
BSX,52.45,52.46
WMT,52.4267,52.43
BSX,52.4,52.41
BSX,52.4,52.42
BSX,52.4,52.41
WMT,52.3933,52.3967
WMT,52.3667,52.37
WMT,52.35,52.3533
WMT,52.35,52.3533
WMT,52.35,52.36
BSX,52.34,52.35
WMT,52.3267,52.33
WMT,52.3033,52.3067
WMT,52.2933,52.2967
BSX,52.29,52.3
WMT,52.2767,52.28
WMT,52.25,52.2533
WMT,52.2333,52.2367
WMT,52.2133,52.22
WMT,52.2133,52.22
WMT,52.1867,52.19
BSX,52.16,52.17
BSX,52.14,52.15
WMT,52.1367,52.1467
WMT,52.1333,52.1367
BSX,52.13,52.14
BSX,52.11,52.13
BSX,52.1,52.13
BSX,52.1,52.12
WMT,52.08,52.0833
BSX,52.03,52.05
WMT,52.0267,52.0333
WMT,52.0167,52.0233
WMT,52.0133,52.02
WMT,51.96,51.9633
WMT,51.9567,51.96
WMT,51.9433,51.9467
BSX,51.93,51.94
BSX,51.93,51.94
WMT,51.9167,51.9267
WMT,51.91,51.92
WMT,51.8833,51.89
BSX,51.88,51.89
WMT,51.8667,51.8767
WMT,51.8567,51.8667
WMT,51.85,51.8633
WMT,51.85,51.8633
BSX,51.85,51.86
WMT,51.8267,51.83
BSX,51.82,51.83
WMT,51.78,51.7833
WMT,51.7733,51.7767
WMT,51.7733,51.7767
BSX,51.76,51.78
WMT,51.7567,51.76
WMT,51.7467,51.75
BSX,51.74,51.75
WMT,51.6867,51.6933
WMT,51.6833,51.6867
BSX,51.68,51.69
BSX,51.68,51.69
BSX,51.68,51.69
WMT,51.66,51.6633
BSX,51.66,51.68
WMT,51.6567,51.66
WMT,51.6367,51.64
WMT,51.6133,51.6167
BSX,51.61,51.62
WMT,51.5933,51.5967
BSX,51.56,51.57
WMT,51.5533,51.5567
WMT,51.55,51.5533
WMT,51.55,51.5567
WMT,51.55,51.5567
BSX,51.55,51.56
BSX,51.53,51.55
BSX,51.53,51.54
WMT,51.5267,51.53
WMT,51.5267,51.53
WMT,51.52,51.5233
BSX,51.52,51.53
BSX,51.5,51.51
BSX,51.5,51.51
BSX,51.5,51.51
WMT,51.4967,51.5033
BSX,51.49,51.5
WMT,51.4867,51.49
BSX,51.46,51.47
WMT,51.4467,51.45
WMT,51.43,51.4333
WMT,51.43,51.4333
WMT,51.4233,51.4333
BSX,51.41,51.42
BSX,51.41,51.43
WMT,51.4033,51.41
WMT,51.4,51.4033
WMT,51.3667,51.37
WMT,51.3667,51.37
WMT,51.3567,51.36
WMT,51.3433,51.3467
BSX,51.33,51.34
BSX,51.33,51.34
BSX,51.28,51.29
WMT,51.2367,51.2433
BSX,51.22,51.23
BSX,51.17,51.18
WMT,51.16,51.1633
BSX,51.16,51.17
WMT,51.1567,51.1633
WMT,51.1467,51.15
BSX,51.14,51.15
BSX,51.11,51.12
BSX,51.1,51.11
BSX,51.09,51.1
WMT,51.0733,51.0767
BSX,51.06,51.07
BSX,51.06,51.07
BSX,51.05,51.06
BSX,51.05,51.06
WMT,51.0467,51.05
BSX,51.04,51.05
WMT,51.0367,51.04
WMT,51.0333,51.0367
WMT,51.0233,51.03
WMT,51,51.0133
WMT,50.9967,51.02
WMT,50.9933,50.9967
WMT,50.9733,50.9767
WMT,50.9667,50.97
WMT,50.9567,50.9767
BSX,50.95,50.96
WMT,50.9433,50.9467
WMT,50.92,50.9267
BSX,50.92,50.93
WMT,50.91,50.9133
BSX,50.89,50.9
WMT,50.87,50.8767
BSX,50.87,50.88
BSX,50.87,50.88
WMT,50.8367,50.84
WMT,50.8333,50.8367
WMT,50.82,50.8233
WMT,50.8133,50.8967
WMT,50.8,50.8033
WMT,50.8,50.8033
BSX,50.76,50.77
WMT,50.7433,50.75
BSX,50.73,50.74
BSX,50.72,50.73
BSX,50.72,50.73
WMT,50.7167,50.72
WMT,50.71,50.7233
BSX,50.71,50.72
BSX,50.71,50.73
WMT,50.7033,50.7233
BSX,50.69,50.71
WMT,50.6767,50.6867
BSX,50.66,50.67
WMT,50.6267,50.63
WMT,50.61,50.6133
WMT,50.61,50.6133
BSX,50.61,50.62
WMT,50.6,50.6067
WMT,50.5733,50.5767
BSX,50.57,50.58
WMT,50.56,50.5933
WMT,50.5533,50.5633
BSX,50.55,50.56
WMT,50.52,50.5233
WMT,50.52,50.5233
WMT,50.5033,50.5067
WMT,50.5033,50.51
BSX,50.5,50.51
WMT,50.4967,50.5
WMT,50.48,50.4833
BSX,50.47,50.48
WMT,50.4567,50.4667
WMT,50.4567,50.46
WMT,50.4533,50.46
WMT,50.4467,50.45
BSX,50.43,50.44
WMT,50.4267,50.43
BSX,50.41,50.42
BSX,50.41,50.42
WMT,50.4067,50.41
WMT,50.39,50.3933
WMT,50.3867,50.39
WMT,50.3567,50.36
BSX,50.35,50.36
WMT,50.3333,50.3367
BSX,50.33,50.34
WMT,50.3233,50.3267
WMT,50.3167,50.3233
WMT,50.31,50.3233
WMT,50.29,50.2933
WMT,50.2667,50.27
WMT,50.2667,50.27
WMT,50.2667,50.27
WMT,50.2667,50.27
WMT,50.2067,50.2567
WMT,50.1933,50.1967
BSX,50.19,50.2
WMT,50.18,50.1933
WMT,50.17,50.1767
WMT,50.1667,50.17
WMT,50.1633,50.1667
WMT,50.14,50.1433
BSX,50.11,50.12
WMT,50.09,50.1067
BSX,50.09,50.1
BSX,50.09,50.1
BSX,50.08,50.1
WMT,50.0733,50.0767
WMT,50.0633,50.0667
BSX,50.06,50.07
WMT,50.0533,50.0633
BSX,50.05,50.07
BSX,50.04,50.05
WMT,50.0367,50.0433
WMT,50.0333,50.0367
WMT,50.0233,50.0267
BSX,50.01,50.02
WMT,50.0033,50.0067
WMT,50,50.0033
WMT,49.9967,50
BSX,49.99,50
WMT,49.9633,49.9667
WMT,49.9567,49.96
WMT,49.9433,49.9467
WMT,49.94,49.9433
WMT,49.9333,49.9467
WMT,49.93,49.9333
WMT,49.93,49.9333
WMT,49.9267,49.93
WMT,49.9167,49.9233
WMT,49.9067,49.91
WMT,49.89,49.8933
WMT,49.86,49.88
WMT,49.8433,49.8467
WMT,49.8433,49.8467
WMT,49.8333,49.8367
WMT,49.83,49.8333
WMT,49.8167,49.8267
WMT,49.8067,49.82
WMT,49.79,49.8367
BSX,49.79,49.8
WMT,49.7867,49.79
WMT,49.7633,49.7933
WMT,49.7533,49.7567
WMT,49.7533,49.7567
WMT,49.7533,49.7567
WMT,49.7467,49.75
BSX,49.71,49.72
WMT,49.7067,49.71
WMT,49.7,49.71
WMT,49.6867,49.69
WMT,49.6733,49.6833
WMT,49.6467,49.65
WMT,49.6467,49.65
WMT,49.6433,49.68
WMT,49.6367,49.6433
WMT,49.6333,49.6367
WMT,49.6033,49.61
BSX,49.6,49.61
WMT,49.59,49.5933
WMT,49.58,49.5833
WMT,49.56,49.5633
WMT,49.5567,49.56
WMT,49.54,49.5433
BSX,49.52,49.53
BSX,49.52,49.54
WMT,49.5067,49.5433
WMT,49.4967,49.5
WMT,49.49,49.4933
WMT,49.4833,49.4867
WMT,49.4767,49.48
WMT,49.4733,49.48
WMT,49.4467,49.45
WMT,49.4333,49.4367
WMT,49.4067,49.43
WMT,49.3867,49.41
WMT,49.3767,49.38
WMT,49.37,49.3733
WMT,49.3567,49.36
WMT,49.34,49.3767
WMT,49.3367,49.3367
WMT,49.3333,49.3367
WMT,49.33,49.3333
WMT,49.2567,49.2633
WMT,49.2367,49.2467
WMT,49.2367,49.2667
WMT,49.2067,49.21
WMT,49.1967,49.2
WMT,49.1967,49.2133
WMT,49.1967,49.2
WMT,49.19,49.1933
WMT,49.1767,49.1867
WMT,49.1733,49.1767
WMT,49.16,49.1633
WMT,49.1567,49.1633
WMT,49.15,49.1533
WMT,49.1333,49.1367
WMT,49.13,49.1333
WMT,49.12,49.1267
WMT,49.11,49.1133
WMT,49.1,49.1067
WMT,49.0933,49.1033
WMT,49.09,49.0933
WMT,49.08,49.0833
BSX,49.08,49.09
WMT,49.0767,49.13
WMT,49.0767,49.08
WMT,49.0133,49.0233
WMT,48.99,49
WMT,48.9733,48.9933
WMT,48.9733,48.9767
WMT,48.96,48.9633
WMT,48.9333,48.9367
WMT,48.9133,48.9333
WMT,48.8867,48.8933
WMT,48.88,48.8867
WMT,48.8767,48.9
WMT,48.8767,48.88
WMT,48.8533,48.8567
WMT,48.8467,48.85
WMT,48.8467,48.85
WMT,48.84,48.8433
WMT,48.8367,48.85
WMT,48.83,48.8333
WMT,48.83,48.8333
BSX,48.82,48.83
BSX,48.82,48.83
WMT,48.8167,48.82
WMT,48.8133,48.8233
WMT,48.8133,48.8233
WMT,48.7633,48.7667
WMT,48.7433,48.7467
WMT,48.74,48.75
WMT,48.7133,48.7167
WMT,48.7,48.71
WMT,48.6867,48.69
WMT,48.6867,48.69
WMT,48.68,48.6833
WMT,48.66,48.6633
WMT,48.6533,48.6567
BSX,48.65,48.66
WMT,48.6367,48.6433
WMT,48.6367,48.64
WMT,48.6133,48.6167
WMT,48.61,48.6167
WMT,48.59,48.5933
WMT,48.59,48.5933
BSX,48.59,48.6
WMT,48.5833,48.5867
WMT,48.57,48.58
WMT,48.56,48.5633
WMT,48.5533,48.56
WMT,48.5367,48.5567
WMT,48.5267,48.53
WMT,48.5233,48.5267
WMT,48.52,48.5267
WMT,48.51,48.5133
WMT,48.5067,48.51
WMT,48.4933,48.51
WMT,48.4867,48.5
WMT,48.4867,48.5
WMT,48.48,48.4833
BSX,48.48,48.49
WMT,48.47,48.4733
WMT,48.4567,48.46
WMT,48.4533,48.4567
WMT,48.4267,48.43
WMT,48.4167,48.42
WMT,48.4167,48.42
WMT,48.4033,48.4067
WMT,48.4,48.4033
WMT,48.3833,48.3933
WMT,48.3467,48.35
WMT,48.3433,48.3467
WMT,48.3433,48.3467
WMT,48.34,48.3433
BSX,48.33,48.34
WMT,48.3233,48.3533
WMT,48.3233,48.3467
WMT,48.3167,48.3333
WMT,48.3133,48.3167
WMT,48.31,48.3133
BSX,48.29,48.3
BSX,48.29,48.3
WMT,48.2867,48.29
WMT,48.2867,48.2933
WMT,48.2833,48.2867
WMT,48.2567,48.26
WMT,48.2567,48.2667
WMT,48.2533,48.2567
WMT,48.2367,48.24
WMT,48.2333,48.2367
WMT,48.23,48.2333
BSX,48.23,48.24
WMT,48.2233,48.2633
WMT,48.2167,48.22
WMT,48.2133,48.2167
WMT,48.2133,48.2167
WMT,48.2067,48.2167
WMT,48.1833,48.1867
WMT,48.1767,48.1833
WMT,48.17,48.1733
WMT,48.1667,48.1733
WMT,48.1667,48.1733
WMT,48.1333,48.14
WMT,48.13,48.1367
WMT,48.1067,48.1233
WMT,48.1067,48.11
WMT,48.1,48.1167
WMT,48.09,48.0933
WMT,48.0867,48.09
WMT,48.08,48.0833
BSX,48.08,48.09
BSX,48.08,48.09
BSX,48.08,48.09
WMT,48.0733,48.0767
WMT,48.07,48.0833
WMT,48.07,48.0733
WMT,48.0667,48.0767
WMT,48.0633,48.0667
WMT,48.05,48.0533
WMT,48.0367,48.05
WMT,48.0267,48.03
WMT,48.0267,48.03
WMT,48.0167,48.02
WMT,48.0133,48.02
WMT,48.0067,48.01
WMT,47.9967,48
WMT,47.9833,47.9867
WMT,47.98,47.9833
BSX,47.98,48
WMT,47.97,47.9733
WMT,47.9567,47.9667
WMT,47.9533,47.96
BSX,47.95,47.96
WMT,47.9433,47.95
WMT,47.94,47.9433
WMT,47.93,47.9533
WMT,47.9267,47.9367
BSX,47.92,47.93
WMT,47.91,47.9133
WMT,47.9067,47.92
WMT,47.9067,47.92
WMT,47.9033,47.91
WMT,47.88,47.9
WMT,47.8767,47.88
WMT,47.8767,47.8833
WMT,47.8733,47.8767
WMT,47.86,47.8633
WMT,47.8567,47.8633
WMT,47.85,47.8533
WMT,47.8333,47.8433
WMT,47.8333,47.8433
WMT,47.8333,47.8367
WMT,47.8333,47.8367
BSX,47.82,47.83
WMT,47.8167,47.82
WMT,47.8167,47.82
WMT,47.8133,47.8167
WMT,47.7967,47.8
WMT,47.76,47.7633
WMT,47.7567,47.7667
WMT,47.7467,47.7533
WMT,47.7433,47.7567
BSX,47.73,47.74
WMT,47.7233,47.7267
WMT,47.72,47.7233
WMT,47.72,47.7233
WMT,47.7167,47.7233
WMT,47.69,47.6933
BSX,47.69,47.7
WMT,47.6733,47.69
WMT,47.67,47.6733
WMT,47.6567,47.6667
BSX,47.65,47.66
WMT,47.6233,47.6267
WMT,47.6133,47.6233
WMT,47.61,47.6167
WMT,47.61,47.6167
WMT,47.6067,47.6367
WMT,47.6033,47.6067
WMT,47.6,47.6033
WMT,47.5967,47.6033
WMT,47.5933,47.6033
WMT,47.59,47.5933
BSX,47.59,47.6
WMT,47.5867,47.6
WMT,47.58,47.5933
WMT,47.57,47.5733
WMT,47.57,47.5833
BSX,47.57,47.59
WMT,47.5667,47.5733
WMT,47.5633,47.5667
WMT,47.5433,47.5467
WMT,47.5433,47.5467
WMT,47.54,47.5633
WMT,47.54,47.5433
BSX,47.54,47.55
WMT,47.5333,47.5367
WMT,47.5267,47.53
WMT,47.5267,47.53
WMT,47.5167,47.52
WMT,47.5133,47.5167
WMT,47.51,47.5133
WMT,47.4967,47.5
WMT,47.4967,47.5
WMT,47.4767,47.5
WMT,47.46,47.4633
WMT,47.45,47.4633
WMT,47.45,47.4533
WMT,47.4433,47.4567
WMT,47.44,47.4533
WMT,47.4333,47.4367
WMT,47.4167,47.42
WMT,47.4133,47.4167
WMT,47.4033,47.4067
WMT,47.4033,47.4167
WMT,47.3967,47.4
WMT,47.3867,47.4133
WMT,47.3767,47.39
WMT,47.3767,47.38
WMT,47.36,47.3633
WMT,47.36,47.3633
WMT,47.3567,47.36
WMT,47.3567,47.36
WMT,47.3533,47.3633
WMT,47.3467,47.3833
WMT,47.3467,47.3667
WMT,47.3133,47.3567
WMT,47.3133,47.3167
WMT,47.3133,47.32
WMT,47.3067,47.31
WMT,47.3,47.31
BSX,47.29,47.3
BSX,47.29,47.3
WMT,47.2867,47.29
WMT,47.28,47.2833
WMT,47.2767,47.2867
WMT,47.27,47.2733
BSX,47.27,47.28
WMT,47.2633,47.2667
WMT,47.2633,47.2667
WMT,47.2633,47.27
WMT,47.2633,47.27
WMT,47.26,47.2667
WMT,47.24,47.2533
BSX,47.23,47.24
WMT,47.2267,47.23
WMT,47.2267,47.23
WMT,47.22,47.2233
WMT,47.2167,47.22
WMT,47.2167,47.2233
WMT,47.21,47.2133
BSX,47.21,47.22
WMT,47.1867,47.19
WMT,47.1833,47.1967
WMT,47.1833,47.1867
BSX,47.18,47.19
WMT,47.1733,47.2
WMT,47.15,47.1533
BSX,47.15,47.16
WMT,47.12,47.13
WMT,47.11,47.1133
BSX,47.11,47.12
BSX,47.1,47.11
WMT,47.09,47.0933
WMT,47.0867,47.0933
WMT,47.0767,47.0867
WMT,47.0667,47.0733
WMT,47.0633,47.0667
WMT,47.06,47.0667
WMT,47.0533,47.0567
BSX,47.05,47.06
WMT,47.0467,47.05
BSX,47.04,47.05
BSX,47.02,47.03
BSX,47.01,47.02
WMT,47.0067,47.0133
WMT,47.0067,47.01
WMT,47.0067,47.01
WMT,47,47.0033
WMT,46.99,46.9933
WMT,46.9667,46.97
WMT,46.9633,46.9667
WMT,46.9633,46.9667
WMT,46.9567,46.9633
WMT,46.9533,46.9667
WMT,46.9433,46.95
WMT,46.94,46.9533
WMT,46.93,46.9333
WMT,46.9267,46.9333
WMT,46.9233,46.93
WMT,46.92,46.93
WMT,46.9167,46.92
WMT,46.9167,46.92
WMT,46.9133,46.9267
BSX,46.9,46.91
WMT,46.8967,46.9
WMT,46.8967,46.9
WMT,46.89,46.8933
WMT,46.8833,46.8933
WMT,46.8733,46.8767
WMT,46.8667,46.87
WMT,46.8633,46.8667
WMT,46.86,46.8633
WMT,46.86,46.8633
WMT,46.8567,46.86
WMT,46.8467,46.8933
WMT,46.84,46.8433
WMT,46.84,46.8433
WMT,46.8367,46.84
WMT,46.8333,46.8367
WMT,46.8267,46.8467
WMT,46.8267,46.83
WMT,46.8233,46.8267
BSX,46.82,46.83
WMT,46.8167,46.82
WMT,46.81,46.8133
WMT,46.8,46.81
BSX,46.8,46.81
WMT,46.7667,46.77
WMT,46.7633,46.7667
WMT,46.7433,46.7467
WMT,46.7267,46.73
WMT,46.7167,46.72
WMT,46.7167,46.73
WMT,46.7133,46.7167
BSX,46.71,46.72
BSX,46.71,46.72
WMT,46.7033,46.71
WMT,46.7033,46.7167
WMT,46.7,46.73
WMT,46.7,46.73
WMT,46.6967,46.7033
WMT,46.69,46.6933
WMT,46.6833,46.6867
WMT,46.6767,46.68
WMT,46.6433,46.6467
WMT,46.6333,46.64
WMT,46.6333,46.66
WMT,46.63,46.6467
WMT,46.6233,46.6367
WMT,46.6233,46.6267
WMT,46.62,46.6267
WMT,46.62,46.6233
WMT,46.61,46.6133
BSX,46.61,46.62
WMT,46.6033,46.61
WMT,46.6033,46.6067
WMT,46.6033,46.6067
BSX,46.6,46.61
WMT,46.5967,46.6
WMT,46.5833,46.6
WMT,46.5767,46.58
WMT,46.5733,46.5767
WMT,46.57,46.5733
WMT,46.56,46.5733
WMT,46.5567,46.57
WMT,46.5567,46.57
WMT,46.55,46.5533
WMT,46.54,46.5433
BSX,46.54,46.55
BSX,46.54,46.55
WMT,46.53,46.5467
BSX,46.53,46.54
BSX,46.53,46.54
WMT,46.5133,46.5167
WMT,46.51,46.5167
WMT,46.5067,46.51
WMT,46.5033,46.5067
WMT,46.4967,46.5
WMT,46.4967,46.5
WMT,46.4933,46.5
BSX,46.49,46.5
WMT,46.4867,46.49
WMT,46.4867,46.49
BSX,46.48,46.49
WMT,46.4733,46.4767
WMT,46.4733,46.4867
BSX,46.47,46.48
WMT,46.4633,46.4667
WMT,46.4567,46.46
WMT,46.4533,46.4567
WMT,46.45,46.4567
WMT,46.4467,46.4567
WMT,46.44,46.4567
WMT,46.4367,46.44
WMT,46.43,46.4367
WMT,46.43,46.4333
WMT,46.4133,46.4233
WMT,46.4133,46.4167
WMT,46.41,46.4133
WMT,46.3967,46.4
WMT,46.37,46.3733
WMT,46.35,46.36
BSX,46.35,46.36
BSX,46.35,46.36
WMT,46.33,46.34
BSX,46.32,46.34
BSX,46.32,46.33
BSX,46.31,46.32
WMT,46.3067,46.31
WMT,46.2933,46.2967
WMT,46.2833,46.2867
WMT,46.27,46.2833
WMT,46.27,46.28
BSX,46.27,46.28
BSX,46.27,46.28
BSX,46.26,46.27
WMT,46.2533,46.2767
BSX,46.24,46.25
WMT,46.2333,46.2367
BSX,46.23,46.24
BSX,46.23,46.24
BSX,46.22,46.23
WMT,46.18,46.1833
WMT,46.1733,46.1767
WMT,46.1667,46.17
WMT,46.15,46.1667
BSX,46.15,46.16
BSX,46.15,46.16
WMT,46.1333,46.1367
WMT,46.13,46.14
WMT,46.1233,46.1267
BSX,46.12,46.13
WMT,46.1133,46.1333
WMT,46.1033,46.1067
WMT,46.0933,46.0967
BSX,46.08,46.09
WMT,46.0767,46.08
BSX,46.06,46.07
BSX,46.06,46.07
BSX,46.06,46.07
WMT,46.0367,46.04
WMT,46.03,46.0333
BSX,46.03,46.04
WMT,46.0267,46.03
WMT,46.0233,46.0267
BSX,46,46.01
WMT,45.9967,46
WMT,45.9967,46
WMT,45.9967,46
WMT,45.9867,45.99
WMT,45.9767,45.9867
WMT,45.97,45.9833
BSX,45.91,45.93
WMT,45.9,45.9067
WMT,45.8967,45.9067
WMT,45.8933,45.8967
BSX,45.88,45.89
WMT,45.8733,45.8767
WMT,45.86,45.9067
BSX,45.85,45.86
BSX,45.84,45.85
WMT,45.8333,45.8367
WMT,45.8333,45.8367
BSX,45.83,45.84
BSX,45.81,45.83
BSX,45.81,45.82
BSX,45.79,45.8
BSX,45.79,45.81
WMT,45.7867,45.79
WMT,45.76,45.7633
BSX,45.76,45.77
WMT,45.75,45.7533
WMT,45.75,45.7567
WMT,45.75,45.7667
BSX,45.75,45.76
WMT,45.7467,45.76
WMT,45.72,45.7233
BSX,45.72,45.73
WMT,45.7167,45.72
WMT,45.71,45.7133
BSX,45.71,45.72
WMT,45.7033,45.7067
WMT,45.6967,45.7
WMT,45.6933,45.6967
WMT,45.69,45.7
WMT,45.6867,45.69
WMT,45.6867,45.69
WMT,45.66,45.6667
BSX,45.66,45.67
WMT,45.6533,45.6633
BSX,45.64,45.65
WMT,45.6333,45.6367
WMT,45.6167,45.6233
BSX,45.61,45.62
WMT,45.6033,45.6133
BSX,45.6,45.61
WMT,45.5933,45.5967
BSX,45.59,45.63
BSX,45.58,45.6
WMT,45.57,45.5767
BSX,45.57,45.58
WMT,45.5633,45.5667
WMT,45.5567,45.5667
WMT,45.5567,45.56
WMT,45.5467,45.55
BSX,45.54,45.55
WMT,45.5367,45.54
BSX,45.51,45.52
BSX,45.49,45.55
WMT,45.4833,45.4867
WMT,45.47,45.4733
WMT,45.46,45.4633
WMT,45.46,45.4633
BSX,45.46,45.47
BSX,45.46,45.47
WMT,45.43,45.4333
BSX,45.42,45.44
BSX,45.41,45.43
BSX,45.4,45.42
BSX,45.4,45.44
WMT,45.3833,45.3867
WMT,45.3533,45.3567
BSX,45.35,45.36
WMT,45.3333,45.3367
BSX,45.33,45.34
WMT,45.3267,45.33
WMT,45.3267,45.33
WMT,45.3133,45.33
WMT,45.31,45.3133
BSX,45.31,45.32
BSX,45.3,45.31
WMT,45.2767,45.28
WMT,45.2633,45.3133
WMT,45.26,45.27
WMT,45.2533,45.2567
WMT,45.25,45.2567
WMT,45.2467,45.2667
WMT,45.24,45.2467
BSX,45.2,45.21
WMT,45.1833,45.19
WMT,45.1833,45.19
WMT,45.1733,45.1767
BSX,45.15,45.17
BSX,45.15,45.16
WMT,45.1433,45.1567
BSX,45.12,45.16
BSX,45.1,45.12
WMT,45.0933,45.0967
BSX,45.09,45.1
WMT,45.0867,45.13
BSX,45.08,45.1
WMT,45.0667,45.07
BSX,45.06,45.07
WMT,45.0533,45.0567
WMT,45.03,45.0333
WMT,45.02,45.0233
WMT,45.0167,45.02
BSX,45.01,45.04
WMT,45.0033,45.01
BSX,45,45.01
WMT,44.98,44.99
BSX,44.98,44.99
BSX,44.98,44.99
BSX,44.96,44.97
WMT,44.92,44.9233
BSX,44.9,44.91
WMT,44.8833,44.9
BSX,44.88,44.92
BSX,44.88,44.92
BSX,44.88,44.89
WMT,44.8733,44.8767
BSX,44.86,44.87
BSX,44.85,44.86
BSX,44.85,44.86
BSX,44.84,44.87
BSX,44.84,44.85
WMT,44.8367,44.87
WMT,44.83,44.8333
BSX,44.83,44.84
BSX,44.83,44.84
BSX,44.82,44.83
BSX,44.8,44.82
BSX,44.79,44.82
WMT,44.7867,44.79
WMT,44.7867,44.79
WMT,44.7667,44.77
BSX,44.74,44.75
WMT,44.73,44.74
WMT,44.7,44.7067
BSX,44.7,44.71
BSX,44.7,44.71
BSX,44.69,44.7
WMT,44.6833,44.6867
WMT,44.6733,44.6867
WMT,44.6667,44.67
BSX,44.66,44.67
WMT,44.6467,44.65
WMT,44.6433,44.6467
BSX,44.64,44.65
BSX,44.64,44.65
BSX,44.6,44.61
BSX,44.58,44.59
WMT,44.5767,44.58
BSX,44.57,44.58
WMT,44.5267,44.53
WMT,44.5133,44.53
BSX,44.49,44.5
BSX,44.48,44.49
BSX,44.47,44.48
WMT,44.4667,44.4733
WMT,44.46,44.4633
WMT,44.4533,44.4633
WMT,44.45,44.4567
BSX,44.45,44.46
BSX,44.45,44.46
BSX,44.43,44.44
BSX,44.42,44.45
BSX,44.41,44.42
WMT,44.4,44.4033
WMT,44.3967,44.4
WMT,44.3733,44.3933
BSX,44.36,44.37
WMT,44.3567,44.37
BSX,44.35,44.36
WMT,44.3333,44.3467
WMT,44.3333,44.3467
BSX,44.33,44.34
WMT,44.32,44.33
BSX,44.32,44.33
BSX,44.31,44.32
WMT,44.2933,44.2967
BSX,44.29,44.3
BSX,44.29,44.3
BSX,44.27,44.28
BSX,44.27,44.28
BSX,44.27,44.3
BSX,44.27,44.28
BSX,44.26,44.27
BSX,44.25,44.26
BSX,44.25,44.26
WMT,44.24,44.2433
BSX,44.24,44.31
BSX,44.23,44.24
BSX,44.23,44.24
WMT,44.2267,44.23
WMT,44.22,44.2233
WMT,44.2167,44.22
WMT,44.2133,44.2333
BSX,44.21,44.22
BSX,44.2,44.21
BSX,44.19,44.23
BSX,44.19,44.2
WMT,44.18,44.2
WMT,44.18,44.1833
WMT,44.18,44.1833
WMT,44.1767,44.18
BSX,44.17,44.18
BSX,44.16,44.17
BSX,44.16,44.17
BSX,44.16,44.17
WMT,44.1567,44.16
WMT,44.1433,44.1567
WMT,44.1367,44.14
BSX,44.13,44.14
BSX,44.11,44.12
WMT,44.1067,44.11
WMT,44.1067,44.1233
BSX,44.1,44.11
WMT,44.0967,44.1133
WMT,44.0933,44.1
BSX,44.09,44.1
WMT,44.0867,44.09
WMT,44.0833,44.0933
WMT,44.07,44.0733
BSX,44.07,44.08
BSX,44.07,44.12
WMT,44.0633,44.0667
WMT,44.06,44.0633
WMT,44.06,44.07
BSX,44.06,44.07
BSX,44.05,44.06
WMT,44.0433,44.0467
BSX,44.04,44.05
WMT,44.0233,44.0333
WMT,44.01,44.0133
WMT,44.0033,44.01
WMT,44.0033,44.0067
BSX,44,44.01
WMT,43.9933,44
WMT,43.99,43.9967
WMT,43.96,43.9733
BSX,43.96,44
BSX,43.96,43.97
BSX,43.96,43.97
WMT,43.9567,43.9633
BSX,43.95,43.98
BSX,43.95,43.97
WMT,43.9467,43.95
BSX,43.94,43.95
WMT,43.9333,43.9433
BSX,43.93,43.95
BSX,43.92,43.93
BSX,43.92,43.93
WMT,43.9133,43.9233
WMT,43.9133,43.9167
BSX,43.9,43.91
BSX,43.9,43.91
BSX,43.9,43.91
BSX,43.89,43.9
WMT,43.8833,43.8933
WMT,43.88,43.8833
WMT,43.88,43.8833
WMT,43.88,43.8833
WMT,43.8733,43.8767
BSX,43.87,43.89
WMT,43.8433,43.8533
BSX,43.84,43.85
WMT,43.8233,43.8233
BSX,43.82,43.85
WMT,43.8133,43.8167
BSX,43.81,43.82
WMT,43.8067,43.82
BSX,43.8,43.81
BSX,43.8,43.82
WMT,43.78,43.7833
BSX,43.78,43.79
WMT,43.7767,43.78
WMT,43.7733,43.7767
BSX,43.75,43.76
BSX,43.75,43.76
WMT,43.7433,43.7467
WMT,43.74,43.7467
BSX,43.74,43.75
BSX,43.74,43.75
BSX,43.73,43.74
BSX,43.72,43.73
BSX,43.72,43.73
BSX,43.72,43.73
WMT,43.7,43.7033
BSX,43.68,43.69
WMT,43.66,43.68
BSX,43.64,43.65
BSX,43.63,43.64
BSX,43.62,43.63
BSX,43.62,43.63
BSX,43.61,43.62
BSX,43.61,43.65
BSX,43.6,43.61
BSX,43.59,43.6
BSX,43.58,43.59
BSX,43.58,43.59
BSX,43.57,43.58
BSX,43.57,43.58
WMT,43.5633,43.5733
WMT,43.5567,43.56
WMT,43.5533,43.56
WMT,43.5367,43.5433
WMT,43.53,43.5333
WMT,43.5267,43.53
WMT,43.52,43.5233
BSX,43.52,43.57
WMT,43.5133,43.5167
BSX,43.49,43.5
BSX,43.48,43.5
BSX,43.48,43.49
BSX,43.46,43.47
BSX,43.45,43.46
BSX,43.43,43.44
BSX,43.4,43.41
BSX,43.4,43.41
WMT,43.3967,43.4
BSX,43.39,43.4
WMT,43.3833,43.3867
BSX,43.38,43.39
WMT,43.37,43.3767
WMT,43.3667,43.3733
BSX,43.36,43.37
BSX,43.35,43.36
BSX,43.35,43.36
BSX,43.35,43.36
BSX,43.34,43.36
WMT,43.33,43.3467
BSX,43.33,43.34
BSX,43.33,43.39
BSX,43.32,43.33
WMT,43.3067,43.3333
WMT,43.29,43.2933
WMT,43.2833,43.2933
WMT,43.2667,43.27
WMT,43.26,43.29
BSX,43.25,43.26
BSX,43.25,43.26
BSX,43.25,43.26
WMT,43.24,43.2433
WMT,43.2367,43.24
BSX,43.23,43.24
BSX,43.22,43.23
BSX,43.21,43.25
BSX,43.21,43.22
BSX,43.19,43.2
BSX,43.19,43.21
WMT,43.18,43.1833
WMT,43.18,43.1833
BSX,43.17,43.18
BSX,43.16,43.17
BSX,43.16,43.17
BSX,43.15,43.16
WMT,43.14,43.15
BSX,43.14,43.15
WMT,43.1233,43.1467
BSX,43.12,43.13
BSX,43.12,43.13
BSX,43.12,43.13
WMT,43.1167,43.1233
WMT,43.1133,43.1167
BSX,43.11,43.12
BSX,43.1,43.11
WMT,43.0933,43.1
BSX,43.09,43.1
BSX,43.06,43.09
BSX,43.06,43.07
BSX,43.06,43.07
WMT,43.0433,43.0467
WMT,43.0433,43.0467
BSX,43.03,43.04
BSX,43.03,43.04
BSX,43.03,43.04
WMT,43.0233,43.0467
BSX,43.02,43.06
WMT,43.0133,43.02
BSX,43.01,43.03
BSX,43.01,43.02
BSX,43,43.01
BSX,43,43.01
WMT,42.99,43
BSX,42.99,43
BSX,42.98,42.99
WMT,42.97,42.9767
BSX,42.95,42.96
WMT,42.94,42.9567
BSX,42.94,42.96
BSX,42.94,42.95
WMT,42.9167,42.92
BSX,42.91,42.98
BSX,42.91,42.92
WMT,42.9067,42.9333
WMT,42.9033,42.9133
BSX,42.9,42.91
BSX,42.9,42.91
BSX,42.9,42.91
WMT,42.8667,42.87
BSX,42.86,42.87
BSX,42.85,42.87
BSX,42.85,42.86
WMT,42.8433,42.8467
WMT,42.8233,42.8267
WMT,42.8233,42.8267
BSX,42.82,42.85
BSX,42.82,42.83
BSX,42.8,42.81
BSX,42.79,42.8
BSX,42.79,42.8
BSX,42.79,42.8
BSX,42.77,42.78
BSX,42.77,42.81
BSX,42.76,42.77
BSX,42.75,42.76
BSX,42.75,42.76
BSX,42.74,42.77
BSX,42.74,42.75
BSX,42.74,42.75
BSX,42.74,42.75
BSX,42.74,42.75
WMT,42.7367,42.74
BSX,42.73,42.74
BSX,42.72,42.73
BSX,42.72,42.73
BSX,42.72,42.73
BSX,42.71,42.72
WMT,42.67,42.6733
BSX,42.67,42.68
BSX,42.66,42.67
BSX,42.66,42.67
BSX,42.65,42.66
BSX,42.63,42.64
BSX,42.63,42.68
WMT,42.62,42.6267
BSX,42.61,42.64
BSX,42.61,42.62
WMT,42.6067,42.61
WMT,42.5833,42.5867
BSX,42.58,42.59
BSX,42.58,42.59
BSX,42.57,42.58
BSX,42.57,42.58
BSX,42.57,42.61
BSX,42.56,42.57
BSX,42.56,42.57
BSX,42.56,42.57
WMT,42.5533,42.5833
BSX,42.55,42.56
BSX,42.55,42.56
BSX,42.55,42.56
WMT,42.5367,42.54
BSX,42.53,42.54
BSX,42.53,42.54
WMT,42.52,42.5233
BSX,42.52,42.53
WMT,42.5167,42.52
BSX,42.51,42.52
WMT,42.5,42.5033
BSX,42.5,42.51
BSX,42.49,42.5
BSX,42.47,42.48
BSX,42.45,42.46
BSX,42.44,42.45
BSX,42.42,42.43
BSX,42.42,42.43
BSX,42.41,42.42
BSX,42.41,42.42
BSX,42.37,42.38
BSX,42.35,42.36
WMT,42.3233,42.3267
BSX,42.32,42.33
BSX,42.32,42.36
BSX,42.32,42.33
BSX,42.3,42.31
BSX,42.29,42.3
BSX,42.29,42.3
BSX,42.27,42.28
BSX,42.26,42.27
BSX,42.23,42.24
BSX,42.22,42.23
BSX,42.22,42.23
BSX,42.21,42.22
BSX,42.2,42.21
BSX,42.2,42.21
WMT,42.1933,42.1967
BSX,42.19,42.2
BSX,42.19,42.2
WMT,42.1867,42.1933
BSX,42.18,42.19
BSX,42.17,42.18
BSX,42.16,42.17
BSX,42.14,42.15
BSX,42.14,42.15
BSX,42.13,42.14
BSX,42.13,42.19
BSX,42.12,42.13
BSX,42.11,42.12
BSX,42.09,42.14
BSX,42.09,42.1
BSX,42.08,42.09
BSX,42.08,42.09
BSX,42.06,42.07
BSX,42.06,42.07
BSX,42.04,42.06
BSX,42.03,42.04
BSX,42.03,42.04
BSX,42.02,42.03
BSX,42.02,42.03
WMT,42,42.0067
BSX,41.98,41.99
BSX,41.97,41.98
BSX,41.96,41.97
WMT,41.9533,41.9633
BSX,41.94,41.95
BSX,41.93,41.94
BSX,41.92,41.93
BSX,41.92,41.97
WMT,41.91,41.92
BSX,41.9,41.91
WMT,41.8867,41.8933
BSX,41.84,41.85
BSX,41.84,41.85
BSX,41.84,41.85
WMT,41.8167,41.82
WMT,41.8133,41.8167
WMT,41.81,41.8133
WMT,41.7933,41.7967
BSX,41.79,41.8
WMT,41.7867,41.79
BSX,41.78,41.79
BSX,41.78,41.78
WMT,41.7733,41.78
WMT,41.77,41.7733
WMT,41.77,41.7733
BSX,41.76,41.77
BSX,41.76,41.77
BSX,41.76,41.77
BSX,41.73,41.74
WMT,41.7167,41.72
BSX,41.71,41.72
WMT,41.7,41.7033
BSX,41.7,41.71
BSX,41.67,41.68
BSX,41.66,41.67
WMT,41.6533,41.6567
WMT,41.6367,41.64
WMT,41.6267,41.6367
BSX,41.62,41.63
BSX,41.62,41.63
BSX,41.61,41.62
BSX,41.61,41.62
BSX,41.6,41.61
BSX,41.6,41.64
BSX,41.59,41.6
WMT,41.58,41.5833
BSX,41.54,41.55
BSX,41.53,41.54
BSX,41.52,41.53
BSX,41.49,41.5
BSX,41.48,41.52
BSX,41.48,41.52
BSX,41.47,41.48
BSX,41.47,41.48
WMT,41.4667,41.47
BSX,41.46,41.47
BSX,41.45,41.46
WMT,41.4333,41.4433
WMT,41.4333,41.4433
BSX,41.43,41.44
BSX,41.43,41.44
BSX,41.42,41.43
WMT,41.4167,41.42
BSX,41.41,41.42
WMT,41.4033,41.4067
WMT,41.38,41.3933
BSX,41.35,41.36
BSX,41.34,41.35
BSX,41.33,41.34
BSX,41.32,41.33
WMT,41.31,41.32
WMT,41.3067,41.31
WMT,41.3067,41.3133
BSX,41.3,41.31
BSX,41.29,41.3
WMT,41.2833,41.2867
BSX,41.28,41.29
WMT,41.26,41.27
BSX,41.26,41.27
WMT,41.2533,41.2867
WMT,41.2467,41.2567
BSX,41.24,41.25
WMT,41.23,41.2333
BSX,41.23,41.24
WMT,41.2267,41.23
WMT,41.22,41.2233
BSX,41.21,41.22
WMT,41.2067,41.21
WMT,41.2,41.21
BSX,41.18,41.2
BSX,41.18,41.2
BSX,41.18,41.19
BSX,41.17,41.18
BSX,41.16,41.17
BSX,41.16,41.17
WMT,41.1467,41.15
WMT,41.1467,41.1567
WMT,41.1433,41.1467
BSX,41.14,41.15
BSX,41.12,41.13
WMT,41.1167,41.1233
BSX,41.11,41.12
BSX,41.11,41.12
WMT,41.0967,41.11
BSX,41.08,41.09
BSX,41.08,41.09
BSX,41.05,41.06
BSX,41.05,41.06
BSX,41.03,41.04
BSX,41.03,41.04
BSX,41.02,41.03
BSX,41.02,41.04
BSX,41.02,41.03
BSX,41.01,41.02
BSX,41.01,41.02
BSX,41.01,41.02
WMT,40.9933,40.9967
BSX,40.99,41
BSX,40.98,40.99
WMT,40.9733,41
BSX,40.97,40.98
BSX,40.96,40.97
BSX,40.94,40.96
BSX,40.91,40.92
BSX,40.91,40.92
BSX,40.91,40.93
BSX,40.9,40.91
BSX,40.88,40.89
WMT,40.8767,40.88
WMT,40.8767,40.88
WMT,40.8733,40.8767
BSX,40.87,40.88
BSX,40.86,40.87
BSX,40.86,40.87
WMT,40.8533,40.8567
BSX,40.85,40.86
BSX,40.85,40.86
BSX,40.85,40.86
WMT,40.8233,40.8267
WMT,40.8067,40.83
WMT,40.7933,40.7967
BSX,40.78,40.79
WMT,40.7667,40.7733
WMT,40.74,40.7433
BSX,40.71,40.72
WMT,40.7033,40.7067
BSX,40.69,40.7
BSX,40.69,40.7
BSX,40.69,40.7
BSX,40.67,40.68
WMT,40.6633,40.6667
WMT,40.65,40.6533
BSX,40.65,40.66
WMT,40.6267,40.63
WMT,40.61,40.6167
BSX,40.61,40.62
WMT,40.5967,40.6067
WMT,40.5867,40.59
WMT,40.5633,40.5933
WMT,40.5633,40.5933
WMT,40.5567,40.56
BSX,40.54,40.55
WMT,40.53,40.5367
BSX,40.53,40.54
WMT,40.5167,40.52
WMT,40.5133,40.52
BSX,40.5,40.51
BSX,40.5,40.51
BSX,40.48,40.49
WMT,40.45,40.4533
BSX,40.43,40.44
BSX,40.43,40.44
BSX,40.4,40.41
BSX,40.4,40.41
WMT,40.3933,40.4133
WMT,40.3867,40.39
BSX,40.36,40.37
WMT,40.3567,40.36
WMT,40.34,40.3433
BSX,40.31,40.32
BSX,40.29,40.3
BSX,40.27,40.29
BSX,40.24,40.25
BSX,40.23,40.25
BSX,40.22,40.23
BSX,40.21,40.22
WMT,40.2067,40.2167
WMT,40.1967,40.22
BSX,40.18,40.19
BSX,40.18,40.19
BSX,40.15,40.16
BSX,40.14,40.15
WMT,40.1033,40.1167
BSX,40.09,40.1
BSX,40.04,40.05
WMT,40.03,40.04
BSX,40.02,40.03
BSX,39.96,39.97
WMT,39.9367,39.94
WMT,39.9233,39.9267
BSX,39.91,39.92
BSX,39.9,39.91
WMT,39.8933,39.9
BSX,39.89,39.9
BSX,39.89,39.9
WMT,39.8867,39.9
WMT,39.8833,39.8867
WMT,39.8833,39.9067
WMT,39.88,39.8933
BSX,39.87,39.88
WMT,39.8467,39.8633
BSX,39.82,39.84
BSX,39.82,39.83
WMT,39.8133,39.8333
WMT,39.8133,39.8233
WMT,39.7933,39.7967
WMT,39.7867,39.79
BSX,39.76,39.77
BSX,39.75,39.76
WMT,39.7467,39.75
BSX,39.74,39.75
WMT,39.7367,39.7467
WMT,39.7367,39.7467
WMT,39.69,39.6933
WMT,39.69,39.6933
WMT,39.6867,39.7067
WMT,39.67,39.6733
BSX,39.66,39.67
BSX,39.66,39.67
BSX,39.66,39.69
BSX,39.65,39.66
BSX,39.65,39.67
WMT,39.6467,39.6567
BSX,39.64,39.65
WMT,39.6233,39.6267
WMT,39.5967,39.6067
BSX,39.59,39.6
BSX,39.58,39.59
BSX,39.57,39.6
BSX,39.57,39.58
BSX,39.55,39.56
WMT,39.5433,39.55
BSX,39.53,39.54
BSX,39.53,39.54
BSX,39.53,39.54
WMT,39.5267,39.53
BSX,39.51,39.52
BSX,39.5,39.51
BSX,39.47,39.48
BSX,39.46,39.47
WMT,39.4267,39.43
WMT,39.4267,39.43
WMT,39.4167,39.4467
BSX,39.4,39.41
BSX,39.4,39.41
BSX,39.38,39.39
BSX,39.37,39.38
WMT,39.36,39.3733
BSX,39.35,39.36
BSX,39.35,39.36
BSX,39.34,39.35
BSX,39.34,39.35
BSX,39.33,39.37
WMT,39.3233,39.33
BSX,39.32,39.34
BSX,39.31,39.32
BSX,39.31,39.32
BSX,39.31,39.33
BSX,39.31,39.32
BSX,39.3,39.31
WMT,39.29,39.2933
WMT,39.2867,39.29
WMT,39.2867,39.29
BSX,39.25,39.26
BSX,39.23,39.26
WMT,39.2267,39.2333
WMT,39.2267,39.23
WMT,39.2233,39.2267
WMT,39.21,39.2167
BSX,39.21,39.22
BSX,39.19,39.2
BSX,39.15,39.16
WMT,39.1467,39.15
BSX,39.12,39.13
WMT,39.1167,39.12
BSX,39.1,39.11
BSX,39.1,39.11
WMT,39.08,39.0833
BSX,39.03,39.04
WMT,39.0133,39.0467
BSX,38.99,39
BSX,38.97,38.98
BSX,38.97,38.99
BSX,38.97,38.98
BSX,38.96,38.97
BSX,38.96,38.97
BSX,38.95,38.96
WMT,38.94,38.9433
BSX,38.93,38.94
WMT,38.9133,38.9233
BSX,38.9,38.91
BSX,38.89,38.9
BSX,38.88,38.89
WMT,38.86,38.8633
BSX,38.86,38.87
BSX,38.86,38.87
WMT,38.8567,38.86
BSX,38.85,38.86
BSX,38.85,38.87
BSX,38.85,38.87
WMT,38.8433,38.8467
BSX,38.84,38.85
BSX,38.82,38.83
BSX,38.82,38.83
WMT,38.8167,38.82
WMT,38.79,38.7933
BSX,38.79,38.81
WMT,38.78,38.7833
BSX,38.77,38.78
WMT,38.7633,38.77
BSX,38.76,38.77
BSX,38.76,38.77
BSX,38.76,38.77
BSX,38.75,38.76
BSX,38.74,38.75
BSX,38.73,38.74
WMT,38.72,38.7267
WMT,38.72,38.7267
BSX,38.72,38.73
WMT,38.7033,38.7067
BSX,38.66,38.67
BSX,38.65,38.66
BSX,38.65,38.66
WMT,38.6367,38.6433
WMT,38.6333,38.6367
WMT,38.6267,38.65
WMT,38.6233,38.6267
WMT,38.6167,38.62
WMT,38.6133,38.6167
WMT,38.61,38.6133
WMT,38.6033,38.61
BSX,38.6,38.61
BSX,38.59,38.6
BSX,38.59,38.6
BSX,38.58,38.59
BSX,38.58,38.59
BSX,38.57,38.58
BSX,38.57,38.59
BSX,38.57,38.58
BSX,38.55,38.56
WMT,38.5267,38.53
BSX,38.48,38.49
BSX,38.47,38.48
WMT,38.4667,38.47
BSX,38.44,38.45
WMT,38.4233,38.4267
WMT,38.4233,38.4267
WMT,38.4233,38.4267
BSX,38.42,38.43
BSX,38.42,38.43
BSX,38.42,38.43
WMT,38.39,38.3967
BSX,38.39,38.4
BSX,38.38,38.39
BSX,38.38,38.39
BSX,38.37,38.38
BSX,38.35,38.36
WMT,38.3267,38.33
WMT,38.3067,38.3133
WMT,38.3067,38.3133
BSX,38.29,38.3
BSX,38.29,38.3
BSX,38.26,38.27
BSX,38.25,38.26
BSX,38.24,38.27
BSX,38.23,38.24
BSX,38.21,38.22
BSX,38.21,38.22
BSX,38.19,38.2
BSX,38.19,38.2
BSX,38.19,38.2
BSX,38.17,38.18
BSX,38.17,38.18
BSX,38.16,38.17
WMT,38.1533,38.1567
WMT,38.14,38.15
WMT,38.14,38.1533
BSX,38.13,38.14
BSX,38.12,38.13
WMT,38.1167,38.1267
BSX,38.11,38.12
WMT,38.09,38.0933
WMT,38.0867,38.09
BSX,38.06,38.07
WMT,38.0467,38.0567
WMT,38.03,38.0333
BSX,38.03,38.04
BSX,38.02,38.03
BSX,38.02,38.03
BSX,38,38.02
BSX,38,38.01
BSX,38,38.01
BSX,38,38.01
BSX,37.99,38
WMT,37.9833,37.9867
BSX,37.98,37.99
BSX,37.97,37.98
BSX,37.97,37.98
BSX,37.95,37.96
WMT,37.9267,37.93
BSX,37.92,37.93
BSX,37.92,37.93
BSX,37.91,37.92
BSX,37.9,37.91
BSX,37.9,37.91
BSX,37.88,37.89
WMT,37.8533,37.8567
BSX,37.84,37.85
BSX,37.83,37.84
BSX,37.81,37.82
BSX,37.79,37.8
BSX,37.78,37.79
BSX,37.77,37.78
BSX,37.77,37.78
BSX,37.75,37.76
BSX,37.72,37.74
BSX,37.71,37.72
BSX,37.71,37.72
BSX,37.66,37.67
BSX,37.65,37.66
WMT,37.6333,37.6367
BSX,37.59,37.6
BSX,37.57,37.58
BSX,37.55,37.56
BSX,37.54,37.55
BSX,37.54,37.55
BSX,37.52,37.53
BSX,37.51,37.52
BSX,37.51,37.52
BSX,37.5,37.51
BSX,37.49,37.5
BSX,37.48,37.49
BSX,37.48,37.49
BSX,37.46,37.51
BSX,37.45,37.46
BSX,37.45,37.47
BSX,37.43,37.44
BSX,37.42,37.43
BSX,37.42,37.43
BSX,37.42,37.43
BSX,37.39,37.4
BSX,37.37,37.38
BSX,37.33,37.34
BSX,37.28,37.29
BSX,37.27,37.28
BSX,37.25,37.26
BSX,37.24,37.25
BSX,37.22,37.23
BSX,37.21,37.23
BSX,37.17,37.19
BSX,37.16,37.17
BSX,37.15,37.17
BSX,37.15,37.16
BSX,37.15,37.16
BSX,37.15,37.16
BSX,37.13,37.14
BSX,37.12,37.13
BSX,37.02,37.03
BSX,37.01,37.03
BSX,37,37.01
BSX,36.97,36.98
BSX,36.97,36.98
BSX,36.93,36.94
BSX,36.88,36.9
BSX,36.88,36.89
BSX,36.87,36.89
BSX,36.86,36.87
BSX,36.86,36.88
BSX,36.83,36.84
BSX,36.83,36.84
BSX,36.82,36.83
WMT,36.7833,36.79
BSX,36.77,36.78
BSX,36.76,36.77
BSX,36.75,36.76
BSX,36.75,36.76
BSX,36.71,36.74
BSX,36.71,36.72
BSX,36.71,36.72
BSX,36.7,36.71
BSX,36.67,36.68
BSX,36.65,36.66
BSX,36.63,36.66
BSX,36.63,36.64
BSX,36.6,36.61
BSX,36.55,36.56
WMT,36.5133,36.5267
WMT,36.51,36.53
WMT,36.4467,36.45
BSX,36.44,36.45
BSX,36.42,36.43
BSX,36.39,36.4
BSX,36.39,36.41
BSX,36.37,36.38
BSX,36.33,36.34
BSX,36.32,36.33
BSX,36.32,36.33
BSX,36.28,36.29
BSX,36.27,36.28
BSX,36.24,36.25
BSX,36.24,36.25
BSX,36.19,36.2
BSX,36.16,36.2
BSX,36.05,36.06
BSX,36.04,36.05
BSX,36.01,36.02
BSX,36.01,36.02
BSX,35.99,36
BSX,35.99,36
BSX,35.96,35.97
BSX,35.93,35.94
BSX,35.93,35.94
WMT,35.92,35.9233
BSX,35.92,35.96
BSX,35.92,35.96
BSX,35.91,35.92
BSX,35.91,35.92
BSX,35.91,35.92
BSX,35.87,35.89
BSX,35.87,35.88
BSX,35.85,35.86
BSX,35.83,35.84
BSX,35.75,35.76
BSX,35.7,35.71
BSX,35.58,35.59
WMT,35.5667,35.5867
BSX,35.55,35.56
BSX,35.53,35.54
BSX,35.5,35.51
BSX,35.49,35.5
BSX,35.47,35.48
BSX,35.46,35.47
BSX,35.44,35.45
BSX,35.44,35.45
BSX,35.42,35.43
BSX,35.39,35.4
BSX,35.38,35.4
BSX,35.38,35.4
BSX,35.33,35.34
BSX,35.32,35.33
BSX,35.29,35.3
BSX,35.29,35.3
BSX,35.27,35.28
BSX,35.24,35.25
BSX,35.22,35.23
BSX,35.21,35.22
BSX,35.21,35.22
BSX,35.16,35.17
BSX,35.13,35.15
BSX,35.13,35.14
BSX,35.1,35.11
BSX,35.08,35.15
BSX,35.05,35.06
BSX,35.04,35.05
BSX,35.03,35.07
BSX,34.9,34.92
BSX,34.82,34.83
BSX,34.81,34.83
BSX,34.81,34.82
BSX,34.8,34.81
WMT,34.68,34.6833
BSX,34.68,34.69
BSX,34.66,34.67
BSX,34.65,34.66
BSX,34.64,34.65
BSX,34.58,34.59
BSX,34.58,34.59
BSX,34.54,34.55
BSX,34.54,34.55
BSX,34.47,34.49
BSX,34.43,34.44
BSX,34.38,34.39
BSX,34.36,34.41
BSX,34.35,34.36
BSX,34.25,34.27
BSX,34.25,34.26
BSX,34.24,34.26
BSX,34.21,34.22
BSX,34.15,34.16
BSX,34.1,34.13
BSX,34.07,34.08
BSX,34.06,34.07
BSX,33.99,34.01
BSX,33.97,33.98
BSX,33.88,33.89
BSX,33.85,33.86
BSX,33.85,33.86
BSX,33.8,33.81
BSX,33.79,33.8
BSX,33.69,33.7
BSX,33.69,33.7
BSX,33.64,33.65
BSX,33.59,33.6
BSX,33.58,33.6
BSX,33.55,33.56
BSX,33.55,33.56
BSX,33.5,33.51
BSX,33.44,33.45
BSX,33.32,33.33
BSX,33.28,33.29
BSX,33.14,33.15
BSX,32.81,32.82
BSX,32.63,32.64
BSX,32.25,32.33
BSX,31.61,31.62
BSX,31.34,31.36
BSX,31.18,31.19
BSX,31,31.03
BSX,30.98,30.99
BSX,30.6,30.64
BSX,30.17,30.19
BSX,29.87,29.9
TUS,29.7231,29.7306
TUS,29.63,29.64
TUS,29.6174,29.625
TUS,29.6,29.61
TUS,29.58,29.59
TUS,29.58,29.59
TUS,29.53,29.54
TUS,29.5117,29.5193
TUS,29.4891,29.4966
TUS,29.48,29.49
TUS,29.474,29.4816
TUS,29.474,29.4816
TUS,29.45,29.46
TUS,29.41,29.42
TUS,29.34,29.35
TUS,29.3381,29.3457
TUS,29.3,29.31
TUS,29.3,29.31
TUS,29.28,29.29
TUS,29.2778,29.2853
TUS,29.2,29.21
TUS,29.2,29.21
TUS,29.157,29.1645
TUS,29.1344,29.1419
TUS,29.1117,29.1193
TUS,29.1117,29.1193
TUS,29.09,29.1
TUS,29.0815,29.0891
TUS,29.07,29.08
TUS,29.07,29.08
TUS,29.0664,29.074
TUS,29.0513,29.0589
TUS,29.04,29.05
TUS,29.0287,29.0362
TUS,29.006,29.0136
TUS,29.006,29.0136
TUS,28.99,29
TUS,28.99,29
TUS,28.98,28.99
TUS,28.96,28.97
TUS,28.9532,28.9608
TUS,28.9532,28.9608
TUS,28.95,28.96
TUS,28.95,28.96
TUS,28.9306,28.9381
TUS,28.9306,28.9381
TUS,28.93,28.94
TUS,28.92,28.93
TUS,28.92,28.93
TUS,28.92,28.93
TUS,28.91,28.92
TUS,28.89,28.9
TUS,28.88,28.89
TUS,28.8702,28.8777
TUS,28.87,28.88
TUS,28.8626,28.8702
TUS,28.8626,28.8702
TUS,28.8626,28.8702
TUS,28.83,28.84
TUS,28.8098,28.8173
TUS,28.8098,28.8173
TUS,28.8,28.81
TUS,28.8,28.81
TUS,28.78,28.79
TUS,28.76,28.77
TUS,28.75,28.76
BSX,28.75,28.79
TUS,28.7494,28.757
TUS,28.74,28.75
TUS,28.74,28.75
TUS,28.7343,28.7419
TUS,28.7192,28.7268
TUS,28.7192,28.7268
TUS,28.7041,28.7117
TUS,28.7,28.71
TUS,28.68,28.69
TUS,28.68,28.69
TUS,28.68,28.69
TUS,28.64,28.65
TUS,28.5909,28.5985
TUS,28.58,28.59
TUS,28.55,28.56
TUS,28.5305,28.5381
TUS,28.53,28.54
TUS,28.49,28.5
TUS,28.48,28.49
TUS,28.45,28.46
TUS,28.43,28.44
TUS,28.4,28.41
TUS,28.4,28.41
TUS,28.3947,28.4022
TUS,28.3796,28.3871
TUS,28.36,28.37
TUS,28.33,28.34
TUS,28.33,28.34
TUS,28.33,28.34
TUS,28.33,28.34
TUS,28.33,28.34
TUS,28.33,28.34
TUS,28.31,28.32
TUS,28.31,28.32
TUS,28.31,28.32
TUS,28.31,28.32
TUS,28.3,28.31
TUS,28.3,28.31
TUS,28.3,28.31
TUS,28.3,28.31
TUS,28.28,28.29
TUS,28.26,28.27
BSX,28.26,28.28
TUS,28.2513,28.2588
TUS,28.22,28.23
TUS,28.21,28.22
TUS,28.21,28.22
BSX,28.21,28.22
TUS,28.1909,28.1984
TUS,28.18,28.19
TUS,28.16,28.17
TUS,28.15,28.16
TUS,28.14,28.15
TUS,28.11,28.12
TUS,28.1,28.11
TUS,28.1,28.11
TUS,28.08,28.09
TUS,28.0701,28.0777
TUS,28.07,28.08
TUS,28.07,28.08
TUS,28.0626,28.0701
TUS,28.06,28.07
TUS,28.06,28.07
TUS,28.03,28.04
TUS,28.03,28.04
TUS,28.03,28.04
TUS,28.02,28.03
TUS,28.0097,28.0173
TUS,27.99,28
TUS,27.99,28
TUS,27.98,27.99
TUS,27.96,27.97
TUS,27.96,27.97
TUS,27.9569,27.9645
TUS,27.95,27.96
TUS,27.9494,27.9569
TUS,27.94,27.95
TUS,27.94,27.95
TUS,27.889,27.8965
TUS,27.88,27.89
TUS,27.86,27.87
TUS,27.86,27.87
TUS,27.86,27.87
TUS,27.85,27.86
TUS,27.83,27.84
TUS,27.78,27.79
TUS,27.78,27.79
TUS,27.77,27.78
TUS,27.77,27.78
TUS,27.76,27.77
TUS,27.75,27.76
TUS,27.75,27.76
TUS,27.75,27.76
TUS,27.74,27.75
TUS,27.72,27.73
TUS,27.72,27.73
TUS,27.72,27.73
TUS,27.71,27.72
TUS,27.67,27.68
TUS,27.66,27.67
TUS,27.66,27.67
TUS,27.66,27.67
TUS,27.65,27.66
TUS,27.64,27.65
TUS,27.63,27.64
TUS,27.6,27.61
TUS,27.6,27.61
TUS,27.6,27.61
BSX,27.55,27.56
TUS,27.53,27.54
TUS,27.52,27.53
TUS,27.52,27.53
TUS,27.51,27.52
TUS,27.51,27.52
TUS,27.5,27.51
TUS,27.49,27.5
TUS,27.49,27.5
TUS,27.48,27.49
TUS,27.44,27.45
TUS,27.44,27.45
TUS,27.41,27.42
TUS,27.41,27.42
TUS,27.41,27.42
TUS,27.4,27.41
TUS,27.4,27.41
TUS,27.4,27.41
TUS,27.4,27.41
TUS,27.4,27.41
TUS,27.39,27.4
TUS,27.39,27.4
TUS,27.3833,27.3908
TUS,27.38,27.39
TUS,27.37,27.38
TUS,27.37,27.38
TUS,27.36,27.37
TUS,27.35,27.36
TUS,27.31,27.32
TUS,27.3,27.31
TUS,27.29,27.3
TUS,27.28,27.29
TUS,27.25,27.26
BSX,27.23,27.24
TUS,27.22,27.23
TUS,27.22,27.23
TUS,27.2,27.21
BSX,27.2,27.23
TUS,27.17,27.18
TUS,27.15,27.16
TUS,27.14,27.15
TUS,27.14,27.15
TUS,27.13,27.14
TUS,27.12,27.13
TUS,27.11,27.12
TUS,27.09,27.1
TUS,27.0587,27.0663
TUS,27.05,27.06
TUS,27.01,27.02
TUS,27.01,27.02
TUS,27.01,27.02
TUS,27,27.01
TUS,26.99,27
TUS,26.99,27
TUS,26.96,26.97
TUS,26.95,26.96
TUS,26.9455,26.9531
TUS,26.94,26.95
TUS,26.93,26.94
TUS,26.92,26.93
TUS,26.9,26.91
TUS,26.84,26.85
TUS,26.83,26.84
TUS,26.83,26.84
TUS,26.82,26.83
TUS,26.81,26.82
TUS,26.79,26.8
TUS,26.78,26.79
TUS,26.78,26.79
TUS,26.74,26.75
TUS,26.72,26.73
TUS,26.64,26.65
TUS,26.64,26.66
TUS,26.63,26.64
TUS,26.63,26.64
TUS,26.61,26.62
TUS,26.57,26.58
TUS,26.57,26.58
TUS,26.5681,26.5757
TUS,26.49,26.5
TUS,26.47,26.48
TUS,26.43,26.44
TUS,26.43,26.44
TUS,26.42,26.43
TUS,26.39,26.4
TUS,26.38,26.39
TUS,26.37,26.38
TUS,26.33,26.34
TUS,26.31,26.32
TUS,26.31,26.32
TUS,26.24,26.25
TUS,26.24,26.25
TUS,26.21,26.22
TUS,26.21,26.22
TUS,26.19,26.2
TUS,26.19,26.2
TUS,26.18,26.19
TUS,26.17,26.18
TUS,26.1681,26.1756
TUS,26.15,26.16
TUS,26.15,26.16
TUS,26.15,26.15
TUS,26.13,26.14
TUS,26.12,26.13
TUS,26.11,26.12
TUS,26.1,26.11
TUS,26.09,26.1
TUS,26.08,26.09
TUS,26.07,26.08
TUS,26.07,26.08
TUS,26.06,26.07
TUS,26.0473,26.0549
TUS,26.02,26.03
TUS,26.0096,26.0171
TUS,26,26.01
TUS,25.99,26
TUS,25.98,25.99
TUS,25.95,25.96
TUS,25.91,25.92
TUS,25.88,25.89
TUS,25.86,25.87
TUS,25.86,25.87
TUS,25.86,25.87
TUS,25.86,25.87
TUS,25.84,25.85
TUS,25.82,25.83
TUS,25.82,25.83
BSX,25.81,25.82
TUS,25.79,25.8
TUS,25.77,25.78
TUS,25.74,25.75
TUS,25.7,25.71
TUS,25.69,25.7
TUS,25.66,25.67
TUS,25.62,25.63
TUS,25.62,25.63
TUS,25.61,25.62
TUS,25.61,25.62
TUS,25.6,25.61
TUS,25.58,25.59
TUS,25.57,25.58
TUS,25.55,25.56
TUS,25.54,25.55
TUS,25.53,25.54
TUS,25.52,25.53
TUS,25.51,25.52
TUS,25.5,25.51
TUS,25.47,25.48
TUS,25.4586,25.4661
TUS,25.44,25.45
TUS,25.39,25.4
TUS,25.34,25.35
TUS,25.33,25.34
TUS,25.26,25.27
TUS,25.26,25.27
TUS,25.19,25.2
TUS,25.16,25.17
TUS,25.15,25.17
TUS,25.13,25.14
TUS,25.1,25.11
TUS,25.0812,25.0888
TUS,24.87,24.88
TUS,24.85,24.86
TUS,24.85,24.86
TUS,24.83,24.84
TUS,24.82,24.83
TUS,24.82,24.83
TUS,24.81,24.82
TUS,24.7868,24.7944
TUS,24.78,24.79
TUS,24.76,24.77
TUS,24.73,24.74
TUS,24.7189,24.7265
TUS,24.71,24.72
TUS,24.66,24.67
TUS,24.66,24.67
TUS,24.65,24.66
TUS,24.65,24.66
TUS,24.6208,24.6283
TUS,24.6208,24.6283
TUS,24.6,24.61
TUS,24.57,24.58
TUS,24.54,24.55
TUS,24.54,24.55
TUS,24.54,24.55
TUS,24.52,24.53
TUS,24.5,24.51
TUS,24.46,24.47
TUS,24.46,24.47
TUS,24.4547,24.4623
TUS,24.44,24.45
TUS,24.43,24.44
TUS,24.39,24.4
TUS,24.39,24.4
TUS,24.35,24.36
TUS,24.3491,24.3566
TUS,24.33,24.34
TUS,24.3189,24.3264
TUS,24.31,24.32
TUS,24.3038,24.3113
TUS,24.3,24.31
TUS,24.29,24.3
TUS,24.266,24.2736
TUS,24.26,24.27
TUS,24.26,24.27
TUS,24.251,24.2585
TUS,24.25,24.26
TUS,24.23,24.24
TUS,24.17,24.18
TUS,24.1679,24.183
TUS,24.1679,24.1755
TUS,24.15,24.16
TUS,24.12,24.13
TUS,24.1151,24.1302
TUS,24.07,24.08
TUS,24.05,24.06
TUS,24.0321,24.0396
TUS,24.02,24.03
TUS,24.0019,24.0094
TUS,23.9943,24.0019
TUS,23.98,23.99
TUS,23.96,23.97
TUS,23.87,23.88
TUS,23.81,23.82
TUS,23.7754,23.783
TUS,23.7754,23.783
TUS,23.74,23.75
TUS,23.7377,23.7453
TUS,23.73,23.74
TUS,23.73,23.74
TUS,23.7226,23.7302
TUS,23.72,23.73
TUS,23.7075,23.7151
TUS,23.7,23.7075
TUS,23.6773,23.6849
TUS,23.6622,23.6698
TUS,23.6471,23.6547
TUS,23.6396,23.6471
TUS,23.62,23.63
TUS,23.61,23.62
TUS,23.59,23.6
TUS,23.57,23.58
TUS,23.5641,23.5717
TUS,23.54,23.55
TUS,23.52,23.53
TUS,23.5037,23.5113
TUS,23.5,23.51
TUS,23.49,23.5
TUS,23.49,23.5
TUS,23.4811,23.4886
TUS,23.48,23.49
TUS,23.45,23.46
TUS,23.44,23.45
TUS,23.4358,23.4433
TUS,23.3981,23.4056
TUS,23.383,23.3905
TUS,23.3754,23.383
TUS,23.3754,23.383
TUS,23.37,23.38
TUS,23.3679,23.3754
TUS,23.36,23.37
TUS,23.3452,23.3528
TUS,23.3377,23.3452
TUS,23.3226,23.3301
TUS,23.29,23.3
TUS,23.27,23.28
TUS,23.27,23.28
TUS,23.2697,23.2773
TUS,23.2622,23.2697
TUS,23.2546,23.2622
TUS,23.232,23.2396
TUS,23.2169,23.2245
TUS,23.1943,23.2018
TUS,23.1792,23.1867
TUS,23.1792,23.1867
TUS,23.1716,23.1792
TUS,23.17,23.18
TUS,23.1641,23.1716
TUS,23.15,23.16
TUS,23.1339,23.1414
TUS,23.1,23.11
TUS,23.0811,23.0886
TUS,23.08,23.09
TUS,23.066,23.0735
TUS,23.0509,23.0584
TUS,23.0509,23.0584
TUS,23.0433,23.0509
TUS,23.0282,23.0358
TUS,23.0131,23.0207
TUS,23.0056,23.0207
TUS,23,23.01
TUS,22.9905,22.998
TUS,22.9905,22.998
TUS,22.9905,22.998
TUS,22.98,22.99
TUS,22.9754,22.9829
TUS,22.96,22.97
TUS,22.95,22.96
TUS,22.95,22.96
TUS,22.95,22.96
TUS,22.9376,22.9452
TUS,22.8924,22.8999
TUS,22.8848,22.8924
TUS,22.87,22.88
TUS,22.8697,22.8773
TUS,22.8546,22.8622
TUS,22.85,22.86
TUS,22.8471,22.8546
TUS,22.84,22.85
TUS,22.8395,22.8471
TUS,22.8395,22.8471
TUS,22.832,22.8395
TUS,22.832,22.8395
TUS,22.832,22.8395
TUS,22.83,22.84
TUS,22.83,22.84
TUS,22.83,22.84
TUS,22.8244,22.832
TUS,22.8018,22.8093
TUS,22.7942,22.8018
TUS,22.7942,22.8018
TUS,22.7867,22.7942
TUS,22.78,22.79
TUS,22.78,22.79
TUS,22.7791,22.7867
TUS,22.7791,22.7867
TUS,22.7716,22.7791
TUS,22.764,22.7716
TUS,22.7565,22.764
TUS,22.7339,22.7414
TUS,22.73,22.74
TUS,22.73,22.74
TUS,22.7188,22.7263
TUS,22.7188,22.7263
TUS,22.7112,22.7188
TUS,22.7037,22.7188
TUS,22.7037,22.7112
TUS,22.7037,22.7112
TUS,22.7037,22.7112
TUS,22.7,22.71
TUS,22.68,22.69
TUS,22.68,22.69
TUS,22.68,22.68
TUS,22.6735,22.681
TUS,22.6735,22.681
TUS,22.6659,22.6735
TUS,22.6584,22.6659
TUS,22.6508,22.6584
TUS,22.6508,22.6584
TUS,22.6433,22.6508
TUS,22.6433,22.6508
TUS,22.6433,22.6508
TUS,22.6433,22.6508
TUS,22.6357,22.6433
TUS,22.6357,22.6433
TUS,22.6357,22.6433
TUS,22.6357,22.6433
TUS,22.6357,22.6433
TUS,22.6357,22.6433
TUS,22.6282,22.6357
TUS,22.6282,22.6433
TUS,22.62,22.63
TUS,22.6131,22.6206
TUS,22.6131,22.6206
TUS,22.6,22.61
TUS,22.598,22.6055
TUS,22.5829,22.5904
TUS,22.5829,22.5904
TUS,22.5754,22.5829
TUS,22.5754,22.5829
TUS,22.57,22.58
TUS,22.5678,22.5754
TUS,22.5678,22.5754
TUS,22.5678,22.5754
TUS,22.5603,22.5678
TUS,22.5603,22.5678
TUS,22.5527,22.5603
TUS,22.5527,22.5603
TUS,22.5452,22.5527
TUS,22.5452,22.5527
TUS,22.5301,22.5376
TUS,22.5301,22.5376
TUS,22.5301,22.5376
TUS,22.5301,22.5376
TUS,22.53,22.54
TUS,22.5225,22.5301
TUS,22.52,22.53
TUS,22.5074,22.515
TUS,22.5074,22.515
TUS,22.5,22.51
TUS,22.4923,22.4999
TUS,22.4923,22.4999
TUS,22.49,22.5
TUS,22.4848,22.4923
TUS,22.4772,22.4848
TUS,22.47,22.48
TUS,22.4621,22.4697
TUS,22.4621,22.4697
TUS,22.4546,22.4621
TUS,22.447,22.4546
TUS,22.447,22.4546
TUS,22.447,22.4697
TUS,22.4395,22.447
TUS,22.4319,22.4395
TUS,22.4244,22.4319
TUS,22.4168,22.4244
TUS,22.4168,22.4319
TUS,22.4168,22.4244
TUS,22.4093,22.4244
TUS,22.4093,22.4168
TUS,22.4093,22.4168
TUS,22.3942,22.4018
TUS,22.364,22.3716
TUS,22.364,22.3716
TUS,22.364,22.3716
TUS,22.36,22.37
TUS,22.3565,22.364
TUS,22.3565,22.364
TUS,22.3489,22.3565
TUS,22.3489,22.3565
TUS,22.3489,22.3565
TUS,22.3414,22.3489
TUS,22.3338,22.3414
TUS,22.3338,22.3414
TUS,22.3263,22.3338
TUS,22.3263,22.3338
TUS,22.3187,22.3263
TUS,22.3187,22.3263
TUS,22.3112,22.3187
TUS,22.31,22.32
TUS,22.31,22.32
TUS,22.31,22.32
TUS,22.3036,22.3112
TUS,22.3,22.31
TUS,22.2961,22.3036
TUS,22.2961,22.3036
TUS,22.2961,22.3036
TUS,22.2885,22.2961
TUS,22.281,22.2885
TUS,22.28,22.29
TUS,22.28,22.29
TUS,22.2734,22.281
TUS,22.27,22.28
TUS,22.2659,22.2734
TUS,22.2508,22.2583
TUS,22.2508,22.2583
TUS,22.2432,22.2508
TUS,22.24,22.25
TUS,22.2206,22.2282
TUS,22.2206,22.2282
TUS,22.2131,22.2206
TUS,22.2055,22.2131
TUS,22.2055,22.2131
TUS,22.2055,22.2131
TUS,22.2055,22.2131
TUS,22.19,22.2
TUS,22.19,22.2
TUS,22.18,22.19
TUS,22.18,22.19
TUS,22.18,22.19
TUS,22.18,22.19
TUS,22.1753,22.1829
TUS,22.1753,22.1829
TUS,22.1753,22.1829
TUS,22.1678,22.1753
TUS,22.15,22.16
TUS,22.1376,22.1451
TUS,22.13,22.1376
TUS,22.13,22.14
TUS,22.1225,22.13
TUS,22.12,22.13
TUS,22.11,22.12
TUS,22.1074,22.1149
TUS,22.0998,22.1074
TUS,22.0998,22.1074
TUS,22.0923,22.0998
TUS,22.0847,22.0923
TUS,22.0697,22.0772
TUS,22.0621,22.0697
TUS,22.0621,22.0697
TUS,22.0621,22.0697
TUS,22.0621,22.0697
TUS,22.06,22.07
TUS,22.0546,22.0621
TUS,22.0546,22.0621
TUS,22.04,22.05
TUS,22.04,22.05
TUS,22.0244,22.0319
TUS,22.0244,22.0319
TUS,22.0244,22.047
TUS,22.0168,22.0244
TUS,22.01,22.02
TUS,22.01,22.02
TUS,22.0017,22.0093
TUS,21.9942,22.0017
TUS,21.9866,21.9942
TUS,21.98,21.99
TUS,21.9715,21.9791
TUS,21.9715,21.9791
TUS,21.9715,21.9791
TUS,21.964,21.9715
TUS,21.9564,21.964
TUS,21.9489,21.9564
TUS,21.9489,21.9564
TUS,21.9413,21.9489
TUS,21.93,21.94
TUS,21.9262,21.9338
TUS,21.92,21.93
TUS,21.9111,21.9187
TUS,21.91,21.92
TUS,21.9036,21.9111
TUS,21.9036,21.9111
TUS,21.8961,21.9111
TUS,21.8961,21.9036
TUS,21.8961,21.9036
TUS,21.89,21.9
TUS,21.89,21.9
TUS,21.8885,21.8961
TUS,21.881,21.8885
TUS,21.881,21.8885
TUS,21.881,21.8885
TUS,21.881,21.8885
TUS,21.87,21.88
TUS,21.8659,21.8734
TUS,21.8583,21.8659
TUS,21.8508,21.8583
TUS,21.8508,21.8583
TUS,21.8432,21.8508
TUS,21.8432,21.8583
TUS,21.84,21.85
TUS,21.8357,21.8432
TUS,21.8357,21.8432
TUS,21.83,21.84
TUS,21.8281,21.8357
TUS,21.8281,21.8357
TUS,21.8281,21.8357
TUS,21.8206,21.8281
TUS,21.8206,21.8281
TUS,21.813,21.8206
TUS,21.81,21.82
TUS,21.8055,21.813
TUS,21.8055,21.813
TUS,21.8055,21.813
TUS,21.7979,21.8055
TUS,21.7904,21.7979
TUS,21.7828,21.7904
TUS,21.78,21.79
TUS,21.77,21.78
TUS,21.7677,21.7753
TUS,21.7602,21.7677
TUS,21.7375,21.7451
TUS,21.7375,21.7451
TUS,21.73,21.7375
TUS,21.73,21.7375
TUS,21.73,21.7375
TUS,21.73,21.74
TUS,21.73,21.74
TUS,21.7225,21.73
TUS,21.7225,21.73
TUS,21.7149,21.7225
TUS,21.7149,21.7225
TUS,21.7149,21.7225
TUS,21.71,21.72
TUS,21.7074,21.7149
TUS,21.7,21.71
TUS,21.7,21.71
TUS,21.6998,21.7074
TUS,21.6998,21.7074
TUS,21.6998,21.7074
TUS,21.6998,21.7074
TUS,21.6923,21.6998
TUS,21.6847,21.6923
TUS,21.6772,21.6847
TUS,21.6772,21.6847
TUS,21.67,21.68
TUS,21.6621,21.6696
TUS,21.6621,21.6696
TUS,21.6621,21.6696
TUS,21.65,21.66
TUS,21.647,21.6545
TUS,21.6319,21.6394
TUS,21.6319,21.6394
TUS,21.63,21.64
TUS,21.6243,21.6319
TUS,21.6168,21.6243
TUS,21.6092,21.6168
TUS,21.6092,21.6168
TUS,21.6092,21.6168
TUS,21.6017,21.6092
TUS,21.6017,21.6092
TUS,21.6017,21.6092
TUS,21.6017,21.6319
TUS,21.5941,21.6017
TUS,21.5941,21.6017
TUS,21.59,21.6
TUS,21.59,21.6
TUS,21.5866,21.5941
TUS,21.5715,21.579
TUS,21.57,21.58
TUS,21.55,21.56
TUS,21.5489,21.5564
TUS,21.5413,21.5489
TUS,21.5413,21.5489
TUS,21.5262,21.5338
TUS,21.52,21.53
TUS,21.52,21.53
TUS,21.5187,21.5262
TUS,21.5111,21.5187
TUS,21.5,21.51
TUS,21.496,21.5036
TUS,21.496,21.5036
TUS,21.49,21.5
TUS,21.4885,21.496
TUS,21.48,21.49
TUS,21.4734,21.4809
TUS,21.4658,21.4809
TUS,21.4583,21.4658
TUS,21.4583,21.4658
TUS,21.4583,21.4658
TUS,21.4432,21.4507
TUS,21.4281,21.4356
TUS,21.4205,21.4281
TUS,21.42,21.43
TUS,21.3904,21.3979
TUS,21.3753,21.3828
TUS,21.37,21.38
TUS,21.3677,21.3753
TUS,21.3602,21.3677
TUS,21.3602,21.3677
TUS,21.3526,21.3602
TUS,21.35,21.36
TUS,21.3451,21.3602
TUS,21.3375,21.3451
TUS,21.3375,21.3451
TUS,21.33,21.3375
TUS,21.33,21.3526
TUS,21.32,21.33
TUS,21.31,21.32
TUS,21.31,21.32
TUS,21.31,21.32
TUS,21.3,21.31
TUS,21.2998,21.3073
TUS,21.29,21.3
TUS,21.29,21.3
TUS,21.2771,21.2847
TUS,21.2771,21.2847
TUS,21.2771,21.2847
TUS,21.2771,21.2847
TUS,21.2771,21.2847
TUS,21.2696,21.2771
TUS,21.2696,21.2771
TUS,21.26,21.27
TUS,21.2469,21.2545
TUS,21.2394,21.2469
TUS,21.2243,21.2318
TUS,21.22,21.23
TUS,21.21,21.22
TUS,21.2092,21.2168
TUS,21.2017,21.2092
TUS,21.2017,21.2092
TUS,21.2017,21.2092
TUS,21.2017,21.2092
TUS,21.19,21.2
TUS,21.18,21.19
TUS,21.1715,21.179
TUS,21.1715,21.179
TUS,21.17,21.18
TUS,21.1639,21.1715
TUS,21.1639,21.1715
TUS,21.1413,21.1488
TUS,21.1413,21.1488
TUS,21.14,21.15
TUS,21.1337,21.1413
TUS,21.13,21.14
TUS,21.096,21.1111
TUS,21.09,21.1
TUS,21.0809,21.0884
TUS,21.0658,21.0733
TUS,21.0507,21.0583
TUS,21.04,21.05
TUS,21.0356,21.0432
TUS,21.0281,21.0432
TUS,21.0205,21.0281
TUS,21.013,21.0205
TUS,21,21.01
TUS,20.9979,21.0054
TUS,20.9903,20.9979
TUS,20.9903,20.9979
TUS,20.98,20.99
TUS,20.97,20.98
TUS,20.94,20.95
TUS,20.94,20.95
TUS,20.9375,20.945
TUS,20.89,20.9
TUS,20.87,20.88
TUS,20.8545,20.8696
TUS,20.8318,20.8394
TUS,20.8167,20.8243
TUS,20.8092,20.8167
TUS,20.8016,20.8092
TUS,20.7941,20.8016
TUS,20.7941,20.8016
TUS,20.79,20.8
TUS,20.79,20.8
TUS,20.78,20.79
TUS,20.779,20.7865
TUS,20.779,20.7865
TUS,20.7714,20.779
TUS,20.7639,20.7714
TUS,20.7639,20.7714
TUS,20.7412,20.7488
TUS,20.74,20.75
TUS,20.7261,20.7337
TUS,20.7186,20.7261
TUS,20.7111,20.7186
TUS,20.7111,20.7186
TUS,20.7035,20.7111
TUS,20.7035,20.7111
TUS,20.696,20.7035
TUS,20.696,20.7035
TUS,20.6884,20.696
TUS,20.6809,20.6884
TUS,20.6809,20.6884
TUS,20.67,20.68
TUS,20.67,20.68
TUS,20.6582,20.6658
TUS,20.65,20.66
TUS,20.6356,20.6431
TUS,20.6356,20.6431
TUS,20.63,20.64
TUS,20.628,20.6356
TUS,20.628,20.6431
TUS,20.6205,20.628
TUS,20.62,20.63
TUS,20.61,20.62
TUS,20.6054,20.6129
TUS,20.6054,20.6129
TUS,20.5752,20.5827
TUS,20.57,20.58
TUS,20.57,20.58
TUS,20.5676,20.5752
TUS,20.5601,20.5676
TUS,20.56,20.57
TUS,20.545,20.5526
TUS,20.52,20.53
TUS,20.5148,20.5224
TUS,20.5148,20.5224
TUS,20.5148,20.5224
TUS,20.5148,20.5224
TUS,20.5148,20.5224
TUS,20.4997,20.5073
TUS,20.48,20.49
TUS,20.4695,20.4771
TUS,20.4695,20.4771
TUS,20.44,20.45
TUS,20.4393,20.4469
TUS,20.43,20.44
TUS,20.41,20.42
TUS,20.4016,20.4091
TUS,20.4016,20.4091
TUS,20.4,20.41
TUS,20.394,20.4016
TUS,20.3865,20.394
TUS,20.3865,20.394
TUS,20.3714,20.379
TUS,20.36,20.37
TUS,20.3412,20.3488
TUS,20.32,20.33
TUS,20.311,20.3186
TUS,20.31,20.32
TUS,20.29,20.3
TUS,20.2884,20.2959
TUS,20.28,20.29
TUS,20.24,20.25
TUS,20.2355,20.2431
TUS,20.21,20.22
TUS,20.21,20.22
TUS,20.2054,20.2129
TUS,20.1978,20.2054
TUS,20.1903,20.1978
TUS,20.1827,20.2129
TUS,20.18,20.19
TUS,20.1676,20.1752
TUS,20.16,20.17
TUS,20.0921,20.0997
TUS,20.03,20.04
TUS,20.0016,20.0091
TUS,19.98,19.99
TUS,19.9789,19.9865
TUS,19.9714,19.9789
TUS,19.97,19.98
TUS,19.9638,19.9714
TUS,19.96,19.97
TUS,19.95,19.96
TUS,19.94,19.95
TUS,19.94,19.95
TUS,19.92,19.93
TUS,19.9,19.91
TUS,19.9,19.91
TUS,19.8808,19.8883
TUS,19.8808,19.8883
TUS,19.87,19.88
TUS,19.8431,19.8506
TUS,19.83,19.84
TUS,19.82,19.83
TUS,19.82,19.83
TUS,19.81,19.82
TUS,19.79,19.8
TUS,19.7827,19.7902
TUS,19.78,19.79
TUS,19.77,19.78
TUS,19.76,19.77
TUS,19.76,19.77
TUS,19.72,19.73
TUS,19.71,19.72
TUS,19.7072,19.7147
TUS,19.7,19.71
TUS,19.69,19.7
TUS,19.6468,19.6544
TUS,19.64,19.65
TUS,19.64,19.65
TUS,19.64,19.65
TUS,19.64,19.65
TUS,19.62,19.63
TUS,19.6,19.61
TUS,19.58,19.59
TUS,19.58,19.59
TUS,19.56,19.57
TUS,19.56,19.57
TUS,19.55,19.56
TUS,19.55,19.56
TUS,19.5487,19.5562
TUS,19.53,19.54
TUS,19.53,19.54
TUS,19.53,19.54
TUS,19.53,19.54
TUS,19.52,19.53
TUS,19.52,19.53
TUS,19.51,19.52
TUS,19.51,19.52
TUS,19.49,19.5
TUS,19.48,19.49
TUS,19.48,19.49
TUS,19.48,19.49
TUS,19.47,19.48
TUS,19.47,19.48
TUS,19.46,19.47
TUS,19.45,19.46
TUS,19.44,19.45
TUS,19.44,19.45
TUS,19.4355,19.443
TUS,19.43,19.44
TUS,19.43,19.44
TUS,19.42,19.43
TUS,19.42,19.43
TUS,19.42,19.43
TUS,19.41,19.42
TUS,19.41,19.42
TUS,19.4,19.41
TUS,19.4,19.41
TUS,19.3902,19.3977
TUS,19.39,19.4
TUS,19.39,19.4
TUS,19.36,19.37
TUS,19.36,19.37
TUS,19.36,19.37
TUS,19.3525,19.36
TUS,19.3525,19.36
TUS,19.35,19.36
TUS,19.34,19.35
TUS,19.34,19.35
TUS,19.33,19.34
TUS,19.3298,19.3374
TUS,19.31,19.32
TUS,19.3072,19.3147
TUS,19.3,19.31
TUS,19.29,19.3
TUS,19.28,19.29
TUS,19.277,19.2845
TUS,19.26,19.27
TUS,19.26,19.27
TUS,19.25,19.26
TUS,19.25,19.26
TUS,19.25,19.26
TUS,19.25,19.26
TUS,19.24,19.25
TUS,19.24,19.25
TUS,19.2392,19.2468
TUS,19.2317,19.2392
TUS,19.22,19.23
TUS,19.21,19.22
TUS,19.2,19.21
TUS,19.2,19.21
TUS,19.2,19.21
TUS,19.194,19.2015
TUS,19.1864,19.194
TUS,19.18,19.19
TUS,19.17,19.18
TUS,19.16,19.17
TUS,19.16,19.17
TUS,19.15,19.16
TUS,19.15,19.16
TUS,19.15,19.16
TUS,19.1487,19.1562
TUS,19.1411,19.1487
TUS,19.14,19.15
TUS,19.14,19.15
TUS,19.12,19.13
TUS,19.12,19.13
TUS,19.12,19.13
TUS,19.12,19.13
TUS,19.1185,19.126
TUS,19.11,19.12
TUS,19.11,19.12
TUS,19.0958,19.1034
TUS,19.09,19.1
TUS,19.09,19.1
TUS,19.09,19.1
TUS,19.09,19.1
TUS,19.08,19.09
TUS,19.08,19.09
TUS,19.07,19.08
TUS,19.07,19.08
TUS,19.07,19.08
TUS,19.0581,19.0656
TUS,19.05,19.06
TUS,19.05,19.06
TUS,19.0355,19.043
TUS,19.03,19.04
TUS,19.03,19.04
TUS,19.0204,19.0279
TUS,19.01,19.02
TUS,19.01,19.02
TUS,19.01,19.02
TUS,19,19.01
TUS,19,19.01
TUS,19,19.01
TUS,18.9977,19.0053
TUS,18.99,19
TUS,18.98,18.99
TUS,18.97,18.98
TUS,18.97,18.98
TUS,18.97,18.98
TUS,18.97,18.98
TUS,18.96,18.97
TUS,18.95,18.96
TUS,18.93,18.94
TUS,18.9298,18.9373
TUS,18.9147,18.9222
TUS,18.91,18.92
TUS,18.91,18.92
TUS,18.9,18.91
TUS,18.89,18.9
TUS,18.89,18.9
TUS,18.87,18.88
TUS,18.86,18.87
TUS,18.86,18.87
TUS,18.84,18.85
TUS,18.8392,18.8468
TUS,18.83,18.84
TUS,18.83,18.84
TUS,18.8241,18.8317
TUS,18.82,18.83
TUS,18.82,18.83
TUS,18.81,18.82
TUS,18.81,18.82
TUS,18.8,18.81
TUS,18.8,18.81
TUS,18.7939,18.8015
TUS,18.78,18.79
TUS,18.7713,18.7788
TUS,18.77,18.78
TUS,18.7637,18.7713
TUS,18.7637,18.7713
TUS,18.76,18.77
TUS,18.76,18.77
TUS,18.75,18.76
TUS,18.7411,18.7486
TUS,18.74,18.75
TUS,18.73,18.74
TUS,18.73,18.74
TUS,18.72,18.73
TUS,18.72,18.73
TUS,18.7184,18.726
TUS,18.7109,18.7184
TUS,18.7109,18.7184
TUS,18.7033,18.7109
TUS,18.7,18.71
TUS,18.7,18.71
TUS,18.6958,18.7033
TUS,18.6807,18.6883
TUS,18.67,18.68
TUS,18.67,18.68
TUS,18.67,18.68
TUS,18.66,18.67
TUS,18.6505,18.6581
TUS,18.64,18.65
TUS,18.6354,18.643
TUS,18.6128,18.6203
TUS,18.6128,18.6203
TUS,18.61,18.62
TUS,18.61,18.62
TUS,18.5977,18.6052
TUS,18.59,18.6
TUS,18.57,18.58
TUS,18.57,18.58
TUS,18.5675,18.575
TUS,18.56,18.57
TUS,18.56,18.57
TUS,18.54,18.55
TUS,18.5373,18.5448
TUS,18.5147,18.5222
TUS,18.51,18.52
TUS,18.492,18.4996
TUS,18.49,18.5
TUS,18.47,18.48
TUS,18.4618,18.4694
TUS,18.4618,18.4694
TUS,18.4618,18.4694
TUS,18.46,18.47
TUS,18.45,18.46
TUS,18.45,18.46
TUS,18.44,18.45
TUS,18.44,18.45
TUS,18.43,18.44
TUS,18.43,18.44
TUS,18.4241,18.4316
TUS,18.42,18.43
TUS,18.42,18.43
TUS,18.42,18.43
TUS,18.41,18.42
TUS,18.409,18.4165
TUS,18.4,18.41
TUS,18.4,18.41
TUS,18.4,18.41
TUS,18.4,18.41
TUS,18.39,18.4
TUS,18.38,18.39
TUS,18.38,18.39
TUS,18.38,18.39
TUS,18.38,18.39
TUS,18.3637,18.3712
TUS,18.36,18.37
TUS,18.36,18.37
TUS,18.36,18.37
TUS,18.35,18.36
TUS,18.34,18.35
TUS,18.34,18.35
TUS,18.32,18.33
TUS,18.32,18.33
TUS,18.31,18.32
TUS,18.31,18.32
TUS,18.31,18.32
TUS,18.3033,18.3109
TUS,18.3,18.31
TUS,18.2958,18.3033
TUS,18.29,18.3
TUS,18.29,18.3
TUS,18.2731,18.2807
TUS,18.27,18.28
TUS,18.27,18.28
TUS,18.27,18.28
TUS,18.258,18.2656
TUS,18.2505,18.258
TUS,18.25,18.26
TUS,18.25,18.26
TUS,18.23,18.24
TUS,18.2203,18.2278
TUS,18.2203,18.2278
TUS,18.22,18.23
TUS,18.21,18.22
TUS,18.21,18.22
TUS,18.2052,18.2127
TUS,18.2052,18.2127
TUS,18.1976,18.2052
TUS,18.175,18.1826
TUS,18.15,18.16
TUS,18.15,18.16
TUS,18.15,18.16
TUS,18.1448,18.1524
TUS,18.14,18.15
TUS,18.13,18.14
TUS,18.1297,18.1373
TUS,18.11,18.12
TUS,18.11,18.12
TUS,18.1071,18.1146
TUS,18.1,18.11
TUS,18.0995,18.1071
TUS,18.09,18.1
TUS,18.0693,18.0769
TUS,18.0618,18.0693
TUS,18.06,18.07
TUS,18.06,18.07
TUS,18.06,18.07
TUS,18.0542,18.0618
TUS,18.05,18.06
TUS,18.05,18.06
TUS,18.05,18.06
TUS,18.0467,18.0542
TUS,18.04,18.05
TUS,18.0391,18.0467
TUS,18.0241,18.0316
TUS,18.0241,18.0316
TUS,18.02,18.03
TUS,18.009,18.0165
TUS,18.009,18.0165
TUS,18.009,18.0165
TUS,18.009,18.0165
TUS,18,18.01
TUS,18,18.01
TUS,17.99,18
TUS,17.9863,17.9939
TUS,17.9561,17.9637
TUS,17.941,17.9486
TUS,17.9259,17.9335
TUS,17.9184,17.9259
TUS,17.9108,17.9184
TUS,17.8882,17.8957
TUS,17.88,17.89
TUS,17.8731,17.8806
TUS,17.87,17.87
TUS,17.86,17.87
TUS,17.84,17.85
TUS,17.8354,17.8429
TUS,17.83,17.84
TUS,17.81,17.82
TUS,17.7901,17.7976
TUS,17.78,17.79
TUS,17.7523,17.7599
TUS,17.7523,17.7599
TUS,17.73,17.74
TUS,17.707,17.7146
TUS,17.69,17.7
TUS,17.68,17.69
TUS,17.68,17.69
TUS,17.67,17.68
TUS,17.64,17.65
TUS,17.64,17.65
TUS,17.64,17.65
TUS,17.62,17.63
TUS,17.61,17.62
TUS,17.61,17.62
TUS,17.6014,17.6089
TUS,17.6,17.61
TUS,17.6,17.61
TUS,17.6,17.61
TUS,17.6,17.61
TUS,17.5712,17.5787
TUS,17.57,17.58
TUS,17.56,17.57
TUS,17.5561,17.5636
TUS,17.54,17.55
TUS,17.53,17.54
TUS,17.53,17.54
TUS,17.53,17.54
TUS,17.53,17.54
TUS,17.5259,17.5334
TUS,17.52,17.53
TUS,17.5184,17.5259
TUS,17.5184,17.5259
TUS,17.5108,17.5184
TUS,17.5108,17.5184
TUS,17.51,17.52
TUS,17.5033,17.5108
TUS,17.5,17.51
TUS,17.5,17.51
TUS,17.5,17.51
TUS,17.5,17.51
TUS,17.4957,17.5033
TUS,17.4957,17.5033
TUS,17.49,17.5
TUS,17.49,17.5
TUS,17.4806,17.4882
TUS,17.4806,17.4882
TUS,17.47,17.48
TUS,17.46,17.47
TUS,17.4278,17.4353
TUS,17.4202,17.4278
TUS,17.42,17.43
TUS,17.3976,17.4051
TUS,17.39,17.4
TUS,17.38,17.39
TUS,17.3598,17.3674
TUS,17.33,17.34
TUS,17.33,17.34
TUS,17.33,17.34
TUS,17.3146,17.3221
TUS,17.31,17.32
TUS,17.3,17.31
TUS,17.3,17.31
TUS,17.29,17.3
TUS,17.28,17.29
TUS,17.28,17.29
TUS,17.27,17.28
TUS,17.2617,17.2693
TUS,17.26,17.27
TUS,17.26,17.27
TUS,17.25,17.26
TUS,17.25,17.26
TUS,17.2391,17.2466
TUS,17.2391,17.2466
TUS,17.23,17.24
TUS,17.23,17.24
TUS,17.2,17.21
TUS,17.2,17.21
TUS,17.2,17.21
TUS,17.19,17.2
TUS,17.19,17.2
TUS,17.19,17.2
TUS,17.19,17.2
TUS,17.19,17.2
TUS,17.19,17.2
TUS,17.18,17.19
TUS,17.18,17.19
TUS,17.17,17.18
TUS,17.17,17.18
TUS,17.17,17.18
TUS,17.16,17.17
TUS,17.15,17.16
TUS,17.15,17.16
TUS,17.13,17.14
TUS,17.12,17.13
TUS,17.12,17.13
TUS,17.12,17.13
TUS,17.1,17.11
TUS,17.09,17.1
TUS,17.09,17.1
TUS,17.09,17.1
TUS,17.08,17.09
TUS,17.08,17.09
TUS,17.06,17.07
TUS,17.05,17.06
TUS,17.04,17.05
TUS,17.03,17.04
TUS,17.03,17.04
TUS,17.03,17.04
TUS,17.02,17.03
TUS,17.02,17.03
TUS,17.02,17.03
TUS,17.02,17.03
TUS,17,17.01
TUS,16.99,17
TUS,16.98,16.99
TUS,16.98,16.99
TUS,16.96,16.97
TUS,16.96,16.97
TUS,16.96,16.97
TUS,16.96,16.97
TUS,16.95,16.96
TUS,16.94,16.95
TUS,16.94,16.95
TUS,16.9372,16.9447
TUS,16.92,16.93
TUS,16.91,16.92
TUS,16.91,16.92
TUS,16.91,16.92
TUS,16.91,16.92
TUS,16.9,16.91
TUS,16.9,16.91
TUS,16.89,16.9
TUS,16.89,16.9
TUS,16.87,16.88
TUS,16.87,16.88
TUS,16.84,16.85
TUS,16.83,16.84
TUS,16.83,16.84
TUS,16.824,16.8315
TUS,16.82,16.83
TUS,16.82,16.83
TUS,16.82,16.83
TUS,16.81,16.82
TUS,16.81,16.82
TUS,16.8,16.81
TUS,16.8,16.81
TUS,16.79,16.8
TUS,16.79,16.8
TUS,16.78,16.79
TUS,16.7711,16.7787
TUS,16.77,16.78
TUS,16.77,16.78
TUS,16.77,16.78
TUS,16.76,16.77
TUS,16.75,16.76
TUS,16.75,16.76
TUS,16.74,16.75
TUS,16.74,16.75
TUS,16.72,16.73
TUS,16.7183,16.7258
TUS,16.71,16.72
TUS,16.68,16.69
TUS,16.66,16.67
TUS,16.66,16.67
TUS,16.65,16.66
TUS,16.65,16.66
TUS,16.62,16.63
TUS,16.61,16.62
TUS,16.59,16.6
TUS,16.59,16.6
TUS,16.59,16.6
TUS,16.58,16.59
TUS,16.57,16.58
TUS,16.56,16.57
TUS,16.55,16.56
TUS,16.55,16.56
TUS,16.55,16.56
TUS,16.54,16.55
TUS,16.52,16.53
TUS,16.52,16.53
TUS,16.51,16.52
TUS,16.5,16.51
TUS,16.48,16.49
TUS,16.47,16.48
TUS,16.47,16.48
TUS,16.45,16.46
TUS,16.45,16.46
TUS,16.43,16.44
TUS,16.42,16.43
TUS,16.41,16.42
TUS,16.4,16.41
TUS,16.4,16.41
TUS,16.4,16.41
TUS,16.38,16.39
TUS,16.32,16.33
TUS,16.3,16.31
TUS,16.3,16.31
TUS,16.3,16.31
TUS,16.29,16.3
TUS,16.25,16.26
TUS,16.24,16.25
TUS,16.23,16.24
TUS,16.23,16.24
TUS,16.21,16.22
TUS,16.21,16.22
TUS,16.19,16.2
TUS,16.17,16.18
TUS,16.17,16.18
TUS,16.17,16.18
TUS,16.11,16.12
TUS,16.11,16.12
TUS,16.11,16.12
TUS,16.11,16.12
TUS,16.1,16.11
TUS,16.09,16.1
TUS,16.09,16.1
TUS,16.09,16.1
TUS,16.08,16.09
TUS,16.06,16.07
TUS,16.06,16.07
TUS,16.06,16.07
TUS,16.02,16.03
TUS,15.99,16
TUS,15.99,16
TUS,15.95,15.96
TUS,15.95,15.96
TUS,15.93,15.94
TUS,15.93,15.94
TUS,15.92,15.93
TUS,15.91,15.92
TUS,15.89,15.9
TUS,15.88,15.89
TUS,15.88,15.89
TUS,15.87,15.88
TUS,15.85,15.86
TUS,15.84,15.85
TUS,15.84,15.85
TUS,15.82,15.83
TUS,15.81,15.82
TUS,15.81,15.82
TUS,15.79,15.8
TUS,15.78,15.79
TUS,15.76,15.77
TUS,15.74,15.75
TUS,15.74,15.75
TUS,15.73,15.74
TUS,15.73,15.74
TUS,15.69,15.7
TUS,15.66,15.67
TUS,15.66,15.67
TUS,15.64,15.65
TUS,15.64,15.65
TUS,15.63,15.64
TUS,15.62,15.63
TUS,15.62,15.63
TUS,15.6,15.61
TUS,15.6,15.61
TUS,15.59,15.6
TUS,15.57,15.58
TUS,15.57,15.58
TUS,15.57,15.58
TUS,15.54,15.55
TUS,15.53,15.54
TUS,15.53,15.54
TUS,15.51,15.52
TUS,15.5,15.51
TUS,15.5,15.51
TUS,15.44,15.45
TUS,15.39,15.4
TUS,15.38,15.39
TUS,15.38,15.39
TUS,15.36,15.37
TUS,15.32,15.33
TUS,15.3,15.31
TUS,15.3,15.31
TUS,15.26,15.27
TUS,15.26,15.27
TUS,15.24,15.25
TUS,15.22,15.23
TUS,15.22,15.23
TUS,15.21,15.22
TUS,15.2,15.21
TUS,15.18,15.19
TUS,15.15,15.16
TUS,15.13,15.14
TUS,15.12,15.13
TUS,15.12,15.13
TUS,15.11,15.12
TUS,15.11,15.12
TUS,15.08,15.09
TUS,15.06,15.07
TUS,15.06,15.07
TUS,15.02,15.03
TUS,15.02,15.03
TUS,15,15.01
TUS,15,15.01
TUS,14.95,14.96
TUS,14.95,14.96
TUS,14.94,14.95
TUS,14.93,14.94
TUS,14.9,14.91
TUS,14.89,14.9
TUS,14.87,14.88
TUS,14.83,14.84
TUS,14.82,14.83
TUS,14.8,14.81
TUS,14.79,14.8
TUS,14.78,14.79
TUS,14.78,14.79
TUS,14.78,14.79
TUS,14.77,14.78
TUS,14.76,14.77
TUS,14.73,14.74
TUS,14.73,14.74
TUS,14.68,14.69
TUS,14.65,14.66
TUS,14.64,14.65
TUS,14.64,14.65
TUS,14.64,14.65
TUS,14.62,14.63
TUS,14.61,14.62
TUS,14.61,14.62
TUS,14.61,14.62
TUS,14.59,14.6
TUS,14.57,14.58
TUS,14.52,14.53
TUS,14.52,14.53
TUS,14.5,14.51
TUS,14.5,14.51
TUS,14.47,14.48
TUS,14.46,14.47
TUS,14.44,14.45
TUS,14.44,14.45
TUS,14.44,14.45
TUS,14.4,14.41
TUS,14.4,14.41
TUS,14.37,14.38
TUS,14.36,14.37
TUS,14.34,14.35
TUS,14.32,14.33
TUS,14.3,14.31
TUS,14.27,14.28
TUS,14.26,14.27
TUS,14.26,14.27
TUS,14.21,14.22
TUS,14.18,14.19
TUS,14.17,14.18
TUS,14.16,14.17
TUS,14.14,14.15
TUS,14.14,14.15
TUS,14.1,14.11
TUS,14.1,14.11
TUS,14.1,14.11
TUS,14.08,14.09
TUS,14.06,14.07
TUS,14.01,14.02
TUS,14,14.01
TUS,14,14.01
TUS,13.52,13.53
TUS,13.44,13.45