Type,Symbol,Price,Quantity
BID,MSFT,31409,21
ASK,MSFT,31411,63
BID,MSFT,31402,14
ASK,MSFT,31402,98
BID,MSFT,31399,54
ASK,MSFT,31387,60
BID,MSFT,31385,45
ASK,MSFT,31388,65
BID,MSFT,31384,71
ASK,MSFT,31386,7
BID,MSFT,31374,53
ASK,MSFT,31367,71
BID,MSFT,31338,66
ASK,MSFT,31351,42
BID,MSFT,31337,7
ASK,MSFT,31339,41
BID,MSFT,31336,13
ASK,MSFT,31286,41
BID,MSFT,31283,63
ASK,MSFT,31233,45
BID,MSFT,31231,91
ASK,MSFT,31214,16
BID,MSFT,31212,10
ASK,MSFT,31177,17
BID,MSFT,31176,22
ASK,MSFT,31122,9
BID,MSFT,3112,26
ASK,MSFT,31102,62
BID,MSFT,31083,73
ASK,MSFT,31076,50
BID,MSFT,31075,54
ASK,MSFT,31076,57
BID,MSFT,31075,33
ASK,MSFT,31093,82
BID,MSFT,31073,76
ASK,MSFT,31067,62
BID,MSFT,31062,84
ASK,MSFT,31008,34
BID,MSFT,31003,91
ASK,MSFT,31019,45
BID,MSFT,31002,100
ASK,MSFT,31019,90
BID,MSFT,31002,74
ASK,MSFT,30987,46
BID,MSFT,30968,14
ASK,MSFT,30952,90
BID,MSFT,30948,18
ASK,MSFT,30943,87
BID,MSFT,30942,37
ASK,MSFT,30921,72
BID,MSFT,30914,27
ASK,MSFT,30902,72
BID,MSFT,3090,26
ASK,MSFT,3088,8
BID,MSFT,30874,64
ASK,MSFT,30866,98
BID,MSFT,30863,86
ASK,MSFT,30829,15
BID,MSFT,30826,62
ASK,MSFT,30831,17
BID,MSFT,30826,39
ASK,MSFT,30829,72
BID,MSFT,30811,30
ASK,MSFT,30811,101
BID,MSFT,30808,78
ASK,MSFT,30754,82
BID,MSFT,30749,86
ASK,MSFT,30733,30
BID,MSFT,30732,14
ASK,MSFT,30725,21
BID,MSFT,30724,21
ASK,MSFT,30695,3
BID,MSFT,30694,3
ASK,MSFT,30595,65
BID,MSFT,30579,63
ASK,MSFT,30554,57
BID,MSFT,30552,50
ASK,MSFT,30557,71
BID,MSFT,3055,48
ASK,MSFT,30545,18
BID,MSFT,30541,96
ASK,MSFT,30528,81
BID,MSFT,30525,23
ASK,MSFT,30488,64
BID,MSFT,30483,28
ASK,MSFT,30486,73
BID,MSFT,3048,75
ASK,MSFT,30473,19
BID,MSFT,30468,19
ASK,MSFT,30465,12
BID,MSFT,30458,74
ASK,MSFT,30455,48
BID,MSFT,30453,19
ASK,MSFT,30442,17
BID,MSFT,30439,10
ASK,MSFT,30427,26
BID,MSFT,30426,90
ASK,MSFT,30421,20
BID,MSFT,30417,87
ASK,MSFT,30417,96
BID,MSFT,3041,31
ASK,MSFT,30411,36
BID,MSFT,30408,52
ASK,MSFT,30369,4
BID,MSFT,30368,6
ASK,MSFT,30356,31
BID,MSFT,30352,63
ASK,MSFT,30337,87
BID,MSFT,3033,55
ASK,MSFT,30292,91
BID,MSFT,30277,55
ASK,MSFT,30277,75
BID,MSFT,30271,22
ASK,MSFT,3027,4
BID,MSFT,30265,67
ASK,MSFT,30239,72
BID,MSFT,30238,70
ASK,MSFT,3020,43
BID,MSFT,30199,53
ASK,MSFT,30205,88
BID,MSFT,30188,33
ASK,MSFT,30186,45
BID,MSFT,30183,35
ASK,MSFT,30159,49
BID,MSFT,30154,42
ASK,MSFT,30166,56
BID,MSFT,30147,32
ASK,MSFT,30159,82
BID,MSFT,30123,19
ASK,MSFT,3012,38
BID,MSFT,30115,39
ASK,MSFT,3012,101
BID,MSFT,30115,49
ASK,MSFT,30117,11
BID,MSFT,30112,75
ASK,MSFT,30107,10
BID,MSFT,30095,50
ASK,MSFT,30054,53
BID,MSFT,30047,2
ASK,MSFT,3005,31
BID,MSFT,30042,38
ASK,MSFT,30023,29
BID,MSFT,30022,91
ASK,MSFT,30017,44
BID,MSFT,30014,37
ASK,MSFT,30018,89
BID,MSFT,30008,48
ASK,MSFT,29994,18
BID,MSFT,29993,10
ASK,MSFT,29982,43
BID,MSFT,29981,68
ASK,MSFT,29984,68
BID,MSFT,29979,100
ASK,MSFT,2997,69
BID,MSFT,29965,27
ASK,MSFT,29954,8
BID,MSFT,29953,33
ASK,MSFT,29977,76
BID,MSFT,2995,13
ASK,MSFT,29946,58
BID,MSFT,29941,16
ASK,MSFT,2995,24
BID,MSFT,2994,13
ASK,MSFT,29935,71
BID,MSFT,29934,7
ASK,MSFT,2992,57
BID,MSFT,29915,60
ASK,MSFT,29909,102
BID,MSFT,29905,102
ASK,MSFT,29913,25
BID,MSFT,29903,88
ASK,MSFT,29858,43
BID,MSFT,29853,97
ASK,MSFT,29739,18
BID,MSFT,29729,51
ASK,MSFT,29733,63
BID,MSFT,29727,24
ASK,MSFT,29706,22
BID,MSFT,29702,38
ASK,MSFT,2970,84
BID,MSFT,29691,25
ASK,MSFT,29684,34
BID,MSFT,29678,19
ASK,MSFT,29697,2
BID,MSFT,29672,87
ASK,MSFT,29698,75
BID,MSFT,29659,66
ASK,MSFT,29638,85
BID,MSFT,29633,32
ASK,MSFT,29595,95
BID,MSFT,29588,2
ASK,MSFT,29584,28
BID,MSFT,29576,93
ASK,MSFT,29573,49
BID,MSFT,29571,49
ASK,MSFT,29557,84
BID,MSFT,29538,38
ASK,MSFT,29535,86
BID,MSFT,29529,81
ASK,MSFT,29501,21
BID,MSFT,29495,12
ASK,MSFT,29498,102
BID,MSFT,29494,86
ASK,MSFT,29496,70
BID,MSFT,29491,67
ASK,MSFT,29494,19
BID,MSFT,29489,5
ASK,MSFT,29485,33
BID,MSFT,29484,99
ASK,MSFT,29472,55
BID,MSFT,29471,2
ASK,MSFT,29466,86
BID,MSFT,29463,48
ASK,MSFT,29459,84
BID,MSFT,29446,19
ASK,MSFT,29452,91
BID,MSFT,29442,68
ASK,MSFT,29431,15
BID,MSFT,29426,32
ASK,MSFT,29424,26
BID,MSFT,29417,28
ASK,MSFT,29421,84
BID,MSFT,29417,65
ASK,MSFT,29353,31
BID,MSFT,29352,2
ASK,MSFT,29324,45
BID,MSFT,2932,14
ASK,MSFT,2931,85
BID,MSFT,29307,70
ASK,MSFT,29294,52
BID,MSFT,29288,80
ASK,MSFT,29288,4
BID,MSFT,29285,77
ASK,MSFT,29272,97
BID,MSFT,29269,82
ASK,MSFT,29191,9
BID,MSFT,2919,52
ASK,MSFT,29157,75
BID,MSFT,29155,34
ASK,MSFT,29157,21
BID,MSFT,29155,76
ASK,MSFT,29141,1
BID,MSFT,29137,16
ASK,MSFT,29078,94
BID,MSFT,29073,90
ASK,MSFT,2908,100
BID,MSFT,29073,38
ASK,MSFT,29026,75
BID,MSFT,29022,10
ASK,MSFT,29013,97
BID,MSFT,28994,55
ASK,MSFT,28986,26
BID,MSFT,28982,86
ASK,MSFT,28974,56
BID,MSFT,28972,59
ASK,MSFT,2898,102
BID,MSFT,28968,14
ASK,MSFT,28971,46
BID,MSFT,28967,60
ASK,MSFT,28965,100
BID,MSFT,28964,1
ASK,MSFT,28955,34
BID,MSFT,28952,72
ASK,MSFT,28947,23
BID,MSFT,28946,5
ASK,MSFT,28939,76
BID,MSFT,28938,28
ASK,MSFT,28914,98
BID,MSFT,28913,12
ASK,MSFT,2891,43
BID,MSFT,28899,66
ASK,MSFT,2891,76
BID,MSFT,28898,1
ASK,MSFT,2888,2
BID,MSFT,28879,67
ASK,MSFT,28876,46
BID,MSFT,28875,10
ASK,MSFT,28844,73
BID,MSFT,28841,90
ASK,MSFT,2886,35
BID,MSFT,28836,51
ASK,MSFT,28835,15
BID,MSFT,28833,102
ASK,MSFT,28974,55
BID,MSFT,28832,33
ASK,MSFT,28828,21
BID,MSFT,28827,70
ASK,MSFT,28826,2
BID,MSFT,28822,56
ASK,MSFT,28799,17
BID,MSFT,28782,65
ASK,MSFT,28799,39
BID,MSFT,28775,13
ASK,MSFT,2878,43
BID,MSFT,28772,82
ASK,MSFT,28762,44
BID,MSFT,28743,41
ASK,MSFT,28725,58
BID,MSFT,28724,11
ASK,MSFT,28714,52
BID,MSFT,28713,43
ASK,MSFT,28733,14
BID,MSFT,28709,38
ASK,MSFT,28713,101
BID,MSFT,28708,76
ASK,MSFT,28725,76
BID,MSFT,28703,90
ASK,MSFT,28698,82
BID,MSFT,28697,98
ASK,MSFT,28711,76
BID,MSFT,28691,92
ASK,MSFT,2865,4
BID,MSFT,28648,6
ASK,MSFT,28649,91
BID,MSFT,28648,29
ASK,MSFT,28646,78
BID,MSFT,28644,83
ASK,MSFT,28636,6
BID,MSFT,28623,94
ASK,MSFT,28623,9
BID,MSFT,28622,48
ASK,MSFT,28616,38
BID,MSFT,28615,88
ASK,MSFT,28616,40
BID,MSFT,28615,73
ASK,MSFT,28616,90
BID,MSFT,28612,102
ASK,MSFT,28614,20
BID,MSFT,28611,66
ASK,MSFT,2858,80
BID,MSFT,28579,75
ASK,MSFT,28572,8
BID,MSFT,28555,2
ASK,MSFT,28538,81
BID,MSFT,28527,88
ASK,MSFT,28539,71
BID,MSFT,28526,2
ASK,MSFT,28496,45
BID,MSFT,28492,29
ASK,MSFT,28483,57
BID,MSFT,28482,42
ASK,MSFT,2846,83
BID,MSFT,28447,68
ASK,MSFT,28438,44
BID,MSFT,28415,12
ASK,MSFT,28409,29
BID,MSFT,28407,26
ASK,MSFT,28405,62
BID,MSFT,28401,26
ASK,MSFT,28366,77
BID,MSFT,28365,33
ASK,MSFT,28361,48
BID,MSFT,28358,28
ASK,MSFT,28359,39
BID,MSFT,28324,81
ASK,MSFT,28323,60
BID,MSFT,28315,24
ASK,MSFT,28335,12
BID,MSFT,28289,4
ASK,MSFT,28291,25
BID,MSFT,28287,83
ASK,MSFT,28286,4
BID,MSFT,28285,86
ASK,MSFT,28254,51
BID,MSFT,28251,98
ASK,MSFT,28247,30
BID,MSFT,28246,96
ASK,MSFT,28231,47
BID,MSFT,28229,13
ASK,MSFT,28202,3
BID,MSFT,28197,33
ASK,MSFT,28187,42
BID,MSFT,28186,25
ASK,MSFT,2819,94
BID,MSFT,28177,91
ASK,MSFT,28172,99
BID,MSFT,28169,98
ASK,MSFT,28139,50
BID,MSFT,28138,20
ASK,MSFT,28106,82
BID,MSFT,28104,64
ASK,MSFT,28102,47
BID,MSFT,28098,71
ASK,MSFT,28081,64
BID,MSFT,28077,9
ASK,MSFT,28087,96
BID,MSFT,28075,21
ASK,MSFT,28081,54
BID,MSFT,28074,26
ASK,MSFT,28076,69
BID,MSFT,28065,59
ASK,MSFT,28058,8
BID,MSFT,28057,27
ASK,MSFT,2806,57
BID,MSFT,28052,93
ASK,MSFT,28054,22
BID,MSFT,28052,50
ASK,MSFT,28038,78
BID,MSFT,2803,65
ASK,MSFT,28035,81
BID,MSFT,28014,78
ASK,MSFT,28007,2
BID,MSFT,28002,41
ASK,MSFT,28002,91
BID,MSFT,27998,100
ASK,MSFT,27992,62
BID,MSFT,27978,65
ASK,MSFT,27992,67
BID,MSFT,27978,43
ASK,MSFT,27944,99
BID,MSFT,27941,2
ASK,MSFT,27932,41
BID,MSFT,27931,68
ASK,MSFT,27902,17
BID,MSFT,27897,32
ASK,MSFT,27901,80
BID,MSFT,27801,39
ASK,MSFT,27802,59
BID,MSFT,27795,4
ASK,MSFT,27795,94
BID,MSFT,27791,19
ASK,MSFT,27787,81
BID,MSFT,2778,11
ASK,MSFT,27766,27
BID,MSFT,27764,35
ASK,MSFT,27766,19
BID,MSFT,2776,102
ASK,MSFT,27766,13
BID,MSFT,2776,54
ASK,MSFT,27762,18
BID,MSFT,27758,69
ASK,MSFT,27774,74
BID,MSFT,27757,7
ASK,MSFT,27768,96
BID,MSFT,27753,90
ASK,MSFT,27764,38
BID,MSFT,27747,65
ASK,MSFT,27733,39
BID,MSFT,27725,78
ASK,MSFT,27711,49
BID,MSFT,27682,51
ASK,MSFT,27644,52
BID,MSFT,27642,32
ASK,MSFT,27642,74
BID,MSFT,27641,94
ASK,MSFT,27647,10
BID,MSFT,27639,83
ASK,MSFT,27644,91
BID,MSFT,27637,97
ASK,MSFT,27624,11
BID,MSFT,27591,33
ASK,MSFT,27597,23
BID,MSFT,2758,83
ASK,MSFT,27579,85
BID,MSFT,27572,61
ASK,MSFT,27557,75
BID,MSFT,27524,95
ASK,MSFT,27526,3
BID,MSFT,27523,101
ASK,MSFT,27482,1
BID,MSFT,27474,5
ASK,MSFT,27473,32
BID,MSFT,27472,13
ASK,MSFT,27463,91
BID,MSFT,27411,29
ASK,MSFT,27404,60
BID,MSFT,27379,82
ASK,MSFT,27384,26
BID,MSFT,27325,39
ASK,MSFT,27329,50
BID,MSFT,2732,28
ASK,MSFT,27329,44
BID,MSFT,27292,21
ASK,MSFT,2725,28
BID,MSFT,27241,76
ASK,MSFT,27236,64
BID,MSFT,27235,100
ASK,MSFT,27229,54
BID,MSFT,27222,94
ASK,MSFT,27224,82
BID,MSFT,27213,88
ASK,MSFT,27204,65
BID,MSFT,2720,3
ASK,MSFT,27201,5
BID,MSFT,27177,98
ASK,MSFT,27172,83
BID,MSFT,27142,31
ASK,MSFT,2714,15
BID,MSFT,27138,41
ASK,MSFT,27132,98
BID,MSFT,27093,44
ASK,MSFT,2709,44
BID,MSFT,27073,47
ASK,MSFT,27047,31
BID,MSFT,27024,55
ASK,MSFT,27027,29
BID,MSFT,27006,66
ASK,MSFT,27005,35
BID,MSFT,26947,84
ASK,MSFT,26946,76
BID,MSFT,26939,18
ASK,MSFT,26933,74
BID,MSFT,26874,39
ASK,MSFT,26875,10
BID,MSFT,26874,96
ASK,MSFT,26872,17
BID,MSFT,26871,56
ASK,MSFT,26868,69
BID,MSFT,26846,35
ASK,MSFT,26838,59
BID,MSFT,26824,75
ASK,MSFT,26826,58
BID,MSFT,26817,24
ASK,MSFT,26798,71
BID,MSFT,26766,5
ASK,MSFT,26766,14
BID,MSFT,26759,33
ASK,MSFT,26759,5
BID,MSFT,26726,10
ASK,MSFT,26691,6
BID,MSFT,26686,52
ASK,MSFT,26668,11
BID,MSFT,26666,75
ASK,MSFT,26676,4
BID,MSFT,26666,85
ASK,MSFT,26664,30
BID,MSFT,26626,11
ASK,MSFT,26625,84
BID,MSFT,26621,57
ASK,MSFT,26586,75
BID,MSFT,26558,73
ASK,MSFT,26552,88
BID,MSFT,26551,1
ASK,MSFT,26553,102
BID,MSFT,26548,50
ASK,MSFT,26528,56
BID,MSFT,26527,21
ASK,MSFT,26531,25
BID,MSFT,26523,86
ASK,MSFT,26514,52
BID,MSFT,26502,47
ASK,MSFT,26496,24
BID,MSFT,26489,10
ASK,MSFT,26488,37
BID,MSFT,26486,10
ASK,MSFT,26471,35
BID,MSFT,2647,26
ASK,MSFT,26461,49
BID,MSFT,2646,25
ASK,MSFT,26459,99
BID,MSFT,26455,75
ASK,MSFT,26464,19
BID,MSFT,26454,25
ASK,MSFT,26444,35
BID,MSFT,26368,26
ASK,MSFT,26376,85
BID,MSFT,26333,2
ASK,MSFT,26311,24
BID,MSFT,2631,32
ASK,MSFT,2630,76
BID,MSFT,26295,41
ASK,MSFT,26297,23
BID,MSFT,26275,67
ASK,MSFT,26263,23
BID,MSFT,26258,72
ASK,MSFT,26266,30
BID,MSFT,26222,102
ASK,MSFT,26227,32
BID,MSFT,26219,91
ASK,MSFT,2622,64
BID,MSFT,26213,40
ASK,MSFT,2622,26
BID,MSFT,26182,1
ASK,MSFT,26168,65
BID,MSFT,26155,82
ASK,MSFT,2616,58
BID,MSFT,26151,48
ASK,MSFT,26146,81
BID,MSFT,26144,48
ASK,MSFT,26115,59
BID,MSFT,26114,4
ASK,MSFT,26113,10
BID,MSFT,26105,9
ASK,MSFT,26091,20
BID,MSFT,2609,88
ASK,MSFT,26084,83
BID,MSFT,26073,56
ASK,MSFT,26067,96
BID,MSFT,26066,22
ASK,MSFT,26067,50
BID,MSFT,26064,25
ASK,MSFT,26074,11
BID,MSFT,26061,7
ASK,MSFT,26065,24
BID,MSFT,26039,16
ASK,MSFT,26046,98
BID,MSFT,26038,80
ASK,MSFT,26038,64
BID,MSFT,26034,64
ASK,MSFT,26027,28
BID,MSFT,25989,102
ASK,MSFT,2599,8
BID,MSFT,25987,3
ASK,MSFT,26005,40
BID,MSFT,25957,24
ASK,MSFT,25962,41
BID,MSFT,25952,11
ASK,MSFT,25962,95
BID,MSFT,25948,53
ASK,MSFT,2595,17
BID,MSFT,25943,4
ASK,MSFT,25951,102
BID,MSFT,25931,19
ASK,MSFT,25932,7
BID,MSFT,25891,86
ASK,MSFT,25895,81
BID,MSFT,25884,90
ASK,MSFT,25888,26
BID,MSFT,25882,5
ASK,MSFT,25887,83
BID,MSFT,25882,66
ASK,MSFT,25856,86
BID,MSFT,25853,98
ASK,MSFT,25857,100
BID,MSFT,25852,1
ASK,MSFT,25849,6
BID,MSFT,25837,99
ASK,MSFT,25834,31
BID,MSFT,25828,40
ASK,MSFT,25829,15
BID,MSFT,25809,13
ASK,MSFT,2581,76
BID,MSFT,25806,7
ASK,MSFT,2581,20
BID,MSFT,25806,2
ASK,MSFT,25809,81
BID,MSFT,25798,35
ASK,MSFT,25787,14
BID,MSFT,25783,102
ASK,MSFT,25747,2
BID,MSFT,25739,86
ASK,MSFT,25723,23
BID,MSFT,2572,64
ASK,MSFT,2572,6
BID,MSFT,25719,4
ASK,MSFT,25722,57
BID,MSFT,25693,10
ASK,MSFT,25695,12
BID,MSFT,25692,29
ASK,MSFT,25695,87
BID,MSFT,2569,24
ASK,MSFT,25699,78
BID,MSFT,25686,102
ASK,MSFT,25681,48
BID,MSFT,25675,18
ASK,MSFT,25676,60
BID,MSFT,25663,91
ASK,MSFT,25649,95
BID,MSFT,25609,30
ASK,MSFT,25613,95
BID,MSFT,25609,53
ASK,MSFT,25613,46
BID,MSFT,25609,100
ASK,MSFT,25596,40
BID,MSFT,25587,11
ASK,MSFT,25585,11
BID,MSFT,25584,28
ASK,MSFT,25581,33
BID,MSFT,25536,92
ASK,MSFT,25536,48
BID,MSFT,25535,9
ASK,MSFT,25537,80
BID,MSFT,25513,10
ASK,MSFT,25516,71
BID,MSFT,25503,64
ASK,MSFT,25503,52
BID,MSFT,25494,100
ASK,MSFT,25483,44
BID,MSFT,25476,7
ASK,MSFT,25481,12
BID,MSFT,25471,100
ASK,MSFT,25472,88
BID,MSFT,25434,36
ASK,MSFT,25438,9
BID,MSFT,25421,1
ASK,MSFT,2542,23
BID,MSFT,25415,4
ASK,MSFT,25431,81
BID,MSFT,25414,13
ASK,MSFT,25408,54
BID,MSFT,25402,60
ASK,MSFT,25392,45
BID,MSFT,25391,88
ASK,MSFT,25386,20
BID,MSFT,25383,96
ASK,MSFT,25377,99
BID,MSFT,25374,29
ASK,MSFT,25368,47
BID,MSFT,25365,29
ASK,MSFT,25374,82
BID,MSFT,25363,30
ASK,MSFT,25367,89
BID,MSFT,25345,73
ASK,MSFT,25331,67
BID,MSFT,2533,41
ASK,MSFT,25333,70
BID,MSFT,25325,70
ASK,MSFT,25314,24
BID,MSFT,25311,47
ASK,MSFT,25305,28
BID,MSFT,25296,38
ASK,MSFT,2529,87
BID,MSFT,25277,44
ASK,MSFT,25279,94
BID,MSFT,25271,39
ASK,MSFT,25271,73
BID,MSFT,25266,92
ASK,MSFT,25269,13
BID,MSFT,25258,22
ASK,MSFT,25258,59
BID,MSFT,25255,29
ASK,MSFT,25257,72
BID,MSFT,25254,78
ASK,MSFT,25252,42
BID,MSFT,25251,88
ASK,MSFT,25246,62
BID,MSFT,25245,91
ASK,MSFT,25246,99
BID,MSFT,25229,41
ASK,MSFT,25231,57
BID,MSFT,25225,43
ASK,MSFT,25225,42
BID,MSFT,2522,75
ASK,MSFT,25232,55
BID,MSFT,25201,6
ASK,MSFT,2520,99
BID,MSFT,25199,45
ASK,MSFT,25193,43
BID,MSFT,25184,57
ASK,MSFT,25185,27
BID,MSFT,25178,70
ASK,MSFT,25181,14
BID,MSFT,25173,60
ASK,MSFT,2519,93
BID,MSFT,25159,65
ASK,MSFT,2516,21
BID,MSFT,25159,38
ASK,MSFT,2515,25
BID,MSFT,25111,13
ASK,MSFT,25112,6
BID,MSFT,25093,34
ASK,MSFT,25085,41
BID,MSFT,25081,77
ASK,MSFT,25078,98
BID,MSFT,25077,86
ASK,MSFT,25091,80
BID,MSFT,25025,36
ASK,MSFT,25021,49
BID,MSFT,2502,12
ASK,MSFT,25021,25
BID,MSFT,24988,42
ASK,MSFT,24995,37
BID,MSFT,24985,35
ASK,MSFT,24994,73
BID,MSFT,24979,31
ASK,MSFT,24994,31
BID,MSFT,24979,51
ASK,MSFT,24973,79
BID,MSFT,2494,78
ASK,MSFT,24941,98
BID,MSFT,24939,86
ASK,MSFT,2494,8
BID,MSFT,24934,88
ASK,MSFT,24933,82
BID,MSFT,24932,20
ASK,MSFT,24926,85
BID,MSFT,24921,99
ASK,MSFT,24906,67
BID,MSFT,24901,4
ASK,MSFT,24901,4
BID,MSFT,24896,25
ASK,MSFT,2489,32
BID,MSFT,2486,26
ASK,MSFT,2486,2
BID,MSFT,24816,70
ASK,MSFT,24816,94
BID,MSFT,24812,98
ASK,MSFT,24815,4
BID,MSFT,2480,54
ASK,MSFT,24804,12
BID,MSFT,24794,45
ASK,MSFT,24795,60
BID,MSFT,24788,27
ASK,MSFT,24788,98
BID,MSFT,24787,100
ASK,MSFT,24786,8
BID,MSFT,24763,70
ASK,MSFT,24776,4
BID,MSFT,24762,17
ASK,MSFT,24776,71
BID,MSFT,24757,18
ASK,MSFT,24767,73
BID,MSFT,24757,53
ASK,MSFT,24754,65
BID,MSFT,24753,37
ASK,MSFT,24754,56
BID,MSFT,24742,51
ASK,MSFT,24741,37
BID,MSFT,2474,11
ASK,MSFT,2474,21
BID,MSFT,24738,14
ASK,MSFT,24735,42
BID,MSFT,24732,89
ASK,MSFT,24732,95
BID,MSFT,24723,49
ASK,MSFT,24721,39
BID,MSFT,24709,63
ASK,MSFT,2472,18
BID,MSFT,24681,65
ASK,MSFT,24687,93
BID,MSFT,24654,94
ASK,MSFT,24652,4
BID,MSFT,2465,48
ASK,MSFT,24648,21
BID,MSFT,24642,56
ASK,MSFT,2464,57
BID,MSFT,24639,69
ASK,MSFT,24623,38
BID,MSFT,24585,74
ASK,MSFT,2457,39
BID,MSFT,24558,59
ASK,MSFT,24545,1
BID,MSFT,24542,89
ASK,MSFT,24533,96
BID,MSFT,24522,60
ASK,MSFT,24522,26
BID,MSFT,24514,16
ASK,MSFT,24518,10
BID,MSFT,24513,102
ASK,MSFT,24512,26
BID,MSFT,24511,9
ASK,MSFT,24509,78
BID,MSFT,24507,40
ASK,MSFT,24508,53
BID,MSFT,24504,73
ASK,MSFT,24506,93
BID,MSFT,24502,13
ASK,MSFT,24506,77
BID,MSFT,24486,12
ASK,MSFT,24475,62
BID,MSFT,24467,36
ASK,MSFT,24458,40
BID,MSFT,24456,96
ASK,MSFT,24466,101
BID,MSFT,24443,33
ASK,MSFT,2445,35
BID,MSFT,24443,86
ASK,MSFT,24452,74
BID,MSFT,24437,51
ASK,MSFT,24431,97
BID,MSFT,2443,49
ASK,MSFT,24426,29
BID,MSFT,24384,23
ASK,MSFT,24405,46
BID,MSFT,24384,30
ASK,MSFT,24384,41
BID,MSFT,24373,91
ASK,MSFT,2438,72
BID,MSFT,24369,25
ASK,MSFT,2437,6
BID,MSFT,24331,97
ASK,MSFT,24317,17
BID,MSFT,24307,21
ASK,MSFT,24308,51
BID,MSFT,24303,60
ASK,MSFT,24303,26
BID,MSFT,24295,85
ASK,MSFT,2430,42
BID,MSFT,24293,10
ASK,MSFT,24294,78
BID,MSFT,24292,78
ASK,MSFT,24289,57
BID,MSFT,24281,24
ASK,MSFT,24278,49
BID,MSFT,24251,39
ASK,MSFT,24251,102
BID,MSFT,24249,99
ASK,MSFT,24252,29
BID,MSFT,24247,89
ASK,MSFT,24247,5
BID,MSFT,24245,81
ASK,MSFT,24238,25
BID,MSFT,24235,61
ASK,MSFT,24238,99
BID,MSFT,24235,70
ASK,MSFT,24233,82
BID,MSFT,24221,26
ASK,MSFT,24222,43
BID,MSFT,24206,46
ASK,MSFT,24213,57
BID,MSFT,24205,21
ASK,MSFT,24222,39
BID,MSFT,24204,79
ASK,MSFT,24209,79
BID,MSFT,24203,99
ASK,MSFT,24214,94
BID,MSFT,24202,94
ASK,MSFT,24212,22
BID,MSFT,24183,53
ASK,MSFT,24186,70
BID,MSFT,24182,38
ASK,MSFT,24182,80
BID,MSFT,24173,67
ASK,MSFT,24177,69
BID,MSFT,24172,57
ASK,MSFT,24177,72
BID,MSFT,24169,72
ASK,MSFT,24161,41
BID,MSFT,24125,67
ASK,MSFT,24132,68
BID,MSFT,24123,20
ASK,MSFT,24103,66
BID,MSFT,24102,101
ASK,MSFT,24104,83
BID,MSFT,24097,70
ASK,MSFT,24101,57
BID,MSFT,24096,13
ASK,MSFT,2408,78
BID,MSFT,2407,100
ASK,MSFT,24067,2
BID,MSFT,24066,53
ASK,MSFT,24063,45
BID,MSFT,24055,58
ASK,MSFT,24048,17
BID,MSFT,24045,45
ASK,MSFT,24035,62
BID,MSFT,24031,99
ASK,MSFT,24029,17
BID,MSFT,24027,30
ASK,MSFT,24016,77
BID,MSFT,23996,63
ASK,MSFT,23983,62
BID,MSFT,23982,27
ASK,MSFT,23983,38
BID,MSFT,23959,75
ASK,MSFT,23959,49
BID,MSFT,23951,80
ASK,MSFT,23959,85
BID,MSFT,23948,29
ASK,MSFT,23948,101
BID,MSFT,23919,27
ASK,MSFT,23919,5
BID,MSFT,23911,96
ASK,MSFT,23919,29
BID,MSFT,23911,76
ASK,MSFT,23906,17
BID,MSFT,23896,78
ASK,MSFT,23896,96
BID,MSFT,23889,76
ASK,MSFT,23894,1
BID,MSFT,23886,54
ASK,MSFT,23877,26
BID,MSFT,23873,32
ASK,MSFT,23877,91
BID,MSFT,23866,86
ASK,MSFT,23859,94
BID,MSFT,23848,84
ASK,MSFT,23847,86
BID,MSFT,23824,69
ASK,MSFT,23829,83
BID,MSFT,23801,13
ASK,MSFT,23797,64
BID,MSFT,23777,9
ASK,MSFT,2377,25
BID,MSFT,23769,74
ASK,MSFT,23754,20
BID,MSFT,23752,99
ASK,MSFT,23754,89
BID,MSFT,23751,33
ASK,MSFT,23756,42
BID,MSFT,2375,3
ASK,MSFT,23752,55
BID,MSFT,23725,31
ASK,MSFT,23726,48
BID,MSFT,23718,53
ASK,MSFT,23719,47
BID,MSFT,23706,92
ASK,MSFT,2370,26
BID,MSFT,23693,67
ASK,MSFT,23694,55
BID,MSFT,23657,8
ASK,MSFT,23655,24
BID,MSFT,2365,63
ASK,MSFT,23649,44
BID,MSFT,23648,39
ASK,MSFT,23649,93
BID,MSFT,23613,41
ASK,MSFT,23612,69
BID,MSFT,2361,32
ASK,MSFT,23605,4
BID,MSFT,23584,38
ASK,MSFT,23581,14
BID,MSFT,2358,82
ASK,MSFT,23583,10
BID,MSFT,23579,65
ASK,MSFT,23582,57
BID,MSFT,23577,75
ASK,MSFT,23583,37
BID,MSFT,23576,27
ASK,MSFT,23579,76
BID,MSFT,2354,19
ASK,MSFT,23545,36
BID,MSFT,23532,5
ASK,MSFT,23528,71
BID,MSFT,23481,70
ASK,MSFT,23481,64
BID,MSFT,23474,41
ASK,MSFT,23464,9
BID,MSFT,2346,7
ASK,MSFT,23455,43
BID,MSFT,23451,50
ASK,MSFT,2345,27
BID,MSFT,23434,71
ASK,MSFT,23436,44
BID,MSFT,23425,2
ASK,MSFT,23424,4
BID,MSFT,23403,65
ASK,MSFT,23393,34
BID,MSFT,23369,80
ASK,MSFT,23372,54
BID,MSFT,23328,16
ASK,MSFT,23327,42
BID,MSFT,23303,35
ASK,MSFT,23337,2
BID,MSFT,23286,88
ASK,MSFT,23284,27
BID,MSFT,23275,78
ASK,MSFT,23259,59
BID,MSFT,23245,36
ASK,MSFT,23243,65
BID,MSFT,23229,96
ASK,MSFT,23243,58
BID,MSFT,23226,79
ASK,MSFT,23228,73
BID,MSFT,2322,48
ASK,MSFT,23229,99
BID,MSFT,23218,35
ASK,MSFT,23213,91
BID,MSFT,23202,39
ASK,MSFT,23205,68
BID,MSFT,23196,61
ASK,MSFT,23187,54
BID,MSFT,23162,93
ASK,MSFT,23159,100
BID,MSFT,23152,68
ASK,MSFT,23166,84
BID,MSFT,23123,9
ASK,MSFT,23132,96
BID,MSFT,23075,75
ASK,MSFT,23078,45
BID,MSFT,22993,42
ASK,MSFT,22991,99
BID,MSFT,22955,47
ASK,MSFT,22954,20
BID,MSFT,2293,28
ASK,MSFT,22913,2
BID,MSFT,2291,1
ASK,MSFT,22916,41
BID,MSFT,22888,72
ASK,MSFT,22889,46
BID,MSFT,22886,18
ASK,MSFT,22888,29
BID,MSFT,2288,4
ASK,MSFT,22884,11
BID,MSFT,22862,74
ASK,MSFT,2289,27
BID,MSFT,22858,35
ASK,MSFT,22863,39
BID,MSFT,22814,17
ASK,MSFT,22817,66
BID,MSFT,22794,34
ASK,MSFT,22796,59
BID,MSFT,22746,63
ASK,MSFT,22756,38
BID,MSFT,22743,20
ASK,MSFT,22742,80
BID,MSFT,2273,60
ASK,MSFT,22733,23
BID,MSFT,22714,67
ASK,MSFT,22716,48
BID,MSFT,22706,74
ASK,MSFT,22684,95
BID,MSFT,22682,24
ASK,MSFT,2269,32
BID,MSFT,22662,37
ASK,MSFT,22662,59
BID,MSFT,22582,4
ASK,MSFT,22584,101
BID,MSFT,22577,25
ASK,MSFT,22575,15
BID,MSFT,22566,49
ASK,MSFT,22542,4
BID,MSFT,22504,95
ASK,MSFT,22514,30
BID,MSFT,22498,30
ASK,MSFT,22496,5
BID,MSFT,22491,19
ASK,MSFT,22497,17
BID,MSFT,2249,85
ASK,MSFT,22487,80
BID,MSFT,22453,57
ASK,MSFT,22452,76
BID,MSFT,22421,93
ASK,MSFT,22431,92
BID,MSFT,22417,77
ASK,MSFT,22429,86
BID,MSFT,22398,59
ASK,MSFT,22397,8
BID,MSFT,22365,85
ASK,MSFT,22372,76
BID,MSFT,22325,55
ASK,MSFT,22329,9
BID,MSFT,22284,92
ASK,MSFT,22286,48
BID,MSFT,2227,32
ASK,MSFT,22282,96
BID,MSFT,22269,87
ASK,MSFT,22282,29
BID,MSFT,2226,52
ASK,MSFT,22257,42
BID,MSFT,22237,32
ASK,MSFT,22228,41
BID,MSFT,22219,83
ASK,MSFT,22237,49
BID,MSFT,22218,68
ASK,MSFT,22237,69
BID,MSFT,2217,100
ASK,MSFT,22168,3
BID,MSFT,22151,74
ASK,MSFT,22155,48
BID,MSFT,22138,18
ASK,MSFT,22141,19
BID,MSFT,2212,70
ASK,MSFT,22118,73
BID,MSFT,22108,101
ASK,MSFT,22102,69
BID,MSFT,22091,12
ASK,MSFT,22092,1
BID,MSFT,2201,46
ASK,MSFT,22012,17
BID,MSFT,21973,20
ASK,MSFT,21967,44
BID,MSFT,21966,96
ASK,MSFT,21965,40
BID,MSFT,2196,56
ASK,MSFT,21956,94
BID,MSFT,21938,84
ASK,MSFT,21942,25
BID,MSFT,21924,65
ASK,MSFT,21928,59
BID,MSFT,21839,93
ASK,MSFT,21839,79
BID,MSFT,21834,52
ASK,MSFT,21829,47
BID,MSFT,2182,24
ASK,MSFT,21815,30
BID,MSFT,21794,64
ASK,MSFT,2180,101
BID,MSFT,21767,91
ASK,MSFT,21786,61
BID,MSFT,21753,57
ASK,MSFT,21765,19
BID,MSFT,21736,65
ASK,MSFT,21731,30
BID,MSFT,2173,11
ASK,MSFT,21741,23
BID,MSFT,21657,4
ASK,MSFT,21662,27
BID,MSFT,21651,67
ASK,MSFT,21651,98
BID,MSFT,21648,79
ASK,MSFT,21649,78
BID,MSFT,21645,16
ASK,MSFT,21642,30
BID,MSFT,21641,74
ASK,MSFT,21647,88
BID,MSFT,21638,97
ASK,MSFT,21644,73
BID,MSFT,21636,77
ASK,MSFT,21635,10
BID,MSFT,21634,7
ASK,MSFT,21632,2
BID,MSFT,21626,46
ASK,MSFT,21628,2
BID,MSFT,21612,51
ASK,MSFT,21621,78
BID,MSFT,21597,2
ASK,MSFT,21599,94
BID,MSFT,21585,83
ASK,MSFT,21582,4
BID,MSFT,21551,41
ASK,MSFT,21556,59
BID,MSFT,21547,66
ASK,MSFT,21542,53
BID,MSFT,21528,14
ASK,MSFT,21529,6
BID,MSFT,21489,37
ASK,MSFT,21493,2
BID,MSFT,21486,45
ASK,MSFT,21499,90
BID,MSFT,21484,55
ASK,MSFT,2148,15
BID,MSFT,21466,52
ASK,MSFT,21461,44
BID,MSFT,21456,45
ASK,MSFT,21457,11
BID,MSFT,21455,49
ASK,MSFT,21448,89
BID,MSFT,21445,83
ASK,MSFT,2144,10
BID,MSFT,21439,73
ASK,MSFT,2144,74
BID,MSFT,21429,26
ASK,MSFT,21432,48
BID,MSFT,21429,57
ASK,MSFT,21446,83
BID,MSFT,21425,84
ASK,MSFT,21433,82
BID,MSFT,21424,58
ASK,MSFT,21435,35
BID,MSFT,21424,63
ASK,MSFT,21425,11
BID,MSFT,21424,95
ASK,MSFT,21423,41
BID,MSFT,21415,51
ASK,MSFT,21415,65
BID,MSFT,21414,45
ASK,MSFT,21415,26
BID,MSFT,2141,84
ASK,MSFT,21417,56
BID,MSFT,21387,85
ASK,MSFT,21387,14
BID,MSFT,21375,20
ASK,MSFT,21393,48
BID,MSFT,21375,40
ASK,MSFT,21393,44
BID,MSFT,21375,58
ASK,MSFT,21372,79
BID,MSFT,21367,23
ASK,MSFT,2137,100
BID,MSFT,21332,78
ASK,MSFT,21338,12
BID,MSFT,21328,50
ASK,MSFT,21327,32
BID,MSFT,21308,62
ASK,MSFT,21315,89
BID,MSFT,21307,23
ASK,MSFT,21305,51
BID,MSFT,21302,29
ASK,MSFT,21314,47
BID,MSFT,21295,64
ASK,MSFT,21295,68
BID,MSFT,21284,73
ASK,MSFT,21292,84
BID,MSFT,2126,58
ASK,MSFT,21265,55
BID,MSFT,21258,29
ASK,MSFT,21265,64
BID,MSFT,21246,15
ASK,MSFT,21246,35
BID,MSFT,21245,3
ASK,MSFT,21248,79
BID,MSFT,21232,48
ASK,MSFT,21239,25
BID,MSFT,21223,29
ASK,MSFT,21225,11
BID,MSFT,2118,58
ASK,MSFT,21181,93
BID,MSFT,21157,39
ASK,MSFT,2116,8
BID,MSFT,21149,53
ASK,MSFT,21149,50
BID,MSFT,21141,65
ASK,MSFT,21156,95
BID,MSFT,21119,68
ASK,MSFT,21122,72
BID,MSFT,21106,37
ASK,MSFT,21109,15
BID,MSFT,21098,64
ASK,MSFT,21102,101
BID,MSFT,21076,37
ASK,MSFT,2107,46
BID,MSFT,21063,64
ASK,MSFT,21062,3
BID,MSFT,21056,81
ASK,MSFT,21052,86
BID,MSFT,21046,45
ASK,MSFT,21035,95
BID,MSFT,21033,100
ASK,MSFT,21038,23
BID,MSFT,2103,56
ASK,MSFT,21029,60
BID,MSFT,21012,7
ASK,MSFT,21015,19
BID,MSFT,21012,66
ASK,MSFT,21032,20
BID,MSFT,21011,92
ASK,MSFT,21015,72
BID,MSFT,20981,78
ASK,MSFT,20981,69
BID,MSFT,20971,74
ASK,MSFT,20975,62
BID,MSFT,20966,60
ASK,MSFT,20969,84
BID,MSFT,20917,12
ASK,MSFT,20929,65
BID,MSFT,20893,102
ASK,MSFT,2089,72
BID,MSFT,20888,32
ASK,MSFT,20885,66
BID,MSFT,20877,31
ASK,MSFT,20891,1
BID,MSFT,20875,33
ASK,MSFT,20872,63
BID,MSFT,20829,87
ASK,MSFT,20839,72
BID,MSFT,20827,33
ASK,MSFT,20833,25
BID,MSFT,20825,92
ASK,MSFT,20825,35
BID,MSFT,20807,99
ASK,MSFT,20806,62
BID,MSFT,20786,75
ASK,MSFT,20782,102
BID,MSFT,20736,42
ASK,MSFT,20737,86
BID,MSFT,20721,92
ASK,MSFT,2072,43
BID,MSFT,20704,27
ASK,MSFT,20725,17
BID,MSFT,20619,51
ASK,MSFT,20637,41
BID,MSFT,20614,52
ASK,MSFT,20637,40
BID,MSFT,20614,93
ASK,MSFT,20619,22
BID,MSFT,20614,41
ASK,MSFT,20612,26
BID,MSFT,20581,71
ASK,MSFT,20591,36
BID,MSFT,2053,29
ASK,MSFT,20538,99
BID,MSFT,20529,20
ASK,MSFT,20538,79
BID,MSFT,20511,60
ASK,MSFT,2051,62
BID,MSFT,20495,77
ASK,MSFT,20505,65
BID,MSFT,2047,45
ASK,MSFT,20468,68
BID,MSFT,20457,27
ASK,MSFT,20453,18
BID,MSFT,20408,55
ASK,MSFT,20409,40
BID,MSFT,20405,16
ASK,MSFT,20408,11
BID,MSFT,20392,36
ASK,MSFT,20393,37
BID,MSFT,20389,79
ASK,MSFT,2039,7
BID,MSFT,20384,13
ASK,MSFT,20385,65
BID,MSFT,2036,97
ASK,MSFT,20351,53
BID,MSFT,20336,11
ASK,MSFT,20338,80
BID,MSFT,2032,81
ASK,MSFT,20319,29
BID,MSFT,20301,68
ASK,MSFT,2030,57
BID,MSFT,20292,17
ASK,MSFT,20296,7
BID,MSFT,2029,18
ASK,MSFT,20288,33
BID,MSFT,20258,78
ASK,MSFT,20264,16
BID,MSFT,20258,50
ASK,MSFT,2026,39
BID,MSFT,20254,67
ASK,MSFT,20259,5
BID,MSFT,20252,85
ASK,MSFT,20271,5
BID,MSFT,20234,22
ASK,MSFT,20233,5
BID,MSFT,20194,75
ASK,MSFT,20194,38
BID,MSFT,20177,27
ASK,MSFT,20188,57
BID,MSFT,20133,24
ASK,MSFT,20132,96
BID,BUS,20118,22
ASK,BUS,20115,6
BID,BUS,20114,1
ASK,BUS,20114,80
BID,BUS,20113,65
ASK,BUS,20114,78
BID,BUS,20106,83
ASK,BUS,20107,82
BID,BUS,20102,96
ASK,BUS,20103,53
BID,BUS,20095,95
ASK,BUS,20095,95
BID,BUS,20094,63
ASK,BUS,20098,30
BID,BUS,20092,44
ASK,BUS,20092,72
BID,BUS,2009,41
ASK,BUS,20087,83
BID,BUS,20086,51
ASK,BUS,20087,11
BID,BUS,20086,86
ASK,BUS,20078,49
BID,BUS,20077,68
ASK,BUS,20077,82
BID,BUS,20076,60
ASK,BUS,20069,31
BID,BUS,20068,53
ASK,BUS,20071,85
BID,BUS,20064,98
ASK,BUS,20061,37
BID,MSFT,2006,86
ASK,MSFT,20072,87
BID,MSFT,20057,23
ASK,MSFT,20058,68
BID,BUS,20057,76
ASK,BUS,20058,42
BID,BUS,20057,31
ASK,BUS,20055,59
BID,BUS,20054,7
ASK,BUS,20051,79
BID,BUS,2005,61
ASK,BUS,20046,22
BID,BUS,20041,100
ASK,BUS,20046,16
BID,BUS,20041,59
ASK,BUS,20044,84
BID,BUS,20038,99
ASK,BUS,20044,86
BID,MSFT,20036,52
ASK,MSFT,20037,75
BID,MSFT,20029,68
ASK,MSFT,20031,43
BID,BUS,20028,31
ASK,BUS,20025,60
BID,BUS,20024,86
ASK,BUS,20024,98
BID,BUS,20017,7
ASK,BUS,20019,92
BID,BUS,20005,16
ASK,BUS,20001,88
BID,BUS,2000,52
ASK,BUS,20002,33
BID,BUS,19993,62
ASK,BUS,19963,21
BID,BUS,19962,71
ASK,BUS,19959,74
BID,BUS,19958,20
ASK,BUS,19961,101
BID,BUS,19953,90
ASK,BUS,19927,67
BID,BUS,19919,16
ASK,BUS,19905,49
BID,BUS,19904,21
ASK,BUS,19912,15
BID,BUS,19901,101
ASK,BUS,19907,89
BID,BUS,19884,101
ASK,BUS,19878,65
BID,BUS,19876,99
ASK,BUS,19875,16
BID,BUS,19874,9
ASK,BUS,19877,73
BID,BUS,19872,72
ASK,BUS,1986,30
BID,BUS,19856,41
ASK,BUS,19854,33
BID,BUS,19853,44
ASK,BUS,19851,79
BID,BUS,19847,23
ASK,BUS,19846,85
BID,BUS,19845,26
ASK,BUS,19846,28
BID,MSFT,19845,74
ASK,MSFT,19846,2
BID,BUS,19843,54
ASK,BUS,1985,56
BID,BUS,19841,19
ASK,BUS,19841,9
BID,BUS,19838,1
ASK,BUS,19843,86
BID,BUS,19832,26
ASK,BUS,19832,18
BID,BUS,19814,58
ASK,BUS,19813,34
BID,BUS,19812,1
ASK,BUS,19808,102
BID,BUS,19802,76
ASK,BUS,1980,69
BID,BUS,19799,10
ASK,BUS,19794,100
BID,MSFT,19787,78
ASK,MSFT,19784,26
BID,BUS,1978,96
ASK,BUS,19791,42
BID,BUS,19778,17
ASK,BUS,19784,44
BID,BUS,19776,102
ASK,BUS,19774,99
BID,BUS,19773,8
ASK,BUS,19774,42
BID,BUS,19773,79
ASK,BUS,19765,92
BID,BUS,19764,24
ASK,BUS,19763,86
BID,BUS,19758,81
ASK,BUS,19757,72
BID,BUS,19741,32
ASK,BUS,19745,17
BID,BUS,19741,31
ASK,BUS,19725,77
BID,BUS,19712,20
ASK,BUS,19723,89
BID,BUS,19712,75
ASK,BUS,19699,72
BID,MSFT,19687,10
ASK,MSFT,19684,48
BID,BUS,19683,81
ASK,BUS,19669,95
BID,BUS,19668,16
ASK,BUS,19657,34
BID,BUS,19656,78
ASK,BUS,19649,96
BID,BUS,19645,18
ASK,BUS,19645,62
BID,MSFT,1964,47
ASK,MSFT,19636,11
BID,MSFT,19622,93
ASK,MSFT,19633,61
BID,BUS,19618,78
ASK,BUS,19604,28
BID,BUS,19603,78
ASK,BUS,19603,97
BID,BUS,19602,99
ASK,BUS,19598,45
BID,BUS,1956,10
ASK,BUS,19564,20
BID,BUS,19559,97
ASK,BUS,19586,30
BID,BUS,19559,42
ASK,BUS,19554,40
BID,BUS,19553,11
ASK,BUS,1955,81
BID,BUS,19549,4
ASK,BUS,19548,7
BID,BUS,19543,82
ASK,BUS,19541,1
BID,BUS,1954,66
ASK,BUS,19532,95
BID,BUS,19526,31
ASK,BUS,19527,80
BID,BUS,19519,38
ASK,BUS,19518,1
BID,BUS,19515,65
ASK,BUS,19513,80
BID,MSFT,19508,53
ASK,MSFT,19504,87
BID,BUS,19503,34
ASK,BUS,19495,91
BID,BUS,19484,38
ASK,BUS,19488,11
BID,BUS,19481,35
ASK,BUS,19474,1
BID,BUS,19466,37
ASK,BUS,19468,50
BID,BUS,19461,48
ASK,BUS,1946,5
BID,BUS,19459,90
ASK,BUS,19459,97
BID,BUS,19451,55
ASK,BUS,1945,35
BID,BUS,19449,94
ASK,BUS,19456,35
BID,BUS,19447,57
ASK,BUS,19444,92
BID,BUS,19421,31
ASK,BUS,19421,64
BID,MSFT,1942,16
ASK,MSFT,1942,85
BID,BUS,19417,98
ASK,BUS,19411,13
BID,BUS,19407,92
ASK,BUS,19413,32
BID,BUS,19378,73
ASK,BUS,19378,80
BID,MSFT,1937,19
ASK,MSFT,19383,41
BID,BUS,19362,61
ASK,BUS,1936,22
BID,BUS,19349,68
ASK,BUS,19334,14
BID,BUS,19297,96
ASK,BUS,19293,67
BID,BUS,19292,36
ASK,BUS,19298,95
BID,BUS,19282,97
ASK,BUS,19298,60
BID,BUS,19282,52
ASK,BUS,19281,75
BID,BUS,19272,97
ASK,BUS,19261,22
BID,BUS,19246,26
ASK,BUS,19253,68
BID,BUS,1924,6
ASK,BUS,1924,33
BID,BUS,19232,43
ASK,BUS,19217,7
BID,BUS,19215,52
ASK,BUS,19202,57
BID,BUS,19201,102
ASK,BUS,19196,25
BID,BUS,19193,58
ASK,BUS,19187,6
BID,BUS,19183,47
ASK,BUS,19188,22
BID,BUS,19176,65
ASK,BUS,19174,41
BID,BUS,19172,82
ASK,BUS,19186,37
BID,BUS,19156,18
ASK,BUS,19153,22
BID,BUS,19149,85
ASK,BUS,19143,56
BID,BUS,19142,63
ASK,BUS,19141,42
BID,BUS,19139,76
ASK,BUS,19141,53
BID,BUS,19129,25
ASK,BUS,1913,59
BID,BUS,19124,72
ASK,BUS,19118,46
BID,BUS,19114,8
ASK,BUS,19114,65
BID,BUS,1910,31
ASK,BUS,1910,75
BID,BUS,19097,99
ASK,BUS,19084,73
BID,BUS,19079,89
ASK,BUS,19076,86
BID,BUS,19071,20
ASK,BUS,19067,53
BID,BUS,19064,44
ASK,BUS,19057,34
BID,BUS,19056,52
ASK,BUS,19057,66
BID,BUS,19056,32
ASK,BUS,19056,80
BID,BUS,19044,33
ASK,BUS,19046,74
BID,BUS,19044,99
ASK,BUS,19044,78
BID,BUS,19036,72
ASK,BUS,19031,51
BID,BUS,1903,75
ASK,BUS,19022,24
BID,BUS,19013,62
ASK,BUS,19019,15
BID,BUS,1899,50
ASK,BUS,18991,25
BID,MSFT,18981,74
ASK,MSFT,18982,44
BID,BUS,18974,14
ASK,BUS,18974,14
BID,BUS,18959,43
ASK,BUS,18958,66
BID,BUS,18957,85
ASK,BUS,18951,85
BID,BUS,1895,50
ASK,BUS,1895,4
BID,BUS,18944,42
ASK,BUS,18942,18
BID,BUS,1894,78
ASK,BUS,18942,48
BID,BUS,18927,93
ASK,BUS,18919,71
BID,BUS,18918,65
ASK,BUS,18912,72
BID,BUS,18911,11
ASK,BUS,18912,47
BID,MSFT,18911,40
ASK,MSFT,18925,63
BID,BUS,18909,79
ASK,BUS,1892,37
BID,BUS,18907,96
ASK,BUS,18915,20
BID,BUS,18904,59
ASK,BUS,18905,31
BID,BUS,18903,53
ASK,BUS,18904,24
BID,BUS,18902,88
ASK,BUS,18894,99
BID,BUS,18893,14
ASK,BUS,18893,6
BID,BUS,18892,92
ASK,BUS,18891,68
BID,BUS,18889,48
ASK,BUS,18887,102
BID,BUS,18886,76
ASK,BUS,18885,31
BID,BUS,18883,63
ASK,BUS,18875,47
BID,MSFT,18872,38
ASK,MSFT,18875,84
BID,BUS,18862,97
ASK,BUS,18863,58
BID,BUS,18862,58
ASK,BUS,1885,99
BID,BUS,18849,70
ASK,BUS,18853,16
BID,BUS,18849,77
ASK,BUS,18841,83
BID,BUS,1884,33
ASK,BUS,18842,77
BID,MSFT,18837,27
ASK,MSFT,18842,76
BID,BUS,18832,10
ASK,BUS,18828,99
BID,BUS,18827,70
ASK,BUS,18827,38
BID,BUS,18824,78
ASK,BUS,18815,35
BID,BUS,18814,22
ASK,BUS,18815,14
BID,BUS,18813,7
ASK,BUS,18817,68
BID,BUS,18804,41
ASK,BUS,18811,71
BID,BUS,18787,89
ASK,BUS,18789,5
BID,BUS,18787,37
ASK,BUS,18789,96
BID,BUS,18786,30
ASK,BUS,18783,70
BID,BUS,18782,90
ASK,BUS,18782,51
BID,BUS,18779,18
ASK,BUS,18777,78
BID,BUS,18776,93
ASK,BUS,18784,91
BID,MSFT,18775,79
ASK,MSFT,18772,88
BID,BUS,18765,14
ASK,BUS,18754,81
BID,BUS,18738,102
ASK,BUS,18738,59
BID,MSFT,1873,60
ASK,MSFT,18729,97
BID,MSFT,18727,95
ASK,MSFT,18724,28
BID,MSFT,18722,6
ASK,MSFT,18726,33
BID,BUS,18718,7
ASK,BUS,18712,32
BID,BUS,1871,29
ASK,BUS,18704,83
BID,BUS,18691,86
ASK,BUS,18692,65
BID,BUS,18689,74
ASK,BUS,18692,43
BID,BUS,18688,41
ASK,BUS,1869,20
BID,BUS,18687,81
ASK,BUS,1869,21
BID,BUS,18687,15
ASK,BUS,18694,77
BID,BUS,18686,47
ASK,BUS,1869,52
BID,BUS,18684,49
ASK,BUS,18681,9
BID,BUS,18676,76
ASK,BUS,18671,12
BID,BUS,18668,22
ASK,BUS,18672,93
BID,MSFT,18666,3
ASK,MSFT,18672,87
BID,BUS,18664,56
ASK,BUS,18663,24
BID,BUS,18662,60
ASK,BUS,18649,98
BID,BUS,18648,75
ASK,BUS,18647,83
BID,BUS,18633,43
ASK,BUS,18631,5
BID,BUS,18628,64
ASK,BUS,18631,83
BID,BUS,18628,94
ASK,BUS,18626,22
BID,MSFT,18625,66
ASK,MSFT,18627,46
BID,BUS,18622,55
ASK,BUS,18619,13
BID,BUS,18614,15
ASK,BUS,18611,75
BID,BUS,1861,92
ASK,BUS,18617,58
BID,BUS,18602,37
ASK,BUS,18606,76
BID,BUS,18602,102
ASK,BUS,18598,63
BID,BUS,18591,13
ASK,BUS,18591,30
BID,BUS,18583,102
ASK,BUS,18587,12
BID,BUS,18582,21
ASK,BUS,18579,91
BID,BUS,18578,72
ASK,BUS,18571,43
BID,BUS,1857,40
ASK,BUS,1857,6
BID,MSFT,18567,37
ASK,MSFT,18572,70
BID,BUS,18566,42
ASK,BUS,18563,42
BID,BUS,18562,12
ASK,BUS,18562,47
BID,BUS,18552,66
ASK,BUS,18552,48
BID,BUS,18551,19
ASK,BUS,18554,86
BID,BUS,1855,1
ASK,BUS,18552,44
BID,BUS,18547,83
ASK,BUS,18546,56
BID,BUS,18545,78
ASK,BUS,18546,56
BID,BUS,18542,83
ASK,BUS,18539,92
BID,MSFT,18538,63
ASK,MSFT,18535,82
BID,MSFT,18533,54
ASK,MSFT,18535,49
BID,MSFT,18529,52
ASK,MSFT,18536,58
BID,BUS,18512,78
ASK,BUS,18517,96
BID,BUS,18511,71
ASK,BUS,18506,41
BID,BUS,18505,39
ASK,BUS,18504,79
BID,BUS,18501,67
ASK,BUS,18503,78
BID,BUS,18497,27
ASK,BUS,18497,94
BID,MSFT,18496,102
ASK,MSFT,1850,61
BID,BUS,18494,98
ASK,BUS,18491,7
BID,MSFT,1849,99
ASK,MSFT,1849,61
BID,BUS,18489,83
ASK,BUS,18487,93
BID,BUS,18483,91
ASK,BUS,18489,12
BID,BUS,18482,8
ASK,BUS,18482,38
BID,BUS,18481,2
ASK,BUS,18482,37
BID,BUS,18477,35
ASK,BUS,18488,74
BID,MSFT,18477,16
ASK,MSFT,18472,61
BID,MSFT,18471,34
ASK,MSFT,18474,89
BID,BUS,18463,11
ASK,BUS,1847,29
BID,BUS,18463,5
ASK,BUS,1845,21
BID,MSFT,18449,97
ASK,MSFT,18444,51
BID,BUS,18443,64
ASK,BUS,18441,79
BID,BUS,1844,27
ASK,BUS,18441,11
BID,BUS,18438,52
ASK,BUS,18437,63
BID,BUS,18436,70
ASK,BUS,18437,26
BID,MSFT,18435,78
ASK,MSFT,18434,85
BID,BUS,18432,24
ASK,BUS,1843,26
BID,BUS,18429,4
ASK,BUS,18426,64
BID,BUS,18402,92
ASK,BUS,18402,9
BID,MSFT,18392,61
ASK,MSFT,18394,98
BID,MSFT,18383,39
ASK,MSFT,18376,6
BID,BUS,18372,70
ASK,BUS,18373,39
BID,BUS,18372,5
ASK,BUS,18375,36
BID,MSFT,18372,89
ASK,MSFT,18364,77
BID,MSFT,1836,51
ASK,MSFT,18367,82
BID,BUS,1836,44
ASK,BUS,18362,34
BID,MSFT,18356,26
ASK,MSFT,18358,14
BID,MSFT,18351,98
ASK,MSFT,18358,38
BID,MSFT,18351,65
ASK,MSFT,18357,91
BID,MSFT,1835,42
ASK,MSFT,18343,8
BID,MSFT,18339,51
ASK,MSFT,18339,77
BID,BUS,18337,58
ASK,BUS,18334,43
BID,BUS,18331,50
ASK,BUS,18328,32
BID,MSFT,18324,2
ASK,MSFT,18328,56
BID,BUS,18322,1
ASK,BUS,18316,94
BID,BUS,18315,59
ASK,BUS,18313,34
BID,BUS,18312,76
ASK,BUS,18317,63
BID,BUS,18307,99
ASK,BUS,18307,31
BID,MSFT,18299,77
ASK,MSFT,18296,29
BID,BUS,18292,71
ASK,BUS,18296,36
BID,BUS,18288,18
ASK,BUS,18289,37
BID,MSFT,18288,63
ASK,MSFT,18286,51
BID,BUS,18285,44
ASK,BUS,18282,28
BID,BUS,18274,85
ASK,BUS,18268,20
BID,BUS,18267,6
ASK,BUS,18269,100
BID,BUS,18264,4
ASK,BUS,18264,102
BID,BUS,18261,89
ASK,BUS,18259,19
BID,BUS,18258,2
ASK,BUS,18258,92
BID,BUS,18257,47
ASK,BUS,18255,47
BID,MSFT,18251,22
ASK,MSFT,18254,48
BID,BUS,18243,64
ASK,BUS,18242,8
BID,BUS,18241,44
ASK,BUS,18241,71
BID,BUS,18236,58
ASK,BUS,18243,49
BID,BUS,18236,40
ASK,BUS,18235,67
BID,BUS,18232,23
ASK,BUS,18233,28
BID,MSFT,18232,75
ASK,MSFT,18233,41
BID,BUS,18229,43
ASK,BUS,18236,87
BID,BUS,18225,50
ASK,BUS,18225,93
BID,BUS,18223,9
ASK,BUS,18211,4
BID,BUS,18199,73
ASK,BUS,18199,55
BID,BUS,18198,48
ASK,BUS,18202,44
BID,BUS,18196,10
ASK,BUS,18202,80
BID,BUS,18187,64
ASK,BUS,18181,85
BID,MSFT,1818,47
ASK,MSFT,18181,51
BID,BUS,1817,88
ASK,BUS,18175,71
BID,MSFT,18161,80
ASK,MSFT,18164,102
BID,BUS,18142,88
ASK,BUS,18143,72
BID,MSFT,18139,95
ASK,MSFT,18132,46
BID,BUS,18131,83
ASK,BUS,1813,14
BID,BUS,18129,43
ASK,BUS,18129,7
BID,BUS,18113,83
ASK,BUS,18111,12
BID,BUS,1811,48
ASK,BUS,18109,80
BID,BUS,18104,78
ASK,BUS,18109,49
BID,BUS,18094,81
ASK,BUS,18089,52
BID,BUS,18088,50
ASK,BUS,18084,74
BID,BUS,18083,65
ASK,BUS,18081,22
BID,BUS,1808,42
ASK,BUS,18078,90
BID,MSFT,18077,33
ASK,MSFT,18077,21
BID,BUS,18076,82
ASK,BUS,1809,9
BID,BUS,18076,22
ASK,BUS,1809,17
BID,BUS,18076,100
ASK,BUS,18077,2
BID,BUS,18072,78
ASK,BUS,18067,14
BID,BUS,18062,48
ASK,BUS,18068,7
BID,MSFT,18054,55
ASK,MSFT,18061,89
BID,BUS,18053,93
ASK,BUS,18049,20
BID,BUS,18048,44
ASK,BUS,18045,6
BID,BUS,18044,5
ASK,BUS,18041,45
BID,BUS,1804,3
ASK,BUS,18035,78
BID,BUS,18031,17
ASK,BUS,18034,76
BID,BUS,18021,39
ASK,BUS,18021,81
BID,BUS,1802,76
ASK,BUS,18019,1
BID,MSFT,18018,46
ASK,MSFT,18014,46
BID,BUS,1801,27
ASK,BUS,18007,19
BID,BUS,18006,56
ASK,BUS,1800,74
BID,BUS,17999,55
ASK,BUS,1800,63
BID,BUS,17999,51
ASK,BUS,17998,7
BID,BUS,17997,6
ASK,BUS,17996,59
BID,MSFT,17995,92
ASK,MSFT,17994,29
BID,BUS,17992,92
ASK,BUS,17993,29
BID,BUS,17992,12
ASK,BUS,17992,99
BID,BUS,17991,94
ASK,BUS,17987,47
BID,BUS,17985,80
ASK,BUS,17991,12
BID,BUS,1798,78
ASK,BUS,17981,6
BID,BUS,1798,89
ASK,BUS,1798,31
BID,MSFT,17978,29
ASK,MSFT,17978,67
BID,BUS,17973,10
ASK,BUS,17972,42
BID,BUS,17966,68
ASK,BUS,17966,77
BID,BUS,17963,88
ASK,BUS,17964,40
BID,BUS,17951,7
ASK,BUS,17952,35
BID,BUS,17949,64
ASK,BUS,17944,35
BID,BUS,17943,51
ASK,BUS,17945,86
BID,BUS,17938,82
ASK,BUS,17939,1
BID,BUS,17937,61
ASK,BUS,1794,27
BID,BUS,17929,59
ASK,BUS,17936,37
BID,MSFT,17925,18
ASK,MSFT,17922,61
BID,BUS,17919,12
ASK,BUS,17921,54
BID,BUS,17915,79
ASK,BUS,17915,92
BID,BUS,17912,99
ASK,BUS,17915,86
BID,BUS,17912,13
ASK,BUS,17911,10
BID,BUS,17909,69
ASK,BUS,17908,3
BID,BUS,17907,61
ASK,BUS,17912,80
BID,BUS,17906,10
ASK,BUS,17903,14
BID,BUS,17902,98
ASK,BUS,17908,60
BID,BUS,17899,5
ASK,BUS,17895,1
BID,BUS,17887,48
ASK,BUS,17887,40
BID,BUS,17886,87
ASK,BUS,17886,96
BID,MSFT,17884,25
ASK,MSFT,17885,17
BID,BUS,17878,22
ASK,BUS,17879,50
BID,BUS,17878,13
ASK,BUS,1788,35
BID,BUS,17872,2
ASK,BUS,17877,53
BID,MSFT,1786,71
ASK,MSFT,17856,18
BID,MSFT,17855,65
ASK,MSFT,17869,32
BID,BUS,17855,47
ASK,BUS,17852,5
BID,BUS,17851,93
ASK,BUS,17852,39
BID,BUS,17851,38
ASK,BUS,17856,61
BID,BUS,17849,77
ASK,BUS,17851,58
BID,BUS,17846,51
ASK,BUS,17851,102
BID,BUS,17845,80
ASK,BUS,17845,47
BID,BUS,17841,31
ASK,BUS,17843,11
BID,BUS,17841,12
ASK,BUS,17842,23
BID,BUS,17841,14
ASK,BUS,17845,15
BID,BUS,17838,40
ASK,BUS,17851,37
BID,BUS,17838,84
ASK,BUS,17843,51
BID,BUS,17835,5
ASK,BUS,17831,60
BID,BUS,1783,75
ASK,BUS,17834,94
BID,BUS,17829,40
ASK,BUS,1783,92
BID,BUS,17821,22
ASK,BUS,17827,24
BID,BUS,17819,57
ASK,BUS,1782,7
BID,BUS,17818,26
ASK,BUS,17815,28
BID,BUS,17814,75
ASK,BUS,1781,77
BID,BUS,17809,73
ASK,BUS,17808,43
BID,BUS,17798,3
ASK,BUS,17798,56
BID,BUS,17785,70
ASK,BUS,17784,70
BID,BUS,17777,25
ASK,BUS,17777,1
BID,BUS,17776,27
ASK,BUS,17777,83
BID,BUS,17776,88
ASK,BUS,17773,99
BID,BUS,17771,30
ASK,BUS,17774,6
BID,BUS,17755,39
ASK,BUS,17758,52
BID,BUS,17747,95
ASK,BUS,17748,29
BID,BUS,17742,37
ASK,BUS,17753,72
BID,BUS,17733,73
ASK,BUS,17728,62
BID,BUS,17725,100
ASK,BUS,17733,90
BID,MSFT,17712,80
ASK,MSFT,17729,42
BID,BUS,17712,25
ASK,BUS,17712,63
BID,MSFT,1771,15
ASK,MSFT,17708,15
BID,BUS,17704,29
ASK,BUS,17701,50
BID,BUS,1770,12
ASK,BUS,17707,40
BID,BUS,1770,89
ASK,BUS,17707,63
BID,BUS,1770,100
ASK,BUS,17694,91
BID,BUS,17693,93
ASK,BUS,1768,27
BID,BUS,17679,70
ASK,BUS,17679,64
BID,BUS,17676,88
ASK,BUS,17675,53
BID,BUS,17663,30
ASK,BUS,17664,93
BID,BUS,17655,21
ASK,BUS,17661,100
BID,BUS,17651,39
ASK,BUS,17654,1
BID,BUS,1765,27
ASK,BUS,17652,89
BID,BUS,17647,54
ASK,BUS,17647,31
BID,BUS,17645,15
ASK,BUS,17646,84
BID,BUS,17631,10
ASK,BUS,17636,74
BID,BUS,1763,27
ASK,BUS,17631,27
BID,BUS,1763,5
ASK,BUS,17629,28
BID,BUS,17628,69
ASK,BUS,17626,62
BID,BUS,1762,22
ASK,BUS,17619,58
BID,BUS,17606,101
ASK,BUS,17604,85
BID,BUS,17603,30
ASK,BUS,17602,28
BID,BUS,17597,93
ASK,BUS,17595,56
BID,BUS,17592,1
ASK,BUS,17586,36
BID,BUS,1758,40
ASK,BUS,17585,102
BID,BUS,17572,70
ASK,BUS,17566,50
BID,BUS,17557,91
ASK,BUS,17562,98
BID,BUS,17557,46
ASK,BUS,17553,83
BID,BUS,17548,75
ASK,BUS,17547,62
BID,BUS,17545,1
ASK,BUS,17551,34
BID,BUS,17538,77
ASK,BUS,1754,32
BID,BUS,17535,78
ASK,BUS,17527,89
BID,BUS,17526,43
ASK,BUS,17527,95
BID,BUS,17519,48
ASK,BUS,1752,61
BID,BUS,17514,10
ASK,BUS,17515,62
BID,BUS,17508,27
ASK,BUS,17512,58
BID,BUS,17504,18
ASK,BUS,17504,6
BID,BUS,1750,54
ASK,BUS,17503,6
BID,BUS,1750,1
ASK,BUS,17503,54
BID,MSFT,1750,28
ASK,MSFT,17504,53
BID,BUS,17497,45
ASK,BUS,17496,23
BID,BUS,17493,38
ASK,BUS,17493,49
BID,BUS,17492,27
ASK,BUS,17493,65
BID,BUS,17492,45
ASK,BUS,17516,16
BID,BUS,17486,8
ASK,BUS,1750,33
BID,BUS,17481,96
ASK,BUS,17496,73
BID,BUS,17477,34
ASK,BUS,17477,6
BID,BUS,17476,93
ASK,BUS,17482,29
BID,BUS,17472,86
ASK,BUS,17471,78
BID,BUS,1747,93
ASK,BUS,17469,59
BID,BUS,17467,23
ASK,BUS,17465,100
BID,BUS,17464,25
ASK,BUS,17472,9
BID,MSFT,17457,19
ASK,MSFT,17454,79
BID,BUS,17453,92
ASK,BUS,17459,41
BID,BUS,17453,88
ASK,BUS,17459,63
BID,MSFT,17453,51
ASK,MSFT,17478,100
BID,MSFT,17449,30
ASK,MSFT,17439,19
BID,BUS,17433,24
ASK,BUS,17438,40
BID,BUS,17416,37
ASK,BUS,17442,12
BID,MSFT,17409,58
ASK,MSFT,17405,69
BID,BUS,1739,27
ASK,BUS,17393,33
BID,BUS,17381,29
ASK,BUS,17379,79
BID,BUS,17378,57
ASK,BUS,17379,76
BID,BUS,17374,34
ASK,BUS,17375,10
BID,BUS,17374,72
ASK,BUS,17375,14
BID,MSFT,1737,84
ASK,MSFT,17371,35
BID,BUS,1737,40
ASK,BUS,1738,82
BID,BUS,17369,97
ASK,BUS,1737,66
BID,BUS,17362,28
ASK,BUS,17362,25
BID,BUS,17355,67
ASK,BUS,17355,2
BID,MSFT,17352,58
ASK,MSFT,17352,29
BID,BUS,17349,101
ASK,BUS,17349,38
BID,BUS,17347,12
ASK,BUS,17345,33
BID,BUS,17339,12
ASK,BUS,17338,13
BID,BUS,17334,30
ASK,BUS,1733,58
BID,BUS,17328,48
ASK,BUS,17325,18
BID,BUS,17322,102
ASK,BUS,17327,59
BID,BUS,17318,87
ASK,BUS,17314,84
BID,BUS,17308,43
ASK,BUS,17309,96
BID,BUS,17308,38
ASK,BUS,1732,50
BID,BUS,17305,67
ASK,BUS,17316,61
BID,BUS,17299,69
ASK,BUS,17296,1
BID,BUS,17293,16
ASK,BUS,17295,5
BID,BUS,17281,13
ASK,BUS,17283,100
BID,MSFT,17281,84
ASK,MSFT,17285,67
BID,BUS,1728,90
ASK,BUS,17281,49
BID,MSFT,17274,39
ASK,MSFT,17275,66
BID,BUS,17273,29
ASK,BUS,17276,31
BID,BUS,17268,14
ASK,BUS,17267,88
BID,BUS,17266,2
ASK,BUS,17267,71
BID,BUS,17259,77
ASK,BUS,17257,25
BID,BUS,17255,6
ASK,BUS,17261,27
BID,BUS,17254,69
ASK,BUS,1725,5
BID,BUS,17226,88
ASK,BUS,17228,3
BID,BUS,17222,71
ASK,BUS,17224,10
BID,BUS,1722,32
ASK,BUS,17228,5
BID,BUS,1722,10
ASK,BUS,17235,13
BID,BUS,17213,11
ASK,BUS,17211,84
BID,BUS,1721,49
ASK,BUS,17211,11
BID,BUS,17208,73
ASK,BUS,17209,83
BID,BUS,17208,66
ASK,BUS,17203,63
BID,BUS,17202,91
ASK,BUS,17215,10
BID,BUS,1720,35
ASK,BUS,17191,45
BID,MSFT,17189,7
ASK,MSFT,17195,101
BID,BUS,17184,23
ASK,BUS,17184,12
BID,BUS,17183,53
ASK,BUS,17183,59
BID,BUS,17178,72
ASK,BUS,17182,51
BID,BUS,17177,29
ASK,BUS,17182,35
BID,BUS,17176,30
ASK,BUS,17179,9
BID,BUS,17167,27
ASK,BUS,17173,71
BID,BUS,17148,98
ASK,BUS,17145,86
BID,MSFT,17139,48
ASK,MSFT,17142,32
BID,BUS,17117,90
ASK,BUS,17128,37
BID,BUS,17102,23
ASK,BUS,17103,38
BID,BUS,17102,11
ASK,BUS,17103,29
BID,BUS,17102,99
ASK,BUS,1710,15
BID,MSFT,17092,33
ASK,MSFT,17089,64
BID,BUS,17088,58
ASK,BUS,17113,74
BID,BUS,17086,54
ASK,BUS,17113,70
BID,BUS,17083,102
ASK,BUS,17082,73
BID,BUS,17081,27
ASK,BUS,17086,85
BID,BUS,1706,90
ASK,BUS,1706,80
BID,BUS,17059,92
ASK,BUS,1706,27
BID,BUS,17054,76
ASK,BUS,17055,82
BID,MSFT,17053,51
ASK,MSFT,17055,99
BID,BUS,17053,28
ASK,BUS,17053,16
BID,BUS,17052,62
ASK,BUS,1705,37
BID,BUS,17023,6
ASK,BUS,17024,85
BID,MSFT,17018,24
ASK,MSFT,1702,11
BID,MSFT,17016,21
ASK,MSFT,17017,21
BID,BUS,17016,28
ASK,BUS,17017,98
BID,BUS,17016,19
ASK,BUS,17021,66
BID,BUS,17013,58
ASK,BUS,1702,12
BID,BUS,17013,92
ASK,BUS,17013,3
BID,BUS,1701,59
ASK,BUS,17011,88
BID,BUS,1701,27
ASK,BUS,1701,72
BID,BUS,16997,58
ASK,BUS,16998,10
BID,BUS,16997,62
ASK,BUS,16996,79
BID,BUS,16995,49
ASK,BUS,1700,85
BID,BUS,16993,59
ASK,BUS,16997,75
BID,BUS,16993,57
ASK,BUS,16991,41
BID,AAPL,16984,101
ASK,AAPL,16991,81
BID,BUS,16984,95
ASK,BUS,16985,18
BID,AAPL,16983,40
ASK,AAPL,16982,59
BID,MSFT,1698,58
ASK,MSFT,1698,52
BID,AAPL,16975,63
ASK,AAPL,16969,54
BID,AAPL,16969,63
ASK,AAPL,1697,37
BID,AAPL,16969,74
ASK,AAPL,16967,69
BID,BUS,16965,3
ASK,BUS,16966,39
BID,BUS,16965,60
ASK,BUS,16964,89
BID,AAPL,16958,9
ASK,AAPL,16962,94
BID,AAPL,16957,31
ASK,AAPL,16956,93
BID,BUS,16955,2
ASK,BUS,16956,26
BID,BUS,1695,82
ASK,BUS,16949,22
BID,AAPL,16935,4
ASK,AAPL,16935,95
BID,AAPL,16933,22
ASK,AAPL,1693,56
BID,AAPL,16929,13
ASK,AAPL,16933,99
BID,BUS,16929,18
ASK,BUS,16937,71
BID,AAPL,16926,19
ASK,AAPL,16924,23
BID,BUS,16919,51
ASK,BUS,16918,74
BID,AAPL,16914,8
ASK,AAPL,16914,91
BID,BUS,16912,8
ASK,BUS,16913,27
BID,BUS,16909,47
ASK,BUS,16909,94
BID,BUS,16908,98
ASK,BUS,16911,32
BID,BUS,16907,77
ASK,BUS,16902,26
BID,AAPL,1690,74
ASK,AAPL,16899,18
BID,AAPL,16897,97
ASK,AAPL,16897,51
BID,AAPL,16895,86
ASK,AAPL,16894,48
BID,BUS,16893,60
ASK,BUS,16894,84
BID,AAPL,16893,57
ASK,AAPL,16896,63
BID,AAPL,16891,81
ASK,AAPL,16913,38
BID,BUS,1689,47
ASK,BUS,16888,102
BID,AAPL,16887,30
ASK,AAPL,16888,40
BID,AAPL,16886,65
ASK,AAPL,16884,17
BID,BUS,16882,97
ASK,BUS,16888,58
BID,BUS,16877,73
ASK,BUS,16878,4
BID,BUS,16877,7
ASK,BUS,16875,8
BID,BUS,16872,38
ASK,BUS,1687,69
BID,BUS,16861,70
ASK,BUS,16862,60
BID,AAPL,1686,37
ASK,AAPL,16855,82
BID,AAPL,16851,85
ASK,AAPL,16854,61
BID,AAPL,1685,101
ASK,AAPL,16849,10
BID,AAPL,16844,39
ASK,AAPL,16851,89
BID,AAPL,16843,64
ASK,AAPL,16841,66
BID,BUS,16839,96
ASK,BUS,16845,35
BID,AAPL,16833,63
ASK,AAPL,16829,15
BID,BUS,16828,57
ASK,BUS,16821,40
BID,MSFT,1682,92
ASK,MSFT,16819,101
BID,BUS,16808,73
ASK,BUS,16808,4
BID,MSFT,16807,36
ASK,MSFT,16806,83
BID,AAPL,16802,75
ASK,AAPL,16801,23
BID,BUS,1680,4
ASK,BUS,1680,46
BID,BUS,16794,17
ASK,BUS,1680,1
BID,BUS,16792,33
ASK,BUS,16794,34
BID,BUS,16789,76
ASK,BUS,1679,77
BID,BUS,16789,20
ASK,BUS,16787,71
BID,BUS,16786,63
ASK,BUS,16788,42
BID,BUS,16785,70
ASK,BUS,1678,100
BID,AAPL,16779,36
ASK,AAPL,16776,93
BID,MSFT,16767,16
ASK,MSFT,16768,55
BID,AAPL,16767,6
ASK,AAPL,16766,49
BID,AAPL,16764,61
ASK,AAPL,16766,68
BID,AAPL,16762,72
ASK,AAPL,16762,80
BID,BUS,1676,47
ASK,BUS,16764,66
BID,AAPL,16759,25
ASK,AAPL,16759,85
BID,AAPL,16752,7
ASK,AAPL,16749,27
BID,AAPL,16747,15
ASK,AAPL,16747,22
BID,BUS,16745,19
ASK,BUS,16746,33
BID,BUS,16745,55
ASK,BUS,16755,36
BID,AAPL,1674,8
ASK,AAPL,1676,68
BID,AAPL,16737,3
ASK,AAPL,1676,89
BID,BUS,16737,44
ASK,BUS,16745,35
BID,BUS,16737,65
ASK,BUS,16739,95
BID,BUS,16734,5
ASK,BUS,16735,2
BID,BUS,16733,97
ASK,BUS,16732,89
BID,AAPL,16727,45
ASK,AAPL,16724,88
BID,BUS,16723,6
ASK,BUS,16723,93
BID,AAPL,16722,17
ASK,AAPL,16724,47
BID,BUS,16721,46
ASK,BUS,16722,81
BID,BUS,16721,83
ASK,BUS,1672,45
BID,BUS,16716,9
ASK,BUS,16718,57
BID,BUS,16708,79
ASK,BUS,16707,72
BID,BUS,16703,53
ASK,BUS,1671,38
BID,AAPL,16702,82
ASK,AAPL,16705,17
BID,MSFT,16701,82
ASK,MSFT,16706,88
BID,MSFT,16701,9
ASK,MSFT,16706,45
BID,BUS,16701,10
ASK,BUS,16692,87
BID,AAPL,16691,83
ASK,AAPL,16692,51
BID,BUS,16684,38
ASK,BUS,16685,95
BID,AAPL,1668,79
ASK,AAPL,16676,83
BID,MSFT,16674,78
ASK,MSFT,16673,55
BID,AAPL,16667,40
ASK,AAPL,16666,33
BID,BUS,16663,6
ASK,BUS,16663,31
BID,AAPL,16654,42
ASK,AAPL,16655,17
BID,BUS,16652,100
ASK,BUS,16655,71
BID,MSFT,1665,54
ASK,MSFT,16652,42
BID,AAPL,16646,83
ASK,AAPL,16646,65
BID,AAPL,16639,29
ASK,AAPL,16635,21
BID,BUS,16627,31
ASK,BUS,16626,16
BID,AAPL,16625,1
ASK,AAPL,16631,16
BID,MSFT,16624,70
ASK,MSFT,16624,1
BID,AAPL,16623,32
ASK,AAPL,16623,44
BID,MSFT,16621,7
ASK,MSFT,16621,38
BID,AAPL,16613,47
ASK,AAPL,16615,28
BID,AAPL,16612,42
ASK,AAPL,16613,78
BID,AAPL,16612,78
ASK,AAPL,16611,1
BID,BUS,1661,20
ASK,BUS,16621,81
BID,BUS,16597,72
ASK,BUS,16597,48
BID,BUS,16596,39
ASK,BUS,16599,2
BID,BUS,16595,29
ASK,BUS,16593,54
BID,AAPL,16589,84
ASK,AAPL,16588,79
BID,AAPL,16585,38
ASK,AAPL,16582,27
BID,AAPL,16579,39
ASK,AAPL,16579,11
BID,AAPL,16578,92
ASK,AAPL,16579,97
BID,MSFT,16568,63
ASK,MSFT,1657,27
BID,AAPL,16566,95
ASK,AAPL,16566,46
BID,AAPL,16564,89
ASK,AAPL,1656,89
BID,MSFT,1655,90
ASK,MSFT,16551,8
BID,MSFT,16549,37
ASK,MSFT,16547,7
BID,AAPL,16546,51
ASK,AAPL,16544,42
BID,BUS,16543,68
ASK,BUS,16543,89
BID,AAPL,1654,11
ASK,AAPL,16538,14
BID,AAPL,16537,73
ASK,AAPL,16536,102
BID,BUS,16535,13
ASK,BUS,16536,20
BID,AAPL,16535,47
ASK,AAPL,16535,31
BID,AAPL,16531,31
ASK,AAPL,16531,90
BID,AAPL,16528,90
ASK,AAPL,16529,74
BID,AAPL,16528,95
ASK,AAPL,16529,36
BID,AAPL,16528,84
ASK,AAPL,16528,8
BID,MSFT,16526,44
ASK,MSFT,16527,25
BID,AAPL,16523,11
ASK,AAPL,16523,64
BID,MSFT,16519,59
ASK,MSFT,16521,12
BID,MSFT,16519,14
ASK,MSFT,16521,26
BID,BUS,16519,25
ASK,BUS,16537,41
BID,AAPL,16514,5
ASK,AAPL,16513,9
BID,MSFT,1651,41
ASK,MSFT,16513,63
BID,BUS,1651,78
ASK,BUS,16511,39
BID,AAPL,1651,16
ASK,AAPL,16511,51
BID,BUS,16503,15
ASK,BUS,16508,47
BID,MSFT,16503,34
ASK,MSFT,16504,42
BID,AAPL,16502,6
ASK,AAPL,16502,78
BID,BUS,16501,31
ASK,BUS,16503,7
BID,BUS,16501,98
ASK,BUS,16496,48
BID,AAPL,16495,80
ASK,AAPL,16493,19
BID,AAPL,16492,101
ASK,AAPL,16496,56
BID,BUS,16492,60
ASK,BUS,16496,40
BID,AAPL,1649,102
ASK,AAPL,16489,39
BID,AAPL,16488,65
ASK,AAPL,16488,49
BID,AAPL,16483,76
ASK,AAPL,16484,14
BID,AAPL,16473,84
ASK,AAPL,16465,6
BID,AAPL,16464,42
ASK,AAPL,16465,52
BID,AAPL,16464,49
ASK,AAPL,16465,87
BID,BUS,16452,10
ASK,BUS,16453,27
BID,BUS,16452,43
ASK,BUS,16455,9
BID,AAPL,1645,72
ASK,AAPL,16453,84
BID,BUS,16449,14
ASK,BUS,16438,71
BID,AAPL,16433,47
ASK,AAPL,16434,23
BID,MSFT,16431,15
ASK,MSFT,16438,64
BID,BUS,16424,55
ASK,BUS,16427,97
BID,BUS,16423,19
ASK,BUS,1642,30
BID,BUS,16415,89
ASK,BUS,16421,7
BID,AAPL,16413,63
ASK,AAPL,16407,59
BID,AAPL,1640,74
ASK,AAPL,16396,99
BID,BUS,16387,7
ASK,BUS,1639,63
BID,AAPL,16383,85
ASK,AAPL,16382,9
BID,AAPL,1638,22
ASK,AAPL,16393,79
BID,AAPL,16379,42
ASK,AAPL,16376,73
BID,AAPL,16372,34
ASK,AAPL,16372,39
BID,AAPL,16369,66
ASK,AAPL,16366,76
BID,BUS,16361,15
ASK,BUS,16362,74
BID,BUS,16361,50
ASK,BUS,16361,101
BID,BUS,16358,88
ASK,BUS,16354,3
BID,MSFT,16349,57
ASK,MSFT,16349,98
BID,AAPL,16348,85
ASK,AAPL,16346,36
BID,BUS,16334,23
ASK,BUS,16335,22
BID,MSFT,16329,51
ASK,MSFT,16329,95
BID,MSFT,16328,15
ASK,MSFT,16329,95
BID,BUS,16328,58
ASK,BUS,16333,14
BID,BUS,16324,1
ASK,BUS,16323,66
BID,BUS,16322,41
ASK,BUS,16323,91
BID,BUS,16321,93
ASK,BUS,16322,75
BID,AAPL,1632,93
ASK,AAPL,16322,19
BID,AAPL,16317,21
ASK,AAPL,16318,101
BID,BUS,16299,74
ASK,BUS,16297,91
BID,AAPL,16294,13
ASK,AAPL,16298,67
BID,BUS,16287,67
ASK,BUS,16291,67
BID,AAPL,16286,12
ASK,AAPL,16289,42
BID,BUS,16279,92
ASK,BUS,16283,11
BID,AAPL,16268,41
ASK,AAPL,16277,43
BID,AAPL,16258,56
ASK,AAPL,16258,95
BID,BUS,16249,5
ASK,BUS,16246,70
BID,AAPL,16245,99
ASK,AAPL,16238,88
BID,AAPL,16236,101
ASK,AAPL,16241,67
BID,MSFT,16233,88
ASK,MSFT,16227,100
BID,BUS,16223,33
ASK,BUS,16221,25
BID,BUS,1622,11
ASK,BUS,16221,83
BID,BUS,1622,83
ASK,BUS,16219,15
BID,MSFT,16215,2
ASK,MSFT,16215,91
BID,AAPL,16214,21
ASK,AAPL,16225,51
BID,BUS,16213,31
ASK,BUS,16224,33
BID,MSFT,16211,21
ASK,MSFT,16212,54
BID,MSFT,16211,33
ASK,MSFT,16211,84
BID,AAPL,16206,99
ASK,AAPL,16203,39
BID,BUS,16202,84
ASK,BUS,16202,56
BID,AAPL,16199,48
ASK,AAPL,16199,44
BID,AAPL,16194,11
ASK,AAPL,16199,79
BID,BUS,16194,36
ASK,BUS,16195,93
BID,BUS,1619,10
ASK,BUS,16188,35
BID,AAPL,16187,90
ASK,AAPL,16185,81
BID,BUS,16184,22
ASK,BUS,1619,96
BID,BUS,16183,44
ASK,BUS,1619,72
BID,AAPL,16183,87
ASK,AAPL,16187,75
BID,BUS,16176,56
ASK,BUS,16174,15
BID,AAPL,16171,92
ASK,AAPL,16158,51
BID,BUS,16157,12
ASK,BUS,16156,64
BID,MSFT,16155,89
ASK,MSFT,16157,43
BID,BUS,16154,57
ASK,BUS,16148,51
BID,AAPL,16145,1
ASK,AAPL,16142,92
BID,AAPL,16141,23
ASK,AAPL,16138,79
BID,MSFT,16137,37
ASK,MSFT,16133,47
BID,BUS,1613,54
ASK,BUS,16127,24
BID,BUS,16111,47
ASK,BUS,16119,52
BID,AAPL,16109,48
ASK,AAPL,16116,94
BID,BUS,16108,82
ASK,BUS,1611,90
BID,MSFT,16103,22
ASK,MSFT,16103,4
BID,AAPL,16102,46
ASK,AAPL,1610,100
BID,BUS,16099,36
ASK,BUS,16097,21
BID,AAPL,16087,49
ASK,AAPL,16082,68
BID,BUS,1608,22
ASK,BUS,16081,34
BID,AAPL,16079,54
ASK,AAPL,16079,20
BID,BUS,16078,68
ASK,BUS,16074,85
BID,MSFT,16073,43
ASK,MSFT,16073,68
BID,BUS,1607,58
ASK,BUS,16066,57
BID,AAPL,16057,73
ASK,AAPL,16057,4
BID,AAPL,16056,84
ASK,AAPL,16063,90
BID,MSFT,16034,70
ASK,MSFT,16032,97
BID,BUS,1603,15
ASK,BUS,1603,77
BID,AAPL,16029,79
ASK,AAPL,16027,18
BID,BUS,16026,70
ASK,BUS,16026,59
BID,BUS,16014,98
ASK,BUS,16023,8
BID,MSFT,16013,79
ASK,MSFT,16014,81
BID,AAPL,16013,81
ASK,AAPL,16014,100
BID,AAPL,1601,9
ASK,AAPL,16017,21
BID,BUS,16007,76
ASK,BUS,16007,63
BID,BUS,16006,43
ASK,BUS,16006,91
BID,AAPL,16004,37
ASK,AAPL,15999,45
BID,BUS,15995,75
ASK,BUS,15987,100
BID,BUS,15986,50
ASK,BUS,15984,70
BID,AAPL,15983,7
ASK,AAPL,15994,57
BID,BUS,15967,12
ASK,BUS,15967,15
BID,AAPL,15966,8
ASK,AAPL,15975,69
BID,AAPL,15961,86
ASK,AAPL,15964,39
BID,AAPL,15952,18
ASK,AAPL,15949,31
BID,AAPL,15939,68
ASK,AAPL,15941,25
BID,BUS,15936,16
ASK,BUS,15941,12
BID,BUS,15935,68
ASK,BUS,15935,44
BID,AAPL,15934,6
ASK,AAPL,15937,37
BID,BUS,1593,23
ASK,BUS,15931,64
BID,BUS,15925,28
ASK,BUS,15921,36
BID,BUS,15918,43
ASK,BUS,15914,74
BID,AAPL,15913,62
ASK,AAPL,1592,26
BID,MSFT,15909,100
ASK,MSFT,15903,55
BID,BUS,15902,29
ASK,BUS,15902,48
BID,BUS,15901,22
ASK,BUS,15897,1
BID,AAPL,15896,14
ASK,AAPL,15892,40
BID,AAPL,15891,92
ASK,AAPL,1589,12
BID,MSFT,15889,75
ASK,MSFT,15885,1
BID,BUS,15884,51
ASK,BUS,15881,32
BID,BUS,15878,11
ASK,BUS,15874,102
BID,BUS,15867,101
ASK,BUS,15864,86
BID,MSFT,1586,91
ASK,MSFT,1586,38
BID,BUS,15859,44
ASK,BUS,15849,33
BID,AAPL,15847,30
ASK,AAPL,15852,55
BID,BUS,1584,93
ASK,BUS,1584,29
BID,AAPL,15838,6
ASK,AAPL,15831,99
BID,BUS,15829,35
ASK,BUS,15823,77
BID,BUS,1582,67
ASK,BUS,1582,23
BID,MSFT,15802,95
ASK,MSFT,15802,5
BID,BUS,1580,80
ASK,BUS,15801,62
BID,AAPL,1580,34
ASK,AAPL,15799,68
BID,AAPL,15789,72
ASK,AAPL,15796,65
BID,AAPL,15788,86
ASK,AAPL,1579,13
BID,AAPL,15787,35
ASK,AAPL,15782,69
BID,BUS,15781,25
ASK,BUS,15781,65
BID,BUS,15778,29
ASK,BUS,15777,21
BID,BUS,15776,3
ASK,BUS,15788,49
BID,BUS,15769,63
ASK,BUS,1577,28
BID,AAPL,15769,49
ASK,AAPL,15767,9
BID,AAPL,15766,102
ASK,AAPL,15767,48
BID,MSFT,15766,86
ASK,MSFT,1577,9
BID,MSFT,15757,43
ASK,MSFT,15759,96
BID,BUS,15757,96
ASK,BUS,15757,23
BID,MSFT,15753,19
ASK,MSFT,15752,89
BID,AAPL,15748,42
ASK,AAPL,15747,92
BID,AAPL,15736,93
ASK,AAPL,15737,58
BID,AAPL,15735,57
ASK,AAPL,15735,93
BID,AAPL,15734,18
ASK,AAPL,15738,81
BID,AAPL,15728,94
ASK,AAPL,15736,85
BID,AAPL,15728,13
ASK,AAPL,15718,24
BID,BUS,15717,57
ASK,BUS,15718,9
BID,BUS,15717,34
ASK,BUS,15718,49
BID,BUS,15709,55
ASK,BUS,15705,62
BID,BUS,15704,26
ASK,BUS,15698,19
BID,BUS,15696,3
ASK,BUS,15695,55
BID,AAPL,15694,69
ASK,AAPL,15694,26
BID,AAPL,15692,61
ASK,AAPL,15681,5
BID,BUS,1568,69
ASK,BUS,1568,85
BID,BUS,15679,100
ASK,BUS,1568,49
BID,AAPL,15676,27
ASK,AAPL,15681,89
BID,BUS,15675,54
ASK,BUS,15672,26
BID,AAPL,15671,73
ASK,AAPL,15671,55
BID,AAPL,1567,9
ASK,AAPL,15672,73
BID,BUS,1567,9
ASK,BUS,1567,37
BID,BUS,15667,85
ASK,BUS,15667,99
BID,AAPL,15662,98
ASK,AAPL,15688,14
BID,BUS,15661,69
ASK,BUS,15659,65
BID,AAPL,15653,97
ASK,AAPL,1566,32
BID,BUS,15646,78
ASK,BUS,15643,34
BID,BUS,15638,75
ASK,BUS,15638,73
BID,BUS,15637,77
ASK,BUS,15636,37
BID,BUS,1563,47
ASK,BUS,15629,55
BID,BUS,15628,67
ASK,BUS,15625,88
BID,MSFT,15618,67
ASK,MSFT,15613,46
BID,BUS,15611,12
ASK,BUS,15612,101
BID,BUS,15607,39
ASK,BUS,15606,87
BID,BUS,15605,71
ASK,BUS,15609,100
BID,BUS,15597,71
ASK,BUS,15597,52
BID,AAPL,15592,100
ASK,AAPL,15592,98
BID,AAPL,15591,14
ASK,AAPL,15591,102
BID,AAPL,15587,27
ASK,AAPL,15586,77
BID,AAPL,15585,63
ASK,AAPL,15586,50
BID,BUS,15582,16
ASK,BUS,15588,75
BID,BUS,15582,46
ASK,BUS,15583,11
BID,BUS,1558,40
ASK,BUS,15588,27
BID,AAPL,15577,5
ASK,AAPL,15571,100
BID,BUS,15557,27
ASK,BUS,15563,58
BID,BUS,15554,7
ASK,BUS,15555,69
BID,BUS,15554,88
ASK,BUS,15551,93
BID,AAPL,1555,89
ASK,AAPL,15538,44
BID,AAPL,15536,34
ASK,AAPL,15536,96
BID,AAPL,15533,49
ASK,AAPL,15532,42
BID,BUS,15531,83
ASK,BUS,15544,77
BID,BUS,15529,8
ASK,BUS,15529,69
BID,MSFT,15525,31
ASK,MSFT,15526,4
BID,BUS,15525,57
ASK,BUS,15529,1
BID,BUS,15521,74
ASK,BUS,15521,102
BID,BUS,1552,90
ASK,BUS,15518,54
BID,BUS,15517,68
ASK,BUS,15517,91
BID,AAPL,15513,58
ASK,AAPL,15512,36
BID,AAPL,15509,98
ASK,AAPL,15506,94
BID,BUS,15505,83
ASK,BUS,1550,73
BID,BUS,15499,91
ASK,BUS,15504,53
BID,BUS,15498,60
ASK,BUS,1550,31
BID,AAPL,15496,99
ASK,AAPL,15516,85
BID,BUS,15488,39
ASK,BUS,15488,2
BID,BUS,15487,73
ASK,BUS,15488,81
BID,BUS,15482,26
ASK,BUS,15485,6
BID,AAPL,1548,39
ASK,AAPL,1548,50
BID,BUS,1547,93
ASK,BUS,15468,96
BID,BUS,15467,17
ASK,BUS,15466,45
BID,AAPL,15465,2
ASK,AAPL,15466,98
BID,BUS,15461,55
ASK,BUS,1546,24
BID,AAPL,15456,13
ASK,AAPL,15454,78
BID,AAPL,15453,56
ASK,AAPL,15454,8
BID,AAPL,15452,64
ASK,AAPL,1545,52
BID,BUS,15449,55
ASK,BUS,15449,86
BID,AAPL,15448,42
ASK,AAPL,15449,45
BID,AAPL,15447,82
ASK,AAPL,15448,93
BID,BUS,15447,33
ASK,BUS,15446,50
BID,AAPL,15432,83
ASK,AAPL,15438,50
BID,AAPL,15431,23
ASK,AAPL,15438,42
BID,BUS,15426,95
ASK,BUS,15429,68
BID,BUS,15422,47
ASK,BUS,15427,11
BID,BUS,15422,11
ASK,BUS,15425,61
BID,AAPL,15421,7
ASK,AAPL,15416,65
BID,BUS,15413,58
ASK,BUS,15414,3
BID,AAPL,15411,8
ASK,AAPL,15412,44
BID,BUS,15402,89
ASK,BUS,15401,87
BID,BUS,15396,11
ASK,BUS,1539,45
BID,AAPL,15389,63
ASK,AAPL,15389,53
BID,AAPL,15385,17
ASK,AAPL,15385,52
BID,AAPL,15384,6
ASK,AAPL,15385,95
BID,MSFT,15383,14
ASK,MSFT,1539,36
BID,BUS,15382,6
ASK,BUS,15377,97
BID,BUS,15373,15
ASK,BUS,15372,97
BID,AAPL,15371,50
ASK,AAPL,15371,64
BID,AAPL,1537,29
ASK,AAPL,15371,33
BID,AAPL,1537,43
ASK,AAPL,15373,30
BID,BUS,15369,78
ASK,BUS,15373,21
BID,BUS,15366,54
ASK,BUS,15364,88
BID,MSFT,15354,64
ASK,MSFT,15359,43
BID,AAPL,15354,23
ASK,AAPL,15362,54
BID,AAPL,15347,45
ASK,AAPL,15346,11
BID,BUS,15335,95
ASK,BUS,15334,71
BID,BUS,15329,77
ASK,BUS,15329,80
BID,AAPL,15313,50
ASK,AAPL,15314,8
BID,AAPL,15311,19
ASK,AAPL,1531,85
BID,BUS,15309,50
ASK,BUS,15309,91
BID,AAPL,15306,97
ASK,AAPL,15304,7
BID,AAPL,15301,20
ASK,AAPL,1530,19
BID,AAPL,15298,65
ASK,AAPL,15298,7
BID,BUS,15297,11
ASK,BUS,15305,83
BID,BUS,15294,10
ASK,BUS,15295,51
BID,AAPL,1529,23
ASK,AAPL,1529,53
BID,AAPL,15272,76
ASK,AAPL,15271,4
BID,AAPL,15255,57
ASK,AAPL,15255,28
BID,AAPL,15254,99
ASK,AAPL,15255,22
BID,AAPL,15253,2
ASK,AAPL,15255,97
BID,AAPL,15252,75
ASK,AAPL,15251,71
BID,BUS,15248,96
ASK,BUS,15245,76
BID,AAPL,15243,18
ASK,AAPL,15254,43
BID,BUS,15242,48
ASK,BUS,15244,34
BID,BUS,15242,16
ASK,BUS,15243,9
BID,BUS,15242,88
ASK,BUS,15243,80
BID,AAPL,1524,45
ASK,AAPL,15239,9
BID,AAPL,15238,64
ASK,AAPL,15236,45
BID,BUS,15229,84
ASK,BUS,15233,1
BID,BUS,15226,57
ASK,BUS,15224,85
BID,AAPL,15214,8
ASK,AAPL,15215,80
BID,BUS,1521,99
ASK,BUS,15204,59
BID,AAPL,15198,43
ASK,AAPL,15196,62
BID,MSFT,15194,48
ASK,MSFT,15203,29
BID,BUS,15194,50
ASK,BUS,15189,53
BID,BUS,15188,62
ASK,BUS,15189,47
BID,AAPL,15187,64
ASK,AAPL,15186,37
BID,BUS,1518,10
ASK,BUS,15181,83
BID,BUS,1518,68
ASK,BUS,15181,97
BID,BUS,15177,95
ASK,BUS,15178,79
BID,AAPL,15176,49
ASK,AAPL,15176,79
BID,AAPL,15171,94
ASK,AAPL,15169,25
BID,AAPL,15157,3
ASK,AAPL,15162,7
BID,AAPL,15157,42
ASK,AAPL,15156,88
BID,BUS,1515,10
ASK,BUS,15164,82
BID,AAPL,15149,84
ASK,AAPL,15149,83
BID,BUS,15136,91
ASK,BUS,15137,70
BID,AAPL,15132,83
ASK,AAPL,15138,82
BID,AAPL,15128,21
ASK,AAPL,15128,40
BID,BUS,15123,85
ASK,BUS,15125,29
BID,AAPL,1512,15
ASK,AAPL,15123,4
BID,AAPL,15116,45
ASK,AAPL,15113,41
BID,AAPL,15112,73
ASK,AAPL,15114,5
BID,AAPL,15111,5
ASK,AAPL,15114,91
BID,AAPL,15111,27
ASK,AAPL,15111,16
BID,BUS,15105,66
ASK,BUS,15105,51
BID,AAPL,15103,32
ASK,AAPL,15102,46
BID,BUS,15101,99
ASK,BUS,15101,57
BID,AAPL,1510,29
ASK,AAPL,1510,64
BID,AAPL,15099,38
ASK,AAPL,15098,64
BID,AAPL,15097,16
ASK,AAPL,15097,31
BID,AAPL,15096,53
ASK,AAPL,15093,74
BID,BUS,15092,15
ASK,BUS,15093,18
BID,BUS,15091,86
ASK,BUS,15091,84
BID,AAPL,15089,47
ASK,AAPL,15088,78
BID,AAPL,15085,27
ASK,AAPL,15086,41
BID,AAPL,15075,96
ASK,AAPL,15081,29
BID,AAPL,15075,62
ASK,AAPL,15077,35
BID,BUS,15074,62
ASK,BUS,15074,35
BID,BUS,15071,46
ASK,BUS,15072,21
BID,AAPL,15065,85
ASK,AAPL,15064,52
BID,MSFT,15062,35
ASK,MSFT,15063,102
BID,AAPL,15062,16
ASK,AAPL,15057,6
BID,AAPL,15055,71
ASK,AAPL,15056,5
BID,BUS,15054,29
ASK,BUS,15056,29
BID,AAPL,15054,93
ASK,AAPL,15053,54
BID,BUS,15049,52
ASK,BUS,15055,40
BID,AAPL,15046,92
ASK,AAPL,15045,69
BID,AAPL,15045,101
ASK,AAPL,15046,90
BID,AAPL,15045,92
ASK,AAPL,15045,33
BID,AAPL,15023,100
ASK,AAPL,15026,39
BID,AAPL,15022,77
ASK,AAPL,15025,100
BID,AAPL,15015,20
ASK,AAPL,15025,80
BID,AAPL,15013,26
ASK,AAPL,15007,6
BID,AAPL,15003,56
ASK,AAPL,15004,72
BID,AAPL,15002,69
ASK,AAPL,1500,73
BID,AAPL,14998,22
ASK,AAPL,1500,67
BID,BUS,14987,37
ASK,BUS,14988,9
BID,AAPL,1498,72
ASK,AAPL,1498,77
BID,AAPL,14979,28
ASK,AAPL,1498,50
BID,BUS,14977,90
ASK,BUS,14976,20
BID,AAPL,14971,61
ASK,AAPL,14971,62
BID,AAPL,14967,91
ASK,AAPL,14965,23
BID,AAPL,14964,67
ASK,AAPL,14965,34
BID,AAPL,14964,53
ASK,AAPL,1497,54
BID,AAPL,14963,85
ASK,AAPL,14963,42
BID,MSFT,14962,73
ASK,MSFT,14968,91
BID,AAPL,14961,64
ASK,AAPL,14962,46
BID,AAPL,14959,5
ASK,AAPL,14957,90
BID,AAPL,14956,87
ASK,AAPL,14952,74
BID,BUS,1495,95
ASK,BUS,14951,86
BID,AAPL,1495,53
ASK,AAPL,14946,6
BID,AAPL,14942,1
ASK,AAPL,14942,60
BID,BUS,14938,82
ASK,BUS,14938,94
BID,AAPL,14937,80
ASK,AAPL,14935,97
BID,BUS,14931,12
ASK,BUS,14929,83
BID,AAPL,14928,69
ASK,AAPL,14929,65
BID,AAPL,14926,86
ASK,AAPL,14926,80
BID,BUS,14925,75
ASK,BUS,14927,52
BID,BUS,14925,96
ASK,BUS,14926,29
BID,AAPL,14924,68
ASK,AAPL,14922,45
BID,BUS,14911,32
ASK,BUS,14912,54
BID,AAPL,1491,31
ASK,AAPL,1491,2
BID,AAPL,14909,28
ASK,AAPL,1491,55
BID,BUS,14904,41
ASK,BUS,14907,20
BID,AAPL,14901,5
ASK,AAPL,14903,23
BID,AAPL,1490,62
ASK,AAPL,1490,9
BID,AAPL,14898,53
ASK,AAPL,14897,80
BID,BUS,14896,97
ASK,BUS,14898,9
BID,AAPL,14894,18
ASK,AAPL,14894,80
BID,BUS,14893,101
ASK,BUS,14891,83
BID,AAPL,1489,31
ASK,AAPL,14889,36
BID,BUS,14887,80
ASK,BUS,14892,28
BID,AAPL,14886,43
ASK,AAPL,14886,59
BID,AAPL,14885,22
ASK,AAPL,14886,5
BID,AAPL,14879,58
ASK,AAPL,14879,12
BID,AAPL,14878,6
ASK,AAPL,14879,14
BID,AAPL,14877,77
ASK,AAPL,14884,47
BID,AAPL,14872,58
ASK,AAPL,14871,25
BID,AAPL,1487,57
ASK,AAPL,14869,102
BID,AAPL,14868,37
ASK,AAPL,14868,65
BID,AAPL,14866,6
ASK,AAPL,14865,23
BID,BUS,14864,48
ASK,BUS,14862,70
BID,AAPL,1486,84
ASK,AAPL,1486,80
BID,AAPL,14857,100
ASK,AAPL,14857,23
BID,BUS,1485,100
ASK,BUS,14859,70
BID,AAPL,1485,79
ASK,AAPL,14851,2
BID,AAPL,14848,88
ASK,AAPL,14848,16
BID,AAPL,14847,42
ASK,AAPL,14848,50
BID,AAPL,14847,55
ASK,AAPL,14848,3
BID,BUS,14844,29
ASK,BUS,14843,26
BID,AAPL,1484,77
ASK,AAPL,14837,79
BID,AAPL,14837,42
ASK,AAPL,1484,61
BID,AAPL,14835,24
ASK,AAPL,14835,60
BID,MSFT,14833,20
ASK,MSFT,14834,77
BID,BUS,1482,11
ASK,BUS,14828,85
BID,AAPL,14819,56
ASK,AAPL,14819,51
BID,BUS,14817,51
ASK,BUS,14827,18
BID,AAPL,14814,29
ASK,AAPL,14819,68
BID,AAPL,14814,3
ASK,AAPL,14817,22
BID,BUS,14814,99
ASK,BUS,14823,93
BID,AAPL,14802,17
ASK,AAPL,14803,27
BID,AAPL,1480,15
ASK,AAPL,14801,5
BID,AAPL,1480,74
ASK,AAPL,14803,20
BID,AAPL,1480,44
ASK,AAPL,14793,9
BID,AAPL,14791,72
ASK,AAPL,14792,57
BID,AAPL,14788,3
ASK,AAPL,14788,39
BID,AAPL,14781,85
ASK,AAPL,14781,78
BID,BUS,14772,5
ASK,BUS,14776,46
BID,BUS,14766,68
ASK,BUS,1477,1
BID,AAPL,14757,80
ASK,AAPL,14756,28
BID,AAPL,14739,57
ASK,AAPL,1474,73
BID,BUS,14739,44
ASK,BUS,14744,50
BID,AAPL,14735,94
ASK,AAPL,14736,3
BID,BUS,14734,17
ASK,BUS,14734,11
BID,BUS,14733,72
ASK,BUS,14731,46
BID,AAPL,1473,3
ASK,AAPL,14733,21
BID,BUS,14718,1
ASK,BUS,14718,18
BID,AAPL,14715,70
ASK,AAPL,14715,32
BID,BUS,14714,25
ASK,BUS,14716,64
BID,BUS,14714,65
ASK,BUS,14714,82
BID,AAPL,1471,94
ASK,AAPL,14713,90
BID,AAPL,14709,99
ASK,AAPL,14706,87
BID,AAPL,14705,47
ASK,AAPL,14704,4
BID,AAPL,14696,44
ASK,AAPL,14695,36
BID,AAPL,14692,56
ASK,AAPL,14694,7
BID,MSFT,14688,17
ASK,MSFT,14692,10
BID,AAPL,1468,90
ASK,AAPL,1468,86
BID,AAPL,14679,38
ASK,AAPL,14681,30
BID,AAPL,14678,82
ASK,AAPL,14681,8
BID,AAPL,14677,27
ASK,AAPL,14675,32
BID,BUS,14674,56
ASK,BUS,1469,63
BID,AAPL,14673,29
ASK,AAPL,14672,43
BID,AAPL,14668,46
ASK,AAPL,1467,102
BID,BUS,14665,21
ASK,BUS,14672,36
BID,BUS,14665,37
ASK,BUS,14665,43
BID,AAPL,14662,81
ASK,AAPL,14662,3
BID,AAPL,1466,27
ASK,AAPL,14661,37
BID,MSFT,14657,7
ASK,MSFT,14657,10
BID,AAPL,14656,69
ASK,AAPL,14655,92
BID,AAPL,14642,80
ASK,AAPL,14642,75
BID,AAPL,14641,66
ASK,AAPL,14639,32
BID,AAPL,14636,8
ASK,AAPL,14637,68
BID,AAPL,14635,87
ASK,AAPL,14635,41
BID,AAPL,14624,22
ASK,AAPL,14617,91
BID,AAPL,14616,6
ASK,AAPL,14615,11
BID,AAPL,14614,35
ASK,AAPL,14614,66
BID,BUS,14613,41
ASK,BUS,14614,70
BID,AAPL,14611,84
ASK,AAPL,14614,51
BID,AAPL,14609,68
ASK,AAPL,14609,47
BID,AAPL,14608,37
ASK,AAPL,14607,34
BID,AAPL,1460,8
ASK,AAPL,14603,32
BID,BUS,1460,3
ASK,BUS,14601,10
BID,BUS,14594,6
ASK,BUS,14595,48
BID,AAPL,14594,13
ASK,AAPL,14595,17
BID,AAPL,14592,31
ASK,AAPL,14595,29
BID,AAPL,14591,67
ASK,AAPL,1459,80
BID,BUS,14589,27
ASK,BUS,14589,46
BID,AAPL,14588,24
ASK,AAPL,14589,91
BID,AAPL,14587,93
ASK,AAPL,14593,97
BID,AAPL,14586,39
ASK,AAPL,14583,45
BID,BUS,14575,38
ASK,BUS,14572,47
BID,AAPL,1457,40
ASK,AAPL,1457,19
BID,AAPL,14568,22
ASK,AAPL,14563,18
BID,AAPL,14561,48
ASK,AAPL,14562,40
BID,BUS,14561,72
ASK,BUS,14561,87
BID,AAPL,14555,63
ASK,AAPL,14556,9
BID,AAPL,14554,67
ASK,AAPL,14552,29
BID,AAPL,14551,72
ASK,AAPL,1455,63
BID,AAPL,14549,29
ASK,AAPL,14549,31
BID,AAPL,14547,5
ASK,AAPL,14546,4
BID,AAPL,14539,90
ASK,AAPL,1454,33
BID,AAPL,14539,33
ASK,AAPL,1454,51
BID,AAPL,14538,84
ASK,AAPL,14539,72
BID,AAPL,14536,83
ASK,AAPL,14534,79
BID,BUS,1452,57
ASK,BUS,14521,102
BID,AAPL,14508,51
ASK,AAPL,14511,10
BID,AAPL,14506,64
ASK,AAPL,14501,15
BID,AAPL,1450,8
ASK,AAPL,14499,40
BID,AAPL,14498,58
ASK,AAPL,1450,98
BID,AAPL,14494,34
ASK,AAPL,14491,14
BID,BUS,1449,8
ASK,BUS,14492,29
BID,AAPL,14484,77
ASK,AAPL,14484,91
BID,BUS,14481,88
ASK,BUS,1448,87
BID,AAPL,14468,8
ASK,AAPL,1446,30
BID,AAPL,14453,87
ASK,AAPL,14451,13
BID,AAPL,1445,65
ASK,AAPL,1445,35
BID,BUS,14434,6
ASK,BUS,14439,24
BID,AAPL,1443,28
ASK,AAPL,1443,63
BID,BUS,14429,7
ASK,BUS,14436,37
BID,AAPL,14422,56
ASK,AAPL,14423,33
BID,AAPL,14395,63
ASK,AAPL,14394,5
BID,BUS,14391,76
ASK,BUS,14392,82
BID,AAPL,14391,66
ASK,AAPL,14391,37
BID,BUS,1439,19
ASK,BUS,1439,28
BID,AAPL,14388,30
ASK,AAPL,1438,102
BID,AAPL,14377,5
ASK,AAPL,14376,49
BID,AAPL,14375,82
ASK,AAPL,14375,83
BID,BUS,14373,13
ASK,BUS,14371,99
BID,BUS,14367,10
ASK,BUS,14359,102
BID,BUS,14341,38
ASK,BUS,14342,47
BID,AAPL,14341,86
ASK,AAPL,14341,78
BID,BUS,1434,63
ASK,BUS,1434,89
BID,AAPL,14339,20
ASK,AAPL,14333,73
BID,AAPL,14332,68
ASK,AAPL,14332,81
BID,AAPL,14331,37
ASK,AAPL,14329,25
BID,BUS,14328,15
ASK,BUS,14324,96
BID,AAPL,14323,45
ASK,AAPL,14323,89
BID,AAPL,1432,20
ASK,AAPL,14319,6
BID,AAPL,14318,56
ASK,AAPL,14315,102
BID,AAPL,14314,67
ASK,AAPL,14304,90
BID,AAPL,14301,68
ASK,AAPL,14302,77
BID,AAPL,14299,18
ASK,AAPL,1430,65
BID,AAPL,14297,102
ASK,AAPL,14296,67
BID,AAPL,14294,22
ASK,AAPL,14294,30
BID,AAPL,14291,102
ASK,AAPL,14294,34
BID,AAPL,14289,57
ASK,AAPL,1429,11
BID,AAPL,14288,82
ASK,AAPL,14287,60
BID,AAPL,14284,55
ASK,AAPL,14281,86
BID,AAPL,14273,46
ASK,AAPL,14267,62
BID,MSFT,14266,62
ASK,MSFT,14267,1
BID,AAPL,14263,78
ASK,AAPL,14261,46
BID,AAPL,14259,96
ASK,AAPL,1426,18
BID,BUS,14259,81
ASK,BUS,14259,86
BID,AAPL,14258,40
ASK,AAPL,14259,48
BID,AAPL,14255,29
ASK,AAPL,14253,37
BID,AAPL,14252,2
ASK,AAPL,14253,91
BID,AAPL,1425,93
ASK,AAPL,14265,15
BID,AAPL,14247,26
ASK,AAPL,14245,26
BID,AAPL,14244,77
ASK,AAPL,14258,82
BID,AAPL,14241,30
ASK,AAPL,14241,45
BID,AAPL,1422,32
ASK,AAPL,1422,17
BID,MSFT,14216,24
ASK,MSFT,14234,62
BID,BUS,14209,43
ASK,BUS,1421,39
BID,AAPL,14209,83
ASK,AAPL,14202,48
BID,AAPL,14201,101
ASK,AAPL,14198,15
BID,AAPL,14192,75
ASK,AAPL,14193,102
BID,AAPL,14187,79
ASK,AAPL,14187,38
BID,AAPL,14185,97
ASK,AAPL,14183,2
BID,AAPL,14172,10
ASK,AAPL,14172,4
BID,BUS,14171,39
ASK,BUS,14165,49
BID,AAPL,14161,34
ASK,AAPL,1416,71
BID,BUS,14151,83
ASK,BUS,14151,3
BID,AAPL,14146,59
ASK,AAPL,14146,20
BID,AAPL,14133,54
ASK,AAPL,14135,7
BID,BUS,1413,30
ASK,BUS,14132,49
BID,AAPL,14128,25
ASK,AAPL,14116,51
BID,AAPL,14115,93
ASK,AAPL,14111,42
BID,AAPL,1411,85
ASK,AAPL,1411,3
BID,BUS,14099,40
ASK,BUS,1410,15
BID,AAPL,14099,67
ASK,AAPL,14097,57
BID,AAPL,14095,58
ASK,AAPL,14094,98
BID,BUS,14093,81
ASK,BUS,14087,36
BID,AAPL,14083,26
ASK,AAPL,14083,58
BID,BUS,14079,15
ASK,BUS,14081,94
BID,AAPL,14079,35
ASK,AAPL,14071,57
BID,AAPL,1407,22
ASK,AAPL,1405,64
BID,BUS,1404,87
ASK,BUS,14046,33
BID,AAPL,14039,2
ASK,AAPL,1404,19
BID,BUS,14022,68
ASK,BUS,14019,29
BID,AAPL,14018,7
ASK,AAPL,14014,42
BID,BUS,1401,63
ASK,BUS,14012,76
BID,BUS,1401,83
ASK,BUS,14001,29
BID,BUS,13997,67
ASK,BUS,13999,75
BID,AAPL,13994,24
ASK,AAPL,13996,80
BID,AAPL,13992,44
ASK,AAPL,13996,67
BID,BUS,13992,6
ASK,BUS,1399,19
BID,BUS,13989,34
ASK,BUS,1399,76
BID,BUS,13971,63
ASK,BUS,13972,40
BID,BUS,1397,94
ASK,BUS,13961,14
BID,AAPL,13951,53
ASK,AAPL,13951,9
BID,BUS,1395,34
ASK,BUS,13945,1
BID,AAPL,13925,54
ASK,AAPL,13926,102
BID,BUS,13922,11
ASK,BUS,13922,59
BID,AAPL,13919,61
ASK,AAPL,1392,50
BID,BUS,13917,4
ASK,BUS,13924,30
BID,BUS,13913,38
ASK,BUS,13912,20
BID,BUS,13906,14
ASK,BUS,13904,23
BID,BUS,13898,7
ASK,BUS,13898,84
BID,AAPL,13897,5
ASK,AAPL,13898,47
BID,AAPL,13895,15
ASK,AAPL,13895,85
BID,AAPL,13893,44
ASK,AAPL,13897,38
BID,AAPL,13893,20
ASK,AAPL,13894,35
BID,AAPL,13893,37
ASK,AAPL,13894,38
BID,AAPL,13892,29
ASK,AAPL,13889,37
BID,BUS,13886,78
ASK,BUS,13886,11
BID,MSFT,1388,23
ASK,MSFT,1388,71
BID,BUS,13876,53
ASK,BUS,13878,13
BID,BUS,13872,33
ASK,BUS,13871,40
BID,BUS,13868,71
ASK,BUS,13867,56
BID,BUS,1385,82
ASK,BUS,13844,82
BID,BUS,13842,100
ASK,BUS,13845,16
BID,AAPL,13842,84
ASK,AAPL,1384,49
BID,AAPL,13839,50
ASK,AAPL,13851,15
BID,AAPL,13834,57
ASK,AAPL,1383,59
BID,AAPL,13828,68
ASK,AAPL,13825,82
BID,BUS,13813,10
ASK,BUS,13816,64
BID,AAPL,13812,50
ASK,AAPL,13809,47
BID,AAPL,13788,73
ASK,AAPL,13791,69
BID,BUS,13783,3
ASK,BUS,13786,57
BID,AAPL,13768,68
ASK,AAPL,13763,33
BID,BUS,13759,48
ASK,BUS,13756,78
BID,BUS,13755,63
ASK,BUS,13756,3
BID,BUS,13755,7
ASK,BUS,13751,39
BID,BUS,1375,96
ASK,BUS,13749,27
BID,AAPL,13744,23
ASK,AAPL,13745,92
BID,AAPL,13744,61
ASK,AAPL,1374,37
BID,AAPL,13733,65
ASK,AAPL,13734,96
BID,AAPL,13728,47
ASK,AAPL,13728,61
BID,AAPL,13718,34
ASK,AAPL,13713,20
BID,BUS,13707,89
ASK,BUS,1371,21
BID,AAPL,13707,35
ASK,AAPL,13709,63
BID,BUS,13703,50
ASK,BUS,1370,79
BID,AAPL,13694,102
ASK,AAPL,13694,86
BID,AAPL,13692,9
ASK,AAPL,13691,8
BID,BUS,1369,19
ASK,BUS,13691,52
BID,AAPL,13688,50
ASK,AAPL,13687,31
BID,AAPL,13682,41
ASK,AAPL,13677,16
BID,AAPL,13676,4
ASK,AAPL,13682,101
BID,MSFT,13676,61
ASK,MSFT,13677,35
BID,BUS,13676,77
ASK,BUS,1368,23
BID,AAPL,13672,86
ASK,AAPL,13674,18
BID,BUS,13672,101
ASK,BUS,13669,35
BID,BUS,13668,41
ASK,BUS,13669,60
BID,BUS,1366,55
ASK,BUS,13662,49
BID,AAPL,13658,20
ASK,AAPL,13649,1
BID,AAPL,13635,102
ASK,AAPL,13633,78
BID,BUS,13632,62
ASK,BUS,13637,49
BID,BUS,13631,80
ASK,BUS,13631,34
BID,BUS,13626,30
ASK,BUS,1362,70
BID,AAPL,13601,20
ASK,AAPL,1360,50
BID,AAPL,13595,59
ASK,AAPL,13593,56
BID,AAPL,13588,69
ASK,AAPL,13587,9
BID,MSFT,13558,79
ASK,MSFT,13569,38
BID,AAPL,13544,86
ASK,AAPL,13545,34
BID,AAPL,13542,42
ASK,AAPL,13544,44
BID,MSFT,13541,51
ASK,MSFT,13542,40
BID,AAPL,13541,9
ASK,AAPL,13538,2
BID,AAPL,13537,93
ASK,AAPL,13538,101
BID,AAPL,13537,59
ASK,AAPL,13537,65
BID,AAPL,13535,94
ASK,AAPL,13532,28
BID,AAPL,13529,16
ASK,AAPL,1353,95
BID,BUS,13527,48
ASK,BUS,13542,50
BID,AAPL,1352,12
ASK,AAPL,13521,4
BID,AAPL,13514,13
ASK,AAPL,13513,31
BID,AAPL,1350,11
ASK,AAPL,13499,71
BID,AAPL,13491,44
ASK,AAPL,13493,29
BID,BUS,13489,11
ASK,BUS,13494,81
BID,AAPL,13487,95
ASK,AAPL,13489,90
BID,AAPL,13486,16
ASK,AAPL,13486,10
BID,AAPL,13474,77
ASK,AAPL,13475,66
BID,AAPL,13474,27
ASK,AAPL,13475,69
BID,AAPL,13473,18
ASK,AAPL,13471,50
BID,AAPL,1347,83
ASK,AAPL,13471,14
BID,AAPL,13458,29
ASK,AAPL,13455,42
BID,AAPL,1345,65
ASK,AAPL,1345,11
BID,AAPL,13441,85
ASK,AAPL,13441,40
BID,AAPL,13437,95
ASK,AAPL,13439,81
BID,AAPL,13435,80
ASK,AAPL,13432,80
BID,AAPL,1343,5
ASK,AAPL,13421,87
BID,AAPL,13415,84
ASK,AAPL,13416,65
BID,AAPL,13414,22
ASK,AAPL,13411,87
BID,BUS,1341,85
ASK,BUS,13418,7
BID,BUS,13401,83
ASK,BUS,13399,16
BID,AAPL,13398,17
ASK,AAPL,13398,1
BID,BUS,13397,11
ASK,BUS,13397,78
BID,AAPL,13391,66
ASK,AAPL,13391,1
BID,BUS,13373,5
ASK,BUS,13373,87
BID,AAPL,13372,48
ASK,AAPL,13372,70
BID,AAPL,13371,36
ASK,AAPL,13387,82
BID,BUS,13371,27
ASK,BUS,13372,90
BID,AAPL,13371,4
ASK,AAPL,1337,24
BID,AAPL,1335,84
ASK,AAPL,1335,32
BID,BUS,13349,8
ASK,BUS,13353,62
BID,AAPL,13349,52
ASK,AAPL,13349,11
BID,AAPL,13348,9
ASK,AAPL,13349,36
BID,AAPL,13347,95
ASK,AAPL,1334,67
BID,AAPL,13339,79
ASK,AAPL,13339,45
BID,BUS,13338,75
ASK,BUS,13339,71
BID,BUS,13338,56
ASK,BUS,1334,49
BID,BUS,13337,96
ASK,BUS,13337,63
BID,BUS,13334,51
ASK,BUS,13339,90
BID,BUS,13331,81
ASK,BUS,13331,62
BID,BUS,1333,67
ASK,BUS,13329,57
BID,BUS,1332,9
ASK,BUS,13333,100
BID,AAPL,13317,49
ASK,AAPL,13317,69
BID,AAPL,13316,42
ASK,AAPL,13313,47
BID,AAPL,1331,21
ASK,AAPL,13312,72
BID,AAPL,13306,92
ASK,AAPL,1330,29
BID,BUS,13294,37
ASK,BUS,13295,53
BID,AAPL,13293,95
ASK,AAPL,13287,79
BID,AAPL,13264,78
ASK,AAPL,13261,7
BID,AAPL,13258,98
ASK,AAPL,13261,37
BID,AAPL,13255,67
ASK,AAPL,13256,74
BID,BUS,13248,2
ASK,BUS,1324,92
BID,MMM,13239,59
ASK,MMM,13242,31
BID,AAPL,13238,101
ASK,AAPL,13237,52
BID,MMM,13235,54
ASK,MMM,13235,79
BID,MMM,13234,17
ASK,MMM,13248,60
BID,AAPL,13233,57
ASK,AAPL,1323,73
BID,AAPL,13229,2
ASK,AAPL,1323,68
BID,MMM,13229,84
ASK,MMM,13238,13
BID,AAPL,13227,97
ASK,AAPL,13226,53
BID,BUS,13223,45
ASK,BUS,13223,81
BID,BUS,13222,78
ASK,BUS,13223,96
BID,MMM,13222,72
ASK,MMM,13226,32
BID,BUS,13218,26
ASK,BUS,13227,66
BID,BUS,13218,91
ASK,BUS,13224,21
BID,AAPL,13218,27
ASK,AAPL,13215,97
BID,MMM,13211,90
ASK,MMM,13213,49
BID,MMM,13209,16
ASK,MMM,13211,65
BID,BUS,13209,61
ASK,BUS,13207,5
BID,MMM,13204,2
ASK,MMM,13207,24
BID,MMM,13203,7
ASK,MMM,13205,16
BID,AAPL,13203,1
ASK,AAPL,13199,55
BID,MMM,13198,68
ASK,MMM,13199,40
BID,AAPL,13197,26
ASK,AAPL,1320,25
BID,AAPL,13197,15
ASK,AAPL,1320,18
BID,AAPL,13197,76
ASK,AAPL,13198,26
BID,AAPL,13197,49
ASK,AAPL,13195,42
BID,MMM,13194,51
ASK,MMM,13194,29
BID,MMM,13192,25
ASK,MMM,13197,57
BID,AAPL,13189,98
ASK,AAPL,13189,64
BID,MMM,13188,86
ASK,MMM,13187,79
BID,AAPL,13186,36
ASK,AAPL,13186,78
BID,AAPL,13185,71
ASK,AAPL,13186,70
BID,AAPL,13185,51
ASK,AAPL,13188,101
BID,BUS,13184,33
ASK,BUS,13188,41
BID,AAPL,13184,29
ASK,AAPL,13183,54
BID,AAPL,1318,21
ASK,AAPL,13179,38
BID,MMM,13178,73
ASK,MMM,1318,37
BID,MMM,13177,23
ASK,MMM,13173,32
BID,MMM,13172,54
ASK,MMM,1317,89
BID,MMM,13169,69
ASK,MMM,13161,30
BID,AAPL,13159,64
ASK,AAPL,13158,4
BID,AAPL,13155,73
ASK,AAPL,13158,19
BID,BUS,13155,4
ASK,BUS,13154,54
BID,MMM,13153,101
ASK,MMM,13155,39
BID,AAPL,13152,9
ASK,AAPL,13155,16
BID,MMM,13151,91
ASK,MMM,13152,36
BID,MMM,13151,99
ASK,MMM,13147,44
BID,MMM,13146,19
ASK,MMM,13146,79
BID,MMM,13145,66
ASK,MMM,13141,49
BID,BUS,1314,102
ASK,BUS,13146,11
BID,BUS,1314,33
ASK,BUS,13139,12
BID,MMM,13138,49
ASK,MMM,1314,86
BID,MMM,13137,78
ASK,MMM,13132,53
BID,MMM,13131,82
ASK,MMM,13132,92
BID,BUS,13131,82
ASK,BUS,13129,42
BID,AAPL,13128,5
ASK,AAPL,13126,28
BID,MMM,13125,20
ASK,MMM,13124,63
BID,MMM,13123,23
ASK,MMM,13122,97
BID,AAPL,13121,20
ASK,AAPL,13138,35
BID,MMM,13118,37
ASK,MMM,13127,3
BID,MMM,13117,95
ASK,MMM,13116,23
BID,MMM,13115,70
ASK,MMM,1311,75
BID,AAPL,13109,11
ASK,AAPL,13096,99
BID,AAPL,13095,69
ASK,AAPL,13096,8
BID,MMM,13095,71
ASK,MMM,13101,73
BID,MMM,13095,3
ASK,MMM,13092,86
BID,BUS,13091,91
ASK,BUS,1310,93
BID,AAPL,1309,54
ASK,AAPL,13089,10
BID,MMM,13088,68
ASK,MMM,13087,29
BID,AAPL,13086,69
ASK,AAPL,13086,9
BID,AAPL,13085,85
ASK,AAPL,13085,56
BID,AAPL,13081,96
ASK,AAPL,13075,53
BID,MMM,13074,40
ASK,MMM,13075,74
BID,MMM,13074,23
ASK,MMM,13076,91
BID,MMM,13073,10
ASK,MMM,13072,93
BID,MMM,1307,40
ASK,MMM,13065,99
BID,BUS,13064,4
ASK,BUS,13062,54
BID,BUS,13061,53
ASK,BUS,13084,90
BID,MMM,13052,92
ASK,MMM,13051,89
BID,BUS,1305,79
ASK,BUS,1305,100
BID,AAPL,13049,56
ASK,AAPL,13049,20
BID,BUS,13048,40
ASK,BUS,13049,26
BID,MMM,13048,30
ASK,MMM,13046,85
BID,MMM,13045,90
ASK,MMM,13044,25
BID,MMM,13043,53
ASK,MMM,13043,33
BID,AAPL,13042,39
ASK,AAPL,13042,37
BID,AAPL,1304,96
ASK,AAPL,13038,75
BID,MMM,13035,8
ASK,MMM,13035,4
BID,MMM,13034,54
ASK,MMM,13031,14
BID,MMM,1303,8
ASK,MMM,13031,85
BID,MMM,13029,59
ASK,MMM,13029,39
BID,MMM,13028,7
ASK,MMM,13042,15
BID,MMM,13028,1
ASK,MMM,13031,82
BID,MMM,13024,98
ASK,MMM,13031,32
BID,AAPL,13024,37
ASK,AAPL,13021,29
BID,MMM,13019,86
ASK,MMM,13021,34
BID,MMM,13019,41
ASK,MMM,13021,90
BID,AAPL,13019,19
ASK,AAPL,13019,31
BID,MMM,13018,61
ASK,MMM,13019,63
BID,MMM,13018,23
ASK,MMM,13018,31
BID,AAPL,13017,45
ASK,AAPL,13015,88
BID,MMM,13014,42
ASK,MMM,13014,86
BID,MMM,13013,75
ASK,MMM,13015,48
BID,AAPL,13012,50
ASK,AAPL,13011,9
BID,MMM,1301,90
ASK,MMM,13009,59
BID,MMM,13008,98
ASK,MMM,13008,56
BID,AAPL,13007,91
ASK,AAPL,13007,50
BID,MMM,13004,66
ASK,MMM,13002,78
BID,MMM,12995,102
ASK,MMM,12996,22
BID,AAPL,12994,15
ASK,AAPL,12994,7
BID,AAPL,12991,95
ASK,AAPL,12994,18
BID,MMM,12991,8
ASK,MMM,12991,3
BID,MMM,12989,95
ASK,MMM,12988,47
BID,MMM,12987,87
ASK,MMM,12985,24
BID,AAPL,12984,46
ASK,AAPL,12987,46
BID,MMM,12983,44
ASK,MMM,12989,91
BID,MMM,12982,88
ASK,MMM,1298,11
BID,BUS,12979,4
ASK,BUS,1298,72
BID,MMM,12979,61
ASK,MMM,12978,52
BID,MMM,12977,28
ASK,MMM,12977,48
BID,AAPL,12976,5
ASK,AAPL,12975,61
BID,MMM,12974,78
ASK,MMM,12975,67
BID,AAPL,12974,22
ASK,AAPL,12974,7
BID,AAPL,12973,72
ASK,AAPL,12974,6
BID,MMM,12971,16
ASK,MMM,12969,19
BID,BUS,12968,43
ASK,BUS,12961,89
BID,AAPL,12959,23
ASK,AAPL,1296,8
BID,BUS,12957,15
ASK,BUS,12953,67
BID,AAPL,12952,49
ASK,AAPL,12952,91
BID,MMM,1295,37
ASK,MMM,12947,72
BID,MMM,12946,28
ASK,MMM,12948,62
BID,MMM,12946,101
ASK,MMM,12948,47
BID,MMM,12944,93
ASK,MMM,12949,79
BID,AAPL,12942,28
ASK,AAPL,12941,71
BID,AAPL,1294,11
ASK,AAPL,12934,102
BID,MMM,12932,101
ASK,MMM,12932,7
BID,MMM,12932,47
ASK,MMM,12931,26
BID,MMM,1293,91
ASK,MMM,12925,90
BID,MMM,12924,90
ASK,MMM,12924,6
BID,MMM,12923,73
ASK,MMM,12924,18
BID,MMM,12923,60
ASK,MMM,12916,70
BID,MMM,12913,26
ASK,MMM,12911,14
BID,MMM,1291,88
ASK,MMM,12911,67
BID,BUS,1291,81
ASK,BUS,12904,35
BID,AAPL,12899,24
ASK,AAPL,12898,44
BID,MMM,12896,56
ASK,MMM,12899,30
BID,MMM,12895,76
ASK,MMM,12894,64
BID,AAPL,12893,25
ASK,AAPL,12892,25
BID,BUS,12884,56
ASK,BUS,12885,82
BID,AAPL,12883,93
ASK,AAPL,12883,80
BID,MMM,12876,26
ASK,MMM,12872,66
BID,MMM,12869,98
ASK,MMM,12867,1
BID,AAPL,12866,90
ASK,AAPL,1287,39
BID,MMM,12865,67
ASK,MMM,12863,12
BID,MMM,12862,84
ASK,MMM,12864,32
BID,BUS,12861,11
ASK,BUS,12857,66
BID,BUS,12856,15
ASK,BUS,12852,49
BID,MMM,12851,66
ASK,MMM,12847,80
BID,MMM,12846,98
ASK,MMM,12847,61
BID,MMM,12846,36
ASK,MMM,12846,68
BID,MMM,12845,20
ASK,MMM,12846,56
BID,MMM,12845,74
ASK,MMM,12841,8
BID,AAPL,1284,97
ASK,AAPL,12824,90
BID,MMM,12823,94
ASK,MMM,12819,3
BID,AAPL,12818,17
ASK,AAPL,12817,41
BID,MMM,12815,75
ASK,MMM,12815,86
BID,MMM,12814,19
ASK,MMM,12805,53
BID,MMM,12801,89
ASK,MMM,12796,22
BID,AAPL,12795,33
ASK,AAPL,12795,101
BID,AAPL,12791,99
ASK,AAPL,12792,51
BID,MMM,1279,40
ASK,MMM,12791,89
BID,AAPL,1279,68
ASK,AAPL,1279,101
BID,AAPL,12789,92
ASK,AAPL,12784,67
BID,MMM,12782,21
ASK,MMM,12783,72
BID,AAPL,12782,70
ASK,AAPL,1278,7
BID,MMM,12779,76
ASK,MMM,12779,31
BID,BUS,12778,85
ASK,BUS,12777,34
BID,AAPL,12776,86
ASK,AAPL,12775,95
BID,MMM,12771,27
ASK,MMM,12771,88
BID,MMM,12768,38
ASK,MMM,12761,14
BID,BUS,12757,96
ASK,BUS,12758,45
BID,MMM,12757,28
ASK,MMM,12759,26
BID,MMM,12756,55
ASK,MMM,12755,55
BID,BUS,12754,54
ASK,BUS,12768,73
BID,MMM,1275,17
ASK,MMM,12752,67
BID,BUS,12749,3
ASK,BUS,12748,14
BID,AAPL,12746,42
ASK,AAPL,12745,12
BID,MMM,12743,43
ASK,MMM,12744,11
BID,MMM,1274,37
ASK,MMM,12741,9
BID,MMM,1274,90
ASK,MMM,12738,78
BID,AAPL,12737,99
ASK,AAPL,12736,59
BID,AAPL,12735,78
ASK,AAPL,12732,46
BID,MMM,12731,4
ASK,MMM,12729,16
BID,MMM,12728,5
ASK,MMM,12727,62
BID,MMM,12725,36
ASK,MMM,12732,14
BID,BUS,12723,46
ASK,BUS,12726,73
BID,MMM,12723,19
ASK,MMM,12722,72
BID,MMM,12721,37
ASK,MMM,12726,53
BID,MMM,12718,57
ASK,MMM,12719,42
BID,AAPL,12717,28
ASK,AAPL,12717,78
BID,MMM,12716,97
ASK,MMM,12717,82
BID,MMM,12716,102
ASK,MMM,12722,39
BID,MMM,12716,70
ASK,MMM,12715,72
BID,MMM,12714,25
ASK,MMM,12715,92
BID,MMM,12714,74
ASK,MMM,12713,15
BID,AAPL,12711,12
ASK,AAPL,12711,10
BID,AAPL,1271,97
ASK,AAPL,12708,31
BID,AAPL,12707,62
ASK,AAPL,12708,25
BID,MMM,12707,50
ASK,MMM,12708,32
BID,BUS,12706,23
ASK,BUS,12709,7
BID,MMM,12706,1
ASK,MMM,12706,29
BID,BUS,12705,37
ASK,BUS,12699,58
BID,MMM,12698,11
ASK,MMM,12698,45
BID,AAPL,12697,13
ASK,AAPL,12696,51
BID,MMM,12693,102
ASK,MMM,12694,92
BID,AAPL,12692,100
ASK,AAPL,12686,56
BID,AAPL,12685,50
ASK,AAPL,12687,29
BID,MMM,12685,13
ASK,MMM,12681,3
BID,AAPL,12675,78
ASK,AAPL,12675,67
BID,MMM,12674,70
ASK,MMM,12691,33
BID,AAPL,12674,87
ASK,AAPL,12666,75
BID,MMM,12665,16
ASK,MMM,12666,45
BID,MMM,12665,71
ASK,MMM,12663,87
BID,MMM,1266,19
ASK,MMM,12661,76
BID,MMM,1266,50
ASK,MMM,12662,41
BID,AAPL,12659,1
ASK,AAPL,12668,67
BID,MMM,12658,48
ASK,MMM,12657,67
BID,AAPL,12654,65
ASK,AAPL,12655,29
BID,AAPL,12652,14
ASK,AAPL,1265,96
BID,MMM,12647,22
ASK,MMM,12647,22
BID,MMM,12646,32
ASK,MMM,12645,102
BID,MMM,12644,82
ASK,MMM,12645,7
BID,AAPL,12642,9
ASK,AAPL,12638,77
BID,AAPL,12636,20
ASK,AAPL,12627,55
BID,AAPL,12624,71
ASK,AAPL,12624,5
BID,AAPL,12623,11
ASK,AAPL,12612,18
BID,MMM,12611,101
ASK,MMM,12611,60
BID,AAPL,12609,20
ASK,AAPL,12605,73
BID,BUS,12603,37
ASK,BUS,12602,50
BID,AAPL,12596,60
ASK,AAPL,12595,45
BID,MMM,12592,27
ASK,MMM,12592,4
BID,AAPL,12591,88
ASK,AAPL,12591,76
BID,AAPL,1259,96
ASK,AAPL,12589,28
BID,MMM,12588,67
ASK,MMM,12587,25
BID,AAPL,12586,94
ASK,AAPL,12586,1
BID,AAPL,12585,7
ASK,AAPL,12585,19
BID,MMM,12584,62
ASK,MMM,12585,59
BID,MMM,12584,60
ASK,MMM,12588,18
BID,MMM,12584,79
ASK,MMM,12584,94
BID,MMM,12582,90
ASK,MMM,12584,96
BID,AAPL,1258,90
ASK,AAPL,12582,9
BID,MMM,1258,18
ASK,MMM,12585,82
BID,MMM,12577,58
ASK,MMM,12575,15
BID,MMM,12575,16
ASK,MMM,12567,86
BID,MMM,12566,86
ASK,MMM,12562,43
BID,BUS,12561,80
ASK,BUS,12566,27
BID,AAPL,1256,99
ASK,AAPL,12557,51
BID,MMM,12556,40
ASK,MMM,12553,86
BID,MMM,12551,78
ASK,MMM,1255,71
BID,MMM,1255,15
ASK,MMM,12551,3
BID,MMM,1255,97
ASK,MMM,12548,95
BID,MMM,12547,45
ASK,MMM,1255,54
BID,AAPL,12546,3
ASK,AAPL,12545,59
BID,MMM,12544,76
ASK,MMM,12543,28
BID,BUS,12542,24
ASK,BUS,1254,18
BID,BUS,12539,84
ASK,BUS,12536,8
BID,MMM,12535,1
ASK,MMM,12534,35
BID,AAPL,12533,76
ASK,AAPL,12532,35
BID,MMM,12531,92
ASK,MMM,12534,80
BID,AAPL,12529,26
ASK,AAPL,12532,96
BID,MMM,12529,42
ASK,MMM,12529,18
BID,MMM,12525,7
ASK,MMM,12522,97
BID,BUS,12519,56
ASK,BUS,12525,99
BID,AAPL,12519,5
ASK,AAPL,12517,9
BID,MMM,12516,99
ASK,MMM,12517,4
BID,MMM,12516,100
ASK,MMM,12515,100
BID,MMM,12514,92
ASK,MMM,12515,40
BID,MMM,12514,48
ASK,MMM,12512,11
BID,MMM,12511,67
ASK,MMM,12513,19
BID,MMM,12508,66
ASK,MMM,12509,29
BID,AAPL,12508,99
ASK,AAPL,12509,66
BID,MMM,12507,96
ASK,MMM,12504,11
BID,AAPL,12504,11
ASK,AAPL,12505,70
BID,AAPL,12503,63
ASK,AAPL,12504,62
BID,MMM,12502,69
ASK,MMM,12503,46
BID,AAPL,12502,21
ASK,AAPL,12504,101
BID,MMM,12501,63
ASK,MMM,1250,34
BID,MMM,12499,79
ASK,MMM,1250,89
BID,MMM,12499,10
ASK,MMM,12503,18
BID,MMM,12497,48
ASK,MMM,1250,58
BID,AAPL,12495,89
ASK,AAPL,12495,54
BID,MMM,12494,89
ASK,MMM,12489,34
BID,AAPL,12488,84
ASK,AAPL,12487,100
BID,MMM,12486,8
ASK,MMM,12487,53
BID,MMM,12485,4
ASK,MMM,12485,40
BID,AAPL,12484,22
ASK,AAPL,12483,94
BID,MMM,12483,25
ASK,MMM,12487,1
BID,AAPL,1248,61
ASK,AAPL,12481,87
BID,MMM,12478,11
ASK,MMM,12481,31
BID,MMM,12478,46
ASK,MMM,12482,76
BID,MMM,12476,73
ASK,MMM,1248,6
BID,MMM,12474,67
ASK,MMM,12475,73
BID,AAPL,12473,17
ASK,AAPL,12474,17
BID,AAPL,12471,1
ASK,AAPL,12471,59
BID,MMM,12469,64
ASK,MMM,12474,96
BID,BUS,12468,1
ASK,BUS,12465,63
BID,MMM,12464,1
ASK,MMM,12463,24
BID,AAPL,12462,16
ASK,AAPL,12463,28
BID,AAPL,12461,16
ASK,AAPL,12463,26
BID,MMM,12461,14
ASK,MMM,12458,19
BID,MMM,12457,43
ASK,MMM,12458,49
BID,MMM,12455,98
ASK,MMM,12457,27
BID,MMM,12453,77
ASK,MMM,12457,95
BID,MMM,12452,93
ASK,MMM,1245,25
BID,MMM,12448,28
ASK,MMM,12448,64
BID,MMM,1244,43
ASK,MMM,12438,21
BID,AAPL,12437,94
ASK,AAPL,12437,70
BID,AAPL,12434,37
ASK,AAPL,12435,51
BID,MMM,12433,92
ASK,MMM,12432,11
BID,MMM,12431,50
ASK,MMM,1243,99
BID,AAPL,12429,49
ASK,AAPL,12442,87
BID,AAPL,12429,50
ASK,AAPL,1243,55
BID,MMM,12427,54
ASK,MMM,12427,56
BID,MMM,12426,6
ASK,MMM,1243,3
BID,MMM,12425,89
ASK,MMM,12422,41
BID,MMM,12422,15
ASK,MMM,12421,66
BID,MMM,1242,41
ASK,MMM,12419,40
BID,BUS,12417,59
ASK,BUS,12434,54
BID,MMM,12413,27
ASK,MMM,12413,59
BID,MMM,12412,70
ASK,MMM,12412,26
BID,MMM,12412,89
ASK,MMM,12412,76
BID,BUS,12407,4
ASK,BUS,12412,36
BID,MMM,12407,12
ASK,MMM,12407,89
BID,BUS,12406,93
ASK,BUS,12412,45
BID,MMM,12403,20
ASK,MMM,12401,61
BID,AAPL,1240,57
ASK,AAPL,1240,12
BID,MMM,12399,35
ASK,MMM,1240,22
BID,MMM,12399,15
ASK,MMM,1239,36
BID,MMM,12388,102
ASK,MMM,12387,22
BID,MMM,12385,83
ASK,MMM,12381,97
BID,AAPL,12378,19
ASK,AAPL,1238,39
BID,MMM,12376,80
ASK,MMM,12373,75
BID,MMM,12371,28
ASK,MMM,12362,39
BID,MMM,12357,92
ASK,MMM,12362,80
BID,AAPL,12357,44
ASK,AAPL,12355,54
BID,MMM,1235,49
ASK,MMM,12348,80
BID,MMM,12346,46
ASK,MMM,12347,49
BID,MMM,12346,102
ASK,MMM,12342,4
BID,MMM,12341,13
ASK,MMM,12342,47
BID,AAPL,12341,97
ASK,AAPL,1234,55
BID,MMM,12339,43
ASK,MMM,1234,28
BID,MMM,12332,83
ASK,MMM,12328,60
BID,MMM,12327,25
ASK,MMM,12325,21
BID,AAPL,12325,31
ASK,AAPL,12325,75
BID,MMM,12322,53
ASK,MMM,12319,38
BID,MMM,12318,61
ASK,MMM,12319,63
BID,MMM,12318,14
ASK,MMM,12316,10
BID,BUS,12315,63
ASK,BUS,12323,60
BID,BUS,12315,20
ASK,BUS,12313,60
BID,MMM,12312,14
ASK,MMM,12311,59
BID,AAPL,1231,37
ASK,AAPL,12308,89
BID,MMM,12307,42
ASK,MMM,12308,89
BID,MMM,12307,101
ASK,MMM,12307,78
BID,AAPL,12302,42
ASK,AAPL,1230,63
BID,AAPL,12299,81
ASK,AAPL,1230,99
BID,MMM,12297,42
ASK,MMM,12297,55
BID,AAPL,12296,8
ASK,AAPL,12305,19
BID,MMM,12294,72
ASK,MMM,1229,6
BID,MMM,12289,62
ASK,MMM,12288,70
BID,MMM,12287,1
ASK,MMM,12287,59
BID,AAPL,12286,50
ASK,AAPL,12283,61
BID,MMM,12282,10
ASK,MMM,12279,88
BID,MMM,12278,84
ASK,MMM,12279,29
BID,AAPL,12277,50
ASK,AAPL,12271,11
BID,MMM,1227,55
ASK,MMM,12269,39
BID,MMM,12268,14
ASK,MMM,12269,31
BID,MMM,12267,37
ASK,MMM,12268,29
BID,MMM,12262,40
ASK,MMM,12264,70
BID,AAPL,12257,98
ASK,AAPL,12255,60
BID,AAPL,1225,94
ASK,AAPL,12249,95
BID,MMM,12248,20
ASK,MMM,12256,80
BID,MMM,12248,58
ASK,MMM,12256,40
BID,BUS,12248,91
ASK,BUS,12244,7
BID,MMM,12243,36
ASK,MMM,12246,59
BID,MMM,12242,89
ASK,MMM,12248,41
BID,MMM,1224,75
ASK,MMM,12244,26
BID,MMM,12238,87
ASK,MMM,12238,39
BID,MMM,12236,25
ASK,MMM,12225,22
BID,AAPL,12224,31
ASK,AAPL,12225,17
BID,MMM,12224,90
ASK,MMM,12224,58
BID,MMM,12223,15
ASK,MMM,12223,43
BID,AAPL,12218,6
ASK,AAPL,12219,101
BID,BUS,12217,96
ASK,BUS,12216,54
BID,AAPL,12208,23
ASK,AAPL,12207,10
BID,MMM,12206,96
ASK,MMM,12206,12
BID,BUS,12205,55
ASK,BUS,12204,37
BID,MMM,12199,66
ASK,MMM,12202,52
BID,AAPL,12198,27
ASK,AAPL,12196,19
BID,MMM,12195,95
ASK,MMM,12195,66
BID,MMM,12194,59
ASK,MMM,12192,99
BID,MMM,12191,66
ASK,MMM,12193,10
BID,BUS,1219,68
ASK,BUS,12195,92
BID,MMM,12183,1
ASK,MMM,12184,33
BID,MMM,12182,32
ASK,MMM,12182,42
BID,AAPL,12182,38
ASK,AAPL,12177,74
BID,AAPL,1217,18
ASK,AAPL,12174,99
BID,MMM,12167,48
ASK,MMM,12167,29
BID,MMM,12166,3
ASK,MMM,12158,29
BID,MMM,12157,21
ASK,MMM,12157,99
BID,BUS,12156,1
ASK,BUS,12155,27
BID,MMM,1215,86
ASK,MMM,12147,8
BID,AAPL,12143,97
ASK,AAPL,1214,18
BID,MMM,12139,25
ASK,MMM,1214,33
BID,AAPL,12139,13
ASK,AAPL,12141,35
BID,MMM,12138,10
ASK,MMM,12142,78
BID,AAPL,12137,84
ASK,AAPL,12129,91
BID,BUS,12124,93
ASK,BUS,12122,101
BID,AAPL,12121,7
ASK,AAPL,12128,23
BID,AAPL,1212,4
ASK,AAPL,12121,82
BID,AAPL,1212,2
ASK,AAPL,12109,32
BID,MMM,12108,87
ASK,MMM,1211,67
BID,AAPL,12107,78
ASK,AAPL,12106,7
BID,AAPL,12105,70
ASK,AAPL,12108,14
BID,MMM,12104,81
ASK,MMM,12101,49
BID,MMM,12101,84
ASK,MMM,12103,12
BID,AAPL,12101,100
ASK,AAPL,1210,72
BID,AAPL,12099,82
ASK,AAPL,12094,55
BID,AAPL,12091,95
ASK,AAPL,12091,78
BID,AAPL,1209,74
ASK,AAPL,12091,86
BID,BUS,1209,73
ASK,BUS,12089,43
BID,MMM,12078,83
ASK,MMM,12075,60
BID,AAPL,12075,64
ASK,AAPL,12077,48
BID,MMM,1207,22
ASK,MMM,12073,72
BID,MMM,12066,32
ASK,MMM,12068,26
BID,MMM,12065,75
ASK,MMM,12065,29
BID,AAPL,1206,23
ASK,AAPL,12061,6
BID,MMM,12059,66
ASK,MMM,12066,4
BID,MMM,12059,65
ASK,MMM,12058,31
BID,MMM,12057,50
ASK,MMM,1206,23
BID,AAPL,12055,87
ASK,AAPL,12055,78
BID,MMM,12054,14
ASK,MMM,12048,55
BID,MMM,12047,36
ASK,MMM,12055,68
BID,AAPL,12036,91
ASK,AAPL,12035,37
BID,MMM,12034,53
ASK,MMM,12034,37
BID,MMM,12033,74
ASK,MMM,1203,82
BID,AAPL,12026,95
ASK,AAPL,12025,34
BID,MMM,12022,76
ASK,MMM,12011,72
BID,MMM,1201,4
ASK,MMM,12009,84
BID,AAPL,12009,45
ASK,AAPL,12008,23
BID,MMM,12006,3
ASK,MMM,12007,4
BID,BUS,1200,2
ASK,BUS,1200,79
BID,AAPL,11999,58
ASK,AAPL,11998,1
BID,AAPL,11997,43
ASK,AAPL,11999,48
BID,MMM,11996,29
ASK,MMM,11997,49
BID,MMM,11996,68
ASK,MMM,11996,83
BID,AAPL,11995,19
ASK,AAPL,11987,68
BID,MMM,11985,91
ASK,MMM,11985,102
BID,MMM,11984,30
ASK,MMM,11983,34
BID,MMM,11978,22
ASK,MMM,11979,52
BID,AAPL,11956,17
ASK,AAPL,11951,39
BID,BUS,11949,62
ASK,BUS,1195,82
BID,MMM,11938,39
ASK,MMM,11943,17
BID,AAPL,11937,74
ASK,AAPL,11939,27
BID,AAPL,11926,76
ASK,AAPL,11925,23
BID,AAPL,11924,55
ASK,AAPL,11926,7
BID,AAPL,11911,20
ASK,AAPL,11907,93
BID,AAPL,11902,45
ASK,AAPL,11901,89
BID,AAPL,11898,89
ASK,AAPL,11902,3
BID,AAPL,11872,89
ASK,AAPL,11869,11
BID,AAPL,11868,37
ASK,AAPL,11864,45
BID,MMM,11863,52
ASK,MMM,11852,62
BID,MMM,1185,32
ASK,MMM,11849,45
BID,MMM,11845,39
ASK,MMM,11846,102
BID,MMM,11845,44
ASK,MMM,11842,77
BID,MMM,11841,87
ASK,MMM,11842,49
BID,MMM,1183,73
ASK,MMM,11836,41
BID,AAPL,11822,18
ASK,AAPL,11827,75
BID,AAPL,11804,60
ASK,AAPL,11801,41
BID,MMM,1180,92
ASK,MMM,11798,35
BID,MMM,11785,34
ASK,MMM,11785,87
BID,MMM,11764,101
ASK,MMM,11768,40
BID,AAPL,11753,55
ASK,AAPL,1175,9
BID,MMM,11747,90
ASK,MMM,11753,47
BID,AAPL,11737,76
ASK,AAPL,11733,34
BID,MMM,11732,60
ASK,MMM,1173,10
BID,AAPL,11729,52
ASK,AAPL,11726,51
BID,AAPL,11714,41
ASK,AAPL,11698,29
BID,AAPL,1169,81
ASK,AAPL,11687,30
BID,AAPL,1168,83
ASK,AAPL,1168,2
BID,AAPL,11664,85
ASK,AAPL,1166,102
BID,AAPL,11656,2
ASK,AAPL,11655,43
BID,AAPL,11653,44
ASK,AAPL,11658,18
BID,AAPL,1165,97
ASK,AAPL,1164,66
BID,AAPL,11636,1
ASK,AAPL,11632,39
BID,MMM,11617,83
ASK,MMM,1161,76
BID,AAPL,11603,44
ASK,AAPL,11603,88
BID,AAPL,11602,56
ASK,AAPL,11603,77
BID,AAPL,11602,87
ASK,AAPL,11601,23
BID,AAPL,1160,2
ASK,AAPL,11598,13
BID,MMM,1159,34
ASK,MMM,11594,50
BID,BUS,11589,36
ASK,BUS,11586,35
BID,AAPL,11579,22
ASK,AAPL,11581,88
BID,AAPL,11568,13
ASK,AAPL,11571,46
BID,AAPL,11566,81
ASK,AAPL,11564,61
BID,AAPL,11556,102
ASK,AAPL,11555,45
BID,AAPL,11554,85
ASK,AAPL,11557,64
BID,AAPL,11536,66
ASK,AAPL,11536,60
BID,MMM,11531,18
ASK,MMM,1153,81
BID,AAPL,11526,82
ASK,AAPL,11517,89
BID,MMM,11512,78
ASK,MMM,11516,5
BID,AAPL,11508,21
ASK,AAPL,11507,39
BID,MMM,11505,50
ASK,MMM,11508,92
BID,AAPL,11504,28
ASK,AAPL,11505,91
BID,AAPL,11504,82
ASK,AAPL,11506,59
BID,AAPL,11503,17
ASK,AAPL,11501,58
BID,MMM,11501,45
ASK,MMM,11514,27
BID,AAPL,11501,84
ASK,AAPL,1150,53
BID,MMM,11499,56
ASK,MMM,11499,37
BID,AAPL,11498,31
ASK,AAPL,11498,54
BID,AAPL,11496,11
ASK,AAPL,11494,25
BID,AAPL,11493,3
ASK,AAPL,11495,80
BID,AAPL,11459,40
ASK,AAPL,1146,21
BID,AAPL,11456,38
ASK,AAPL,11461,39
BID,MMM,11414,42
ASK,MMM,1143,37
BID,AAPL,11409,44
ASK,AAPL,11411,41
BID,MMM,11408,97
ASK,MMM,11406,11
BID,AAPL,11397,39
ASK,AAPL,11397,67
BID,MMM,11387,15
ASK,MMM,11387,36
BID,AAPL,11387,94
ASK,AAPL,11388,87
BID,MMM,1138,96
ASK,MMM,11371,61
BID,MMM,1137,22
ASK,MMM,11374,93
BID,AAPL,11348,83
ASK,AAPL,11349,57
BID,AAPL,11315,6
ASK,AAPL,11317,74
BID,MMM,11312,67
ASK,MMM,11314,25
BID,AAPL,11306,1
ASK,AAPL,11306,92
BID,AAPL,11303,61
ASK,AAPL,11303,99
BID,AAPL,11286,85
ASK,AAPL,1129,51
BID,AAPL,11275,19
ASK,AAPL,11275,49
BID,MMM,11248,95
ASK,MMM,11248,60
BID,MMM,11236,92
ASK,MMM,11234,42
BID,MMM,11231,12
ASK,MMM,11234,52
BID,AAPL,11231,46
ASK,AAPL,11229,40
BID,MMM,11216,34
ASK,MMM,11216,96
BID,MMM,11214,41
ASK,MMM,11216,36
BID,AAPL,11213,84
ASK,AAPL,11213,22
BID,AAPL,11203,13
ASK,AAPL,11201,40
BID,MMM,1120,35
ASK,MMM,11199,33
BID,MMM,11187,93
ASK,MMM,11187,44
BID,AAPL,11183,28
ASK,AAPL,11181,12
BID,MMM,1117,8
ASK,MMM,11169,44
BID,MMM,11135,46
ASK,MMM,11139,30
BID,MMM,11133,26
ASK,MMM,11138,100
BID,MMM,11124,8
ASK,MMM,11126,45
BID,MMM,11121,15
ASK,MMM,11122,44
BID,AAPL,11119,66
ASK,AAPL,11124,35
BID,AAPL,11112,101
ASK,AAPL,11111,55
BID,MMM,11107,67
ASK,MMM,11106,56
BID,MMM,11091,49
ASK,MMM,1110,30
BID,MMM,11046,67
ASK,MMM,11044,87
BID,AAPL,11042,46
ASK,AAPL,11038,96
BID,AAPL,11036,60
ASK,AAPL,11036,36
BID,AAPL,11028,14
ASK,AAPL,11015,66
BID,AAPL,11013,102
ASK,AAPL,11009,56
BID,MMM,10998,72
ASK,MMM,10998,102
BID,MMM,10969,81
ASK,MMM,10969,72
BID,AAPL,10968,25
ASK,AAPL,1097,15
BID,MMM,10962,51
ASK,MMM,10953,48
BID,MMM,10953,13
ASK,MMM,10951,56
BID,MMM,1095,59
ASK,MMM,10951,56
BID,AAPL,10943,30
ASK,AAPL,10938,15
BID,MMM,10902,51
ASK,MMM,10902,71
BID,MMM,10899,6
ASK,MMM,10898,52
BID,AAPL,10897,18
ASK,AAPL,10894,72
BID,AAPL,10892,22
ASK,AAPL,10897,97
BID,MMM,10889,28
ASK,MMM,1089,21
BID,MMM,10889,22
ASK,MMM,10883,26
BID,AAPL,10882,70
ASK,AAPL,10877,85
BID,MMM,10874,86
ASK,MMM,10872,4
BID,MMM,10872,62
ASK,MMM,10872,91
BID,MMM,10871,51
ASK,MMM,10871,62
BID,MMM,10856,88
ASK,MMM,10856,11
BID,MMM,10855,37
ASK,MMM,10856,88
BID,MMM,10852,13
ASK,MMM,10854,70
BID,MMM,10851,2
ASK,MMM,10843,27
BID,MMM,10832,94
ASK,MMM,10829,6
BID,MMM,10828,95
ASK,MMM,10829,47
BID,MMM,10828,67
ASK,MMM,10829,89
BID,AAPL,10824,92
ASK,AAPL,10822,93
BID,MMM,10814,90
ASK,MMM,10815,97
BID,MMM,10809,77
ASK,MMM,10805,12
BID,MMM,10796,38
ASK,MMM,10795,20
BID,MMM,10795,54
ASK,MMM,10794,65
BID,MMM,10791,26
ASK,MMM,10793,72
BID,MMM,10789,97
ASK,MMM,10787,5
BID,MMM,10786,89
ASK,MMM,1079,10
BID,MMM,10776,85
ASK,MMM,10778,36
BID,MMM,10767,96
ASK,MMM,10763,66
BID,MMM,10762,35
ASK,MMM,10762,9
BID,MMM,10752,25
ASK,MMM,10751,7
BID,MMM,10747,8
ASK,MMM,10744,25
BID,MMM,10743,21
ASK,MMM,10744,35
BID,MMM,10729,43
ASK,MMM,10729,10
BID,MMM,10723,23
ASK,MMM,10724,30
BID,AAPL,10723,57
ASK,AAPL,10724,61
BID,MMM,10713,29
ASK,MMM,10714,7
BID,MMM,10702,68
ASK,MMM,10704,49
BID,MMM,10702,102
ASK,MMM,10704,33
BID,MMM,10673,68
ASK,MMM,10674,27
BID,AAPL,10673,52
ASK,AAPL,10667,95
BID,MMM,10646,33
ASK,MMM,10645,59
BID,MMM,10639,76
ASK,MMM,10631,55
BID,AAPL,1063,46
ASK,AAPL,10637,88
BID,MMM,10615,82
ASK,MMM,10617,44
BID,MMM,10603,1
ASK,MMM,10605,47
BID,MMM,10601,80
ASK,MMM,10601,98
BID,MMM,10601,73
ASK,MMM,10601,48
BID,MMM,10596,77
ASK,MMM,10592,25
BID,MMM,10584,4
ASK,MMM,10585,62
BID,MMM,10583,35
ASK,MMM,10584,74
BID,MMM,10577,76
ASK,MMM,10576,66
BID,MMM,10559,97
ASK,MMM,10561,63
BID,BUS,10548,80
ASK,BUS,10549,29
BID,MMM,10543,29
ASK,MMM,10544,13
BID,MMM,1054,48
ASK,MMM,1054,10
BID,MMM,10536,41
ASK,MMM,10536,84
BID,MMM,10531,38
ASK,MMM,1053,36
BID,MMM,10529,80
ASK,MMM,1053,82
BID,MMM,10527,16
ASK,MMM,10529,12
BID,MMM,10523,3
ASK,MMM,10523,90
BID,MMM,10521,37
ASK,MMM,1052,101
BID,MMM,10515,66
ASK,MMM,10514,6
BID,MMM,10504,20
ASK,MMM,10504,86
BID,MMM,10494,17
ASK,MMM,10494,92
BID,MMM,10488,35
ASK,MMM,10488,46
BID,MMM,10482,3
ASK,MMM,10484,37
BID,MMM,10475,56
ASK,MMM,10475,52
BID,MMM,10474,78
ASK,MMM,10473,32
BID,MMM,10468,52
ASK,MMM,10466,19
BID,MMM,10462,8
ASK,MMM,10462,66
BID,MMM,10443,45
ASK,MMM,10443,36
BID,MMM,10443,34
ASK,MMM,10442,102
BID,MMM,10441,44
ASK,MMM,10442,26
BID,MMM,10427,55
ASK,MMM,10428,68
BID,MMM,10422,54
ASK,MMM,10424,1
BID,MMM,10421,25
ASK,MMM,10421,72
BID,MMM,10411,88
ASK,MMM,10412,89
BID,MMM,10411,48
ASK,MMM,10409,45
BID,MMM,10401,91
ASK,MMM,10401,52
BID,MMM,10397,93
ASK,MMM,10399,21
BID,MMM,10394,52
ASK,MMM,10391,19
BID,MMM,1039,25
ASK,MMM,10392,67
BID,MMM,10359,11
ASK,MMM,10357,37
BID,MMM,10341,84
ASK,MMM,10341,16
BID,MMM,10331,86
ASK,MMM,10332,90
BID,MMM,10328,24
ASK,MMM,10327,91
BID,MMM,10322,98
ASK,MMM,10322,10
BID,MMM,10321,59
ASK,MMM,10323,94
BID,MMM,1032,65
ASK,MMM,10319,100
BID,MMM,10318,62
ASK,MMM,10319,10
BID,MMM,1030,87
ASK,MMM,10299,93
BID,MMM,10294,101
ASK,MMM,10293,64
BID,MMM,1028,35
ASK,MMM,1028,9
BID,MMM,1028,66
ASK,MMM,10278,44
BID,MMM,10274,13
ASK,MMM,10279,27
BID,MMM,10272,48
ASK,MMM,10273,47
BID,MMM,10268,27
ASK,MMM,10267,22
BID,MMM,10262,73
ASK,MMM,10262,87
BID,MMM,10261,16
ASK,MMM,10258,30
BID,MMM,10253,16
ASK,MMM,10252,88
BID,MMM,10238,64
ASK,MMM,10239,15
BID,MMM,10238,26
ASK,MMM,10235,98
BID,MMM,10229,74
ASK,MMM,10229,69
BID,MMM,10224,66
ASK,MMM,10222,60
BID,MMM,10208,51
ASK,MMM,10209,94
BID,MMM,10207,86
ASK,MMM,10204,35
BID,BUS,1019,79
ASK,BUS,1019,87
BID,MMM,10172,27
ASK,MMM,10173,100
BID,MMM,10171,9
ASK,MMM,10173,67
BID,MMM,1017,40
ASK,MMM,10169,37
BID,MMM,10167,91
ASK,MMM,10167,26
BID,MMM,10165,59
ASK,MMM,10168,99
BID,MMM,10164,73
ASK,MMM,10168,95
BID,MMM,10163,32
ASK,MMM,10163,71
BID,MMM,10163,91
ASK,MMM,10164,18
BID,MMM,10162,66
ASK,MMM,10163,94
BID,MMM,10155,81
ASK,MMM,10154,70
BID,MMM,10151,32
ASK,MMM,10151,46
BID,MMM,10145,80
ASK,MMM,10145,91
BID,MMM,10136,81
ASK,MMM,10135,67
BID,MMM,10133,22
ASK,MMM,10133,27
BID,MMM,10125,23
ASK,MMM,10125,77
BID,MMM,10122,18
ASK,MMM,10122,11
BID,MMM,10112,97
ASK,MMM,10111,91
BID,MMM,10105,85
ASK,MMM,10102,73
BID,MMM,10093,85
ASK,MMM,10093,101
BID,MMM,10087,9
ASK,MMM,10087,20
BID,MMM,10086,65
ASK,MMM,10088,17
BID,MMM,10081,70
ASK,MMM,10082,65
BID,MMM,1008,23
ASK,MMM,10082,48
BID,MMM,1008,6
ASK,MMM,10081,7
BID,MMM,1008,24
ASK,MMM,10081,37
BID,MMM,10071,37
ASK,MMM,10071,90
BID,MMM,10067,63
ASK,MMM,10067,3
BID,MMM,10062,94
ASK,MMM,10062,76
BID,MMM,10061,48
ASK,MMM,10059,49
BID,MMM,10058,91
ASK,MMM,10058,80
BID,MMM,10052,24
ASK,MMM,10052,23
BID,MMM,10051,99
ASK,MMM,10045,22
BID,MMM,10045,58
ASK,MMM,10045,90
BID,MMM,10028,97
ASK,MMM,10028,50
BID,MMM,10026,78
ASK,MMM,10028,19
BID,MMM,10025,96
ASK,MMM,10013,12
BID,MMM,10009,89
ASK,MMM,10007,56
BID,MMM,9979,9
ASK,MMM,9982,77
BID,MMM,9974,48
ASK,MMM,9974,102
BID,MMM,9974,25
ASK,MMM,9972,82
BID,MMM,9969,50
ASK,MMM,9969,100
BID,MMM,9967,71
ASK,MMM,9969,7
BID,MMM,9967,40
ASK,MMM,9964,76
BID,MMM,9953,66
ASK,MMM,9953,55
BID,MMM,9911,36
ASK,MMM,991,18
BID,MMM,9908,31
ASK,MMM,9908,48
BID,MMM,9902,83
ASK,MMM,9903,26
BID,MMM,9899,45
ASK,MMM,9899,91
BID,MMM,9895,70
ASK,MMM,9895,44
BID,MMM,989,88
ASK,MMM,9892,9
BID,MMM,9868,84
ASK,MMM,9868,97
BID,MMM,9861,65
ASK,MMM,9861,77
BID,MMM,9855,21
ASK,MMM,9857,55
BID,MMM,984,50
ASK,MMM,984,75
BID,AAPL,9834,11
ASK,AAPL,9836,88
BID,MMM,9825,34
ASK,MMM,9825,79
BID,MMM,9824,13
ASK,MMM,9824,3
BID,MMM,9823,35
ASK,MMM,9823,14
BID,MMM,9822,59
ASK,MMM,982,75
BID,MMM,9774,82
ASK,MMM,9775,22
BID,AAPL,9773,66
ASK,AAPL,9775,21
BID,BUS,977,45
ASK,BUS,9785,100
BID,MMM,9769,25
ASK,MMM,9768,5
BID,MMM,9761,94
ASK,MMM,9762,32
BID,MMM,9753,81
ASK,MMM,9752,49
BID,MMM,9751,86
ASK,MMM,975,87
BID,MMM,9743,12
ASK,MMM,9742,59
BID,MMM,9741,26
ASK,MMM,9745,32
BID,MMM,974,41
ASK,MMM,974,31
BID,MMM,9735,78
ASK,MMM,9734,45
BID,MMM,9733,96
ASK,MMM,9732,24
BID,AAPL,9728,55
ASK,AAPL,9727,15
BID,MMM,9718,2
ASK,MMM,9716,79
BID,AAPL,9705,61
ASK,AAPL,9705,42
BID,AAPL,970,95
ASK,AAPL,970,57
BID,MMM,9696,86
ASK,MMM,9697,17
BID,MMM,9691,28
ASK,MMM,969,4
BID,MMM,9683,51
ASK,MMM,9685,24
BID,MMM,9667,42
ASK,MMM,9664,56
BID,MMM,9661,20
ASK,MMM,9661,26
BID,AAPL,9658,52
ASK,AAPL,9656,38
BID,MMM,9651,31
ASK,MMM,9652,42
BID,MMM,964,81
ASK,MMM,964,102
BID,MMM,9638,20
ASK,MMM,9636,81
BID,MMM,9635,79
ASK,MMM,9636,68
BID,MMM,9635,31
ASK,MMM,9635,96
BID,MMM,9634,99
ASK,MMM,9634,83
BID,AAPL,963,11
ASK,AAPL,9631,27
BID,AAPL,9622,72
ASK,AAPL,9627,101
BID,MMM,9619,44
ASK,MMM,9619,87
BID,MMM,9618,33
ASK,MMM,9615,40
BID,MMM,9601,76
ASK,MMM,9602,62
BID,MMM,9597,54
ASK,MMM,9597,17
BID,AAPL,959,91
ASK,AAPL,9591,79
BID,AAPL,9567,42
ASK,AAPL,9567,89
BID,MMM,9558,34
ASK,MMM,9557,97
BID,MMM,9555,63
ASK,MMM,9553,6
BID,MMM,9552,19
ASK,MMM,9551,37
BID,MMM,955,93
ASK,MMM,9552,47
BID,MMM,9549,43
ASK,MMM,955,41
BID,AAPL,9546,7
ASK,AAPL,9548,66
BID,MMM,9541,21
ASK,MMM,9541,53
BID,AAPL,9532,69
ASK,AAPL,9535,45
BID,MMM,9523,13
ASK,MMM,9523,96
BID,MMM,9522,46
ASK,MMM,9522,41
BID,MMM,9511,42
ASK,MMM,9506,21
BID,AAPL,9505,11
ASK,AAPL,9507,46
BID,BUS,9501,30
ASK,BUS,9501,85
BID,MMM,9493,23
ASK,MMM,9495,43
BID,AAPL,9479,63
ASK,AAPL,9481,15
BID,MMM,9469,94
ASK,MMM,9464,96
BID,MMM,9457,17
ASK,MMM,9461,45
BID,MMM,9457,5
ASK,MMM,9455,45
BID,MMM,9452,55
ASK,MMM,9453,9
BID,MMM,9448,47
ASK,MMM,9449,18
BID,MMM,9448,1
ASK,MMM,9449,71
BID,MMM,9443,24
ASK,MMM,9444,46
BID,MMM,9443,73
ASK,MMM,9443,102
BID,MMM,9425,2
ASK,MMM,9423,48
BID,MMM,9416,101
ASK,MMM,9416,1
BID,MMM,9409,68
ASK,MMM,9405,40
BID,MMM,9403,12
ASK,MMM,9403,38
BID,MMM,9386,32
ASK,MMM,939,3
BID,SBUX,9385,24
ASK,SBUX,9385,80
BID,SBUX,9384,71
ASK,SBUX,9384,37
BID,SBUX,9382,22
ASK,SBUX,9382,53
BID,SBUX,938,54
ASK,SBUX,9382,81
BID,SBUX,938,58
ASK,SBUX,9382,99
BID,SBUX,9379,68
ASK,SBUX,9382,56
BID,SBUX,9379,41
ASK,SBUX,9377,31
BID,SBUX,9375,90
ASK,SBUX,9375,58
BID,SBUX,9373,50
ASK,SBUX,9374,58
BID,SBUX,937,81
ASK,SBUX,937,96
BID,SBUX,9369,98
ASK,SBUX,9368,79
BID,SBUX,9366,18
ASK,SBUX,9367,6
BID,SBUX,9366,99
ASK,SBUX,9368,92
BID,SBUX,9365,3
ASK,SBUX,9367,54
BID,SBUX,9365,46
ASK,SBUX,9366,43
BID,SBUX,9364,81
ASK,SBUX,9365,68
BID,SBUX,9364,95
ASK,SBUX,9365,87
BID,MMM,9363,90
ASK,MMM,9364,56
BID,SBUX,9362,71
ASK,SBUX,9362,63
BID,SBUX,9361,101
ASK,SBUX,9362,87
BID,SBUX,9354,56
ASK,SBUX,9356,23
BID,SBUX,9354,75
ASK,SBUX,9355,85
BID,MMM,9353,39
ASK,MMM,9353,88
BID,SBUX,9352,50
ASK,SBUX,9355,17
BID,SBUX,9348,44
ASK,SBUX,9349,58
BID,SBUX,9348,21
ASK,SBUX,9348,4
BID,SBUX,9346,7
ASK,SBUX,9348,49
BID,AAPL,9346,68
ASK,AAPL,9347,31
BID,SBUX,9342,41
ASK,SBUX,9344,75
BID,SBUX,9342,35
ASK,SBUX,9338,8
BID,SBUX,9337,83
ASK,SBUX,9336,54
BID,SBUX,9335,9
ASK,SBUX,9337,43
BID,SBUX,9334,99
ASK,SBUX,9337,40
BID,SBUX,9334,55
ASK,SBUX,9335,42
BID,SBUX,9334,3
ASK,SBUX,9334,52
BID,SBUX,9333,89
ASK,SBUX,9331,87
BID,SBUX,933,33
ASK,SBUX,933,54
BID,AAPL,9329,88
ASK,AAPL,9327,61
BID,SBUX,9323,14
ASK,SBUX,9324,40
BID,SBUX,9323,12
ASK,SBUX,9324,71
BID,SBUX,9323,36
ASK,SBUX,9324,89
BID,SBUX,9323,8
ASK,SBUX,9324,2
BID,MMM,9323,44
ASK,MMM,9321,72
BID,SBUX,9319,53
ASK,SBUX,932,2
BID,SBUX,9319,84
ASK,SBUX,9319,79
BID,MMM,9318,64
ASK,MMM,9318,47
BID,SBUX,9317,8
ASK,SBUX,9318,84
BID,SBUX,9317,37
ASK,SBUX,9317,99
BID,AAPL,9316,52
ASK,AAPL,9317,50
BID,MMM,9316,46
ASK,MMM,9317,27
BID,SBUX,9314,21
ASK,SBUX,9315,34
BID,SBUX,9313,69
ASK,SBUX,9314,72
BID,SBUX,9313,53
ASK,SBUX,9314,20
BID,SBUX,9312,15
ASK,SBUX,9312,68
BID,SBUX,9311,7
ASK,SBUX,931,82
BID,SBUX,9309,15
ASK,SBUX,9311,32
BID,SBUX,9309,94
ASK,SBUX,9309,85
BID,SBUX,9307,54
ASK,SBUX,9308,86
BID,SBUX,9306,52
ASK,SBUX,9308,86
BID,SBUX,9306,36
ASK,SBUX,9306,78
BID,SBUX,9305,53
ASK,SBUX,9307,9
BID,SBUX,9305,28
ASK,SBUX,9305,17
BID,SBUX,9303,30
ASK,SBUX,9304,72
BID,SBUX,9303,100
ASK,SBUX,9305,67
BID,MMM,9303,12
ASK,MMM,9303,99
BID,SBUX,9302,39
ASK,SBUX,9302,38
BID,SBUX,930,100
ASK,SBUX,930,44
BID,SBUX,9299,77
ASK,SBUX,930,66
BID,SBUX,9299,23
ASK,SBUX,930,27
BID,SBUX,9299,33
ASK,SBUX,930,29
BID,SBUX,9298,40
ASK,SBUX,9299,88
BID,MMM,9297,29
ASK,MMM,9297,90
BID,MMM,9296,79
ASK,MMM,9296,46
BID,SBUX,9295,41
ASK,SBUX,9295,15
BID,SBUX,9294,54
ASK,SBUX,9295,2
BID,MMM,9293,44
ASK,MMM,9292,80
BID,AAPL,9291,53
ASK,AAPL,9287,37
BID,MMM,9286,15
ASK,MMM,9287,79
BID,SBUX,9284,17
ASK,SBUX,9286,28
BID,SBUX,9284,26
ASK,SBUX,9285,30
BID,SBUX,9283,40
ASK,SBUX,9281,34
BID,SBUX,9276,87
ASK,SBUX,9278,83
BID,SBUX,9276,4
ASK,SBUX,9276,75
BID,SBUX,9274,83
ASK,SBUX,9275,37
BID,SBUX,9274,68
ASK,SBUX,9275,51
BID,SBUX,9274,85
ASK,SBUX,9274,4
BID,SBUX,9273,64
ASK,SBUX,9271,32
BID,SBUX,927,15
ASK,SBUX,9271,96
BID,SBUX,927,12
ASK,SBUX,927,27
BID,SBUX,9269,32
ASK,SBUX,927,71
BID,SBUX,9269,10
ASK,SBUX,9267,99
BID,SBUX,9266,96
ASK,SBUX,9267,58
BID,SBUX,9262,58
ASK,SBUX,9265,67
BID,SBUX,9262,65
ASK,SBUX,9264,57
BID,MMM,9262,58
ASK,MMM,9262,42
BID,SBUX,9261,8
ASK,SBUX,9262,56
BID,AAPL,9261,28
ASK,AAPL,9262,82
BID,SBUX,926,84
ASK,SBUX,9262,43
BID,SBUX,926,57
ASK,SBUX,9262,10
BID,MMM,926,94
ASK,MMM,926,43
BID,SBUX,9259,1
ASK,SBUX,9261,4
BID,SBUX,9259,3
ASK,SBUX,926,8
BID,MMM,9258,21
ASK,MMM,9259,8
BID,SBUX,9257,76
ASK,SBUX,9258,37
BID,SBUX,9257,89
ASK,SBUX,9255,96
BID,SBUX,9254,86
ASK,SBUX,9257,4
BID,SBUX,9254,88
ASK,SBUX,9254,60
BID,SBUX,9252,8
ASK,SBUX,9253,33
BID,SBUX,9252,55
ASK,SBUX,9252,82
BID,SBUX,925,84
ASK,SBUX,925,9
BID,SBUX,9248,90
ASK,SBUX,9248,8
BID,SBUX,9247,13
ASK,SBUX,9246,95
BID,MMM,9245,35
ASK,MMM,925,76
BID,SBUX,9245,87
ASK,SBUX,9244,13
BID,MMM,9243,94
ASK,MMM,9244,7
BID,SBUX,9243,20
ASK,SBUX,9242,2
BID,SBUX,924,99
ASK,SBUX,9237,33
BID,MMM,9236,50
ASK,MMM,9236,24
BID,SBUX,9235,95
ASK,SBUX,9235,84
BID,SBUX,9233,91
ASK,SBUX,9233,28
BID,SBUX,9231,59
ASK,SBUX,9231,81
BID,SBUX,923,57
ASK,SBUX,9228,2
BID,SBUX,9227,2
ASK,SBUX,9227,99
BID,SBUX,9226,60
ASK,SBUX,9227,76
BID,SBUX,9225,10
ASK,SBUX,9227,86
BID,SBUX,9225,18
ASK,SBUX,9223,84
BID,SBUX,9222,89
ASK,SBUX,9224,31
BID,SBUX,9222,32
ASK,SBUX,9222,6
BID,MMM,9221,69
ASK,MMM,9218,53
BID,SBUX,9217,68
ASK,SBUX,9219,97
BID,SBUX,9217,4
ASK,SBUX,9216,15
BID,MMM,9215,20
ASK,MMM,9217,6
BID,SBUX,9214,47
ASK,SBUX,9214,40
BID,SBUX,9213,96
ASK,SBUX,9213,41
BID,SBUX,9211,94
ASK,SBUX,9209,61
BID,SBUX,9208,56
ASK,SBUX,9208,80
BID,SBUX,9207,30
ASK,SBUX,9204,85
BID,SBUX,9203,28
ASK,SBUX,9203,98
BID,SBUX,9202,43
ASK,SBUX,9202,25
BID,SBUX,920,54
ASK,SBUX,920,32
BID,MMM,9199,17
ASK,MMM,9199,56
BID,MMM,9199,17
ASK,MMM,9198,23
BID,SBUX,9197,26
ASK,SBUX,9199,54
BID,SBUX,9197,97
ASK,SBUX,9198,49
BID,SBUX,9197,74
ASK,SBUX,9198,5
BID,SBUX,9197,18
ASK,SBUX,9197,35
BID,SBUX,9196,66
ASK,SBUX,9196,29
BID,MMM,9195,41
ASK,MMM,9197,9
BID,MMM,9194,75
ASK,MMM,9194,100
BID,SBUX,9194,81
ASK,SBUX,9194,80
BID,MMM,9192,88
ASK,MMM,9189,23
BID,SBUX,9187,22
ASK,SBUX,9189,15
BID,SBUX,9187,60
ASK,SBUX,9186,13
BID,SBUX,9184,29
ASK,SBUX,9185,23
BID,MMM,9184,100
ASK,MMM,9183,57
BID,MMM,9183,101
ASK,MMM,9183,75
BID,SBUX,9182,94
ASK,SBUX,9178,90
BID,SBUX,9176,86
ASK,SBUX,918,81
BID,SBUX,9176,50
ASK,SBUX,9176,7
BID,MMM,9172,84
ASK,MMM,9172,7
BID,SBUX,9171,7
ASK,SBUX,917,17
BID,SBUX,9169,40
ASK,SBUX,917,37
BID,SBUX,9166,87
ASK,SBUX,9167,51
BID,SBUX,9166,58
ASK,SBUX,9166,88
BID,SBUX,9165,24
ASK,SBUX,9165,19
BID,SBUX,9164,83
ASK,SBUX,9163,37
BID,SBUX,9162,2
ASK,SBUX,916,84
BID,SBUX,9159,9
ASK,SBUX,916,55
BID,AAPL,9159,71
ASK,AAPL,9161,31
BID,SBUX,9158,94
ASK,SBUX,9158,99
BID,SBUX,9157,20
ASK,SBUX,9158,35
BID,SBUX,9154,4
ASK,SBUX,9157,29
BID,SBUX,9154,42
ASK,SBUX,9154,50
BID,SBUX,9152,22
ASK,SBUX,9154,60
BID,SBUX,9152,88
ASK,SBUX,9153,7
BID,SBUX,9151,75
ASK,SBUX,9152,44
BID,SBUX,915,48
ASK,SBUX,915,47
BID,SBUX,9149,7
ASK,SBUX,9149,66
BID,MMM,9148,69
ASK,MMM,9147,58
BID,SBUX,9145,11
ASK,SBUX,9146,81
BID,MMM,9144,26
ASK,MMM,9143,41
BID,SBUX,9142,14
ASK,SBUX,9143,78
BID,MMM,9142,6
ASK,MMM,914,25
BID,MMM,9138,37
ASK,MMM,914,49
BID,MMM,9138,26
ASK,MMM,9135,14
BID,SBUX,9134,29
ASK,SBUX,9135,84
BID,SBUX,9134,80
ASK,SBUX,9135,50
BID,MMM,9134,51
ASK,MMM,9133,98
BID,SBUX,913,30
ASK,SBUX,9131,18
BID,SBUX,913,69
ASK,SBUX,9133,60
BID,MMM,913,17
ASK,MMM,913,71
BID,SBUX,9129,16
ASK,SBUX,9128,78
BID,SBUX,9127,61
ASK,SBUX,9129,57
BID,SBUX,9125,74
ASK,SBUX,9129,62
BID,SBUX,9125,58
ASK,SBUX,9125,13
BID,SBUX,9124,4
ASK,SBUX,9124,55
BID,SBUX,9123,67
ASK,SBUX,9123,27
BID,AAPL,9122,69
ASK,AAPL,9122,8
BID,MMM,9121,36
ASK,MMM,912,15
BID,SBUX,9118,13
ASK,SBUX,9117,43
BID,SBUX,9116,77
ASK,SBUX,9116,16
BID,AAPL,9115,77
ASK,AAPL,9115,35
BID,SBUX,9115,43
ASK,SBUX,9116,92
BID,SBUX,9114,14
ASK,SBUX,9116,84
BID,SBUX,9113,77
ASK,SBUX,9113,50
BID,SBUX,9112,68
ASK,SBUX,9113,18
BID,MMM,9112,96
ASK,MMM,9109,27
BID,MMM,9108,90
ASK,MMM,9109,85
BID,SBUX,9108,22
ASK,SBUX,911,63
BID,MMM,9108,40
ASK,MMM,9108,82
BID,SBUX,9107,26
ASK,SBUX,9108,59
BID,SBUX,9107,55
ASK,SBUX,9106,85
BID,SBUX,9105,42
ASK,SBUX,9107,80
BID,MMM,9105,72
ASK,MMM,9106,68
BID,MMM,9105,8
ASK,MMM,9104,63
BID,SBUX,9103,13
ASK,SBUX,9106,12
BID,AAPL,9103,2
ASK,AAPL,9103,77
BID,AAPL,9103,14
ASK,AAPL,9103,91
BID,MMM,9103,50
ASK,MMM,9103,4
BID,MMM,9102,61
ASK,MMM,9103,1
BID,MMM,9102,41
ASK,MMM,9105,20
BID,AAPL,9101,30
ASK,AAPL,9102,30
BID,MMM,910,42
ASK,MMM,910,3
BID,SBUX,9099,38
ASK,SBUX,910,69
BID,SBUX,9099,69
ASK,SBUX,9101,95
BID,SBUX,9099,13
ASK,SBUX,910,9
BID,SBUX,9099,6
ASK,SBUX,910,33
BID,SBUX,9097,37
ASK,SBUX,9095,51
BID,SBUX,9094,28
ASK,SBUX,9095,79
BID,MMM,9093,58
ASK,MMM,9093,31
BID,MMM,9092,88
ASK,MMM,9096,29
BID,SBUX,9079,27
ASK,SBUX,908,19
BID,MMM,9079,21
ASK,MMM,9079,25
BID,SBUX,9077,45
ASK,SBUX,9079,11
BID,SBUX,9077,33
ASK,SBUX,908,69
BID,SBUX,9075,65
ASK,SBUX,9071,16
BID,SBUX,907,23
ASK,SBUX,9071,19
BID,MMM,9068,70
ASK,MMM,9068,79
BID,SBUX,9067,49
ASK,SBUX,9068,33
BID,SBUX,9067,32
ASK,SBUX,9065,63
BID,SBUX,9064,67
ASK,SBUX,9062,50
BID,SBUX,9058,90
ASK,SBUX,906,17
BID,SBUX,9058,62
ASK,SBUX,906,15
BID,SBUX,9056,32
ASK,SBUX,9056,97
BID,MMM,9054,12
ASK,MMM,9053,74
BID,MMM,9052,13
ASK,MMM,9054,14
BID,MMM,9052,15
ASK,MMM,9055,21
BID,SBUX,9051,24
ASK,SBUX,9052,21
BID,AAPL,9051,77
ASK,AAPL,905,56
BID,MMM,9049,31
ASK,MMM,9051,33
BID,SBUX,9048,83
ASK,SBUX,9049,25
BID,SBUX,9042,10
ASK,SBUX,9042,34
BID,MMM,9039,15
ASK,MMM,9039,77
BID,MMM,9038,94
ASK,MMM,9039,50
BID,MMM,9038,27
ASK,MMM,9039,40
BID,SBUX,9038,60
ASK,SBUX,9039,73
BID,SBUX,9038,95
ASK,SBUX,9042,20
BID,SBUX,9038,102
ASK,SBUX,9042,89
BID,MMM,9038,33
ASK,MMM,904,95
BID,MMM,9037,54
ASK,MMM,9032,44
BID,MMM,9031,81
ASK,MMM,9024,55
BID,SBUX,9023,31
ASK,SBUX,9022,100
BID,MMM,9019,43
ASK,MMM,902,96
BID,SBUX,9016,95
ASK,SBUX,9017,35
BID,SBUX,9015,37
ASK,SBUX,9016,51
BID,SBUX,9015,71
ASK,SBUX,9015,55
BID,SBUX,9014,6
ASK,SBUX,9015,85
BID,SBUX,9014,29
ASK,SBUX,9014,60
BID,MMM,9013,53
ASK,MMM,9013,41
BID,MMM,9012,61
ASK,MMM,9015,52
BID,SBUX,9012,94
ASK,SBUX,9013,10
BID,MMM,9012,55
ASK,MMM,9014,56
BID,MMM,9011,98
ASK,MMM,901,75
BID,SBUX,9006,87
ASK,SBUX,9006,27
BID,SBUX,9003,65
ASK,SBUX,9005,65
BID,SBUX,9003,16
ASK,SBUX,9002,25
BID,MMM,900,17
ASK,MMM,900,73
BID,AAPL,8999,61
ASK,AAPL,9002,24
BID,SBUX,8997,83
ASK,SBUX,8997,11
BID,SBUX,8996,73
ASK,SBUX,8993,59
BID,SBUX,8992,96
ASK,SBUX,8991,42
BID,SBUX,899,20
ASK,SBUX,8991,82
BID,SBUX,899,63
ASK,SBUX,8991,46
BID,MMM,899,37
ASK,MMM,8994,33
BID,SBUX,8985,24
ASK,SBUX,898,17
BID,SBUX,8977,43
ASK,SBUX,8978,73
BID,SBUX,8977,84
ASK,SBUX,8978,57
BID,AAPL,8973,47
ASK,AAPL,8973,79
BID,SBUX,8968,80
ASK,SBUX,8972,102
BID,SBUX,8966,52
ASK,SBUX,897,2
BID,SBUX,8966,45
ASK,SBUX,8966,83
BID,MMM,8964,51
ASK,MMM,8962,79
BID,MMM,896,76
ASK,MMM,896,12
BID,MMM,8959,35
ASK,MMM,896,41
BID,SBUX,8959,60
ASK,SBUX,8958,43
BID,MMM,8957,30
ASK,MMM,8954,65
BID,SBUX,8954,77
ASK,SBUX,8954,24
BID,SBUX,8952,66
ASK,SBUX,8959,46
BID,SBUX,8951,58
ASK,SBUX,8951,91
BID,SBUX,895,46
ASK,SBUX,8948,22
BID,MMM,8947,95
ASK,MMM,8948,29
BID,SBUX,8946,69
ASK,SBUX,8947,81
BID,SBUX,8946,20
ASK,SBUX,8946,66
BID,MMM,8944,3
ASK,MMM,8942,92
BID,MMM,8941,102
ASK,MMM,8942,20
BID,SBUX,8941,67
ASK,SBUX,8943,91
BID,SBUX,8941,47
ASK,SBUX,894,21
BID,SBUX,8939,66
ASK,SBUX,8938,43
BID,SBUX,8937,20
ASK,SBUX,8937,98
BID,SBUX,8935,9
ASK,SBUX,8935,48
BID,SBUX,8934,54
ASK,SBUX,8936,51
BID,MMM,8934,101
ASK,MMM,8934,1
BID,MMM,8934,75
ASK,MMM,8934,85
BID,SBUX,8933,100
ASK,SBUX,8933,98
BID,SBUX,8931,84
ASK,SBUX,8933,58
BID,SBUX,8931,12
ASK,SBUX,893,84
BID,SBUX,8929,71
ASK,SBUX,893,11
BID,MMM,8929,83
ASK,MMM,8928,87
BID,MMM,8927,85
ASK,MMM,8928,26
BID,SBUX,8924,12
ASK,SBUX,8924,74
BID,MMM,8923,4
ASK,MMM,8919,27
BID,SBUX,8918,28
ASK,SBUX,8917,73
BID,SBUX,8916,20
ASK,SBUX,8917,78
BID,SBUX,8916,94
ASK,SBUX,8908,56
BID,SBUX,8907,42
ASK,SBUX,890,91
BID,MMM,8899,88
ASK,MMM,8899,37
BID,SBUX,8898,53
ASK,SBUX,8898,102
BID,MMM,8896,38
ASK,MMM,8896,74
BID,SBUX,8895,2
ASK,SBUX,8892,74
BID,MMM,8891,1
ASK,MMM,889,23
BID,MMM,8889,93
ASK,MMM,889,30
BID,SBUX,8889,2
ASK,SBUX,889,75
BID,SBUX,8889,75
ASK,SBUX,8888,4
BID,MMM,8887,71
ASK,MMM,8886,38
BID,MMM,8885,47
ASK,MMM,8885,15
BID,SBUX,8884,64
ASK,SBUX,8884,93
BID,SBUX,8883,31
ASK,SBUX,8884,42
BID,MMM,8882,39
ASK,MMM,8883,23
BID,MMM,8882,76
ASK,MMM,8882,91
BID,MMM,8877,55
ASK,MMM,8877,81
BID,SBUX,8877,89
ASK,SBUX,8877,11
BID,SBUX,8876,97
ASK,SBUX,8877,29
BID,SBUX,8876,19
ASK,SBUX,8874,48
BID,SBUX,8873,33
ASK,SBUX,8877,34
BID,SBUX,8873,58
ASK,SBUX,8872,40
BID,MMM,8871,99
ASK,MMM,8872,12
BID,MMM,8871,10
ASK,MMM,8871,87
BID,SBUX,887,37
ASK,SBUX,887,36
BID,MMM,8865,7
ASK,MMM,8866,98
BID,MMM,8865,4
ASK,MMM,8866,101
BID,SBUX,8865,18
ASK,SBUX,8867,34
BID,SBUX,8863,66
ASK,SBUX,8863,62
BID,MMM,8861,45
ASK,MMM,886,35
BID,SBUX,8859,100
ASK,SBUX,886,68
BID,SBUX,8859,98
ASK,SBUX,8859,96
BID,SBUX,8858,97
ASK,SBUX,8857,70
BID,SBUX,8856,56
ASK,SBUX,8856,46
BID,SBUX,8855,91
ASK,SBUX,8856,27
BID,SBUX,8855,47
ASK,SBUX,8854,71
BID,SBUX,8853,3
ASK,SBUX,8853,43
BID,SBUX,8851,64
ASK,SBUX,8852,101
BID,MMM,885,35
ASK,MMM,8852,34
BID,SBUX,8849,96
ASK,SBUX,8851,65
BID,MMM,8849,65
ASK,MMM,8849,52
BID,SBUX,8848,27
ASK,SBUX,8847,5
BID,SBUX,8846,80
ASK,SBUX,8845,101
BID,MMM,8843,58
ASK,MMM,8842,46
BID,AAPL,8842,77
ASK,AAPL,8848,1
BID,SBUX,8841,59
ASK,SBUX,8839,59
BID,SBUX,8838,47
ASK,SBUX,8839,99
BID,SBUX,8837,24
ASK,SBUX,884,23
BID,SBUX,8837,95
ASK,SBUX,8839,37
BID,SBUX,8837,46
ASK,SBUX,8837,71
BID,SBUX,8836,81
ASK,SBUX,8837,82
BID,SBUX,8835,21
ASK,SBUX,8835,36
BID,SBUX,8834,79
ASK,SBUX,8835,83
BID,SBUX,8834,94
ASK,SBUX,8835,85
BID,SBUX,8834,79
ASK,SBUX,8832,54
BID,SBUX,8831,66
ASK,SBUX,883,37
BID,SBUX,8829,84
ASK,SBUX,883,24
BID,MMM,8827,66
ASK,MMM,8827,10
BID,SBUX,8826,93
ASK,SBUX,8827,2
BID,SBUX,8825,11
ASK,SBUX,8826,49
BID,MMM,8825,16
ASK,MMM,8826,39
BID,SBUX,8825,53
ASK,SBUX,8825,43
BID,MMM,8823,41
ASK,MMM,8823,97
BID,MMM,8822,54
ASK,MMM,8821,17
BID,SBUX,8821,77
ASK,SBUX,8821,78
BID,SBUX,8819,27
ASK,SBUX,8821,60
BID,SBUX,8819,36
ASK,SBUX,8819,70
BID,SBUX,8818,87
ASK,SBUX,8819,71
BID,AAPL,8818,31
ASK,AAPL,8821,43
BID,SBUX,8817,23
ASK,SBUX,8813,87
BID,SBUX,8811,89
ASK,SBUX,8813,5
BID,SBUX,8811,48
ASK,SBUX,881,51
BID,MMM,8807,9
ASK,MMM,8808,13
BID,AAPL,8806,79
ASK,AAPL,8807,24
BID,SBUX,8803,85
ASK,SBUX,8803,5
BID,MMM,880,11
ASK,MMM,880,6
BID,SBUX,8799,5
ASK,SBUX,880,35
BID,MMM,8798,14
ASK,MMM,8801,100
BID,SBUX,8796,61
ASK,SBUX,8793,71
BID,AAPL,879,73
ASK,AAPL,879,72
BID,SBUX,879,1
ASK,SBUX,879,74
BID,SBUX,8789,91
ASK,SBUX,8788,56
BID,SBUX,8787,57
ASK,SBUX,8787,66
BID,MMM,8786,71
ASK,MMM,8786,97
BID,SBUX,8785,72
ASK,SBUX,8785,72
BID,MMM,8784,3
ASK,MMM,8786,62
BID,SBUX,8783,63
ASK,SBUX,8784,49
BID,AAPL,8783,21
ASK,AAPL,8781,48
BID,MMM,8781,54
ASK,MMM,8781,101
BID,SBUX,8778,39
ASK,SBUX,8772,1
BID,MMM,8771,16
ASK,MMM,8767,43
BID,SBUX,8766,58
ASK,SBUX,8768,2
BID,SBUX,8766,12
ASK,SBUX,8765,28
BID,SBUX,8764,100
ASK,SBUX,8767,49
BID,SBUX,8764,22
ASK,SBUX,8761,77
BID,SBUX,876,60
ASK,SBUX,8762,12
BID,SBUX,8759,67
ASK,SBUX,876,47
BID,MMM,8759,38
ASK,MMM,876,66
BID,MMM,8759,87
ASK,MMM,876,46
BID,SBUX,8759,32
ASK,SBUX,8757,95
BID,SBUX,8755,81
ASK,SBUX,8755,101
BID,SBUX,8754,53
ASK,SBUX,8756,94
BID,SBUX,875,88
ASK,SBUX,8752,43
BID,MMM,875,42
ASK,MMM,8748,36
BID,SBUX,8746,94
ASK,SBUX,8746,38
BID,MMM,8744,40
ASK,MMM,8745,82
BID,MMM,8743,77
ASK,MMM,8742,99
BID,SBUX,8741,11
ASK,SBUX,8742,87
BID,SBUX,8741,66
ASK,SBUX,8743,7
BID,SBUX,874,54
ASK,SBUX,8742,24
BID,MMM,874,85
ASK,MMM,874,37
BID,MMM,874,60
ASK,MMM,874,52
BID,MMM,874,34
ASK,MMM,874,87
BID,AAPL,874,102
ASK,AAPL,8738,75
BID,MMM,8738,65
ASK,MMM,8736,27
BID,SBUX,8735,31
ASK,SBUX,8736,54
BID,MMM,8733,69
ASK,MMM,8735,35
BID,MMM,8733,71
ASK,MMM,8732,13
BID,SBUX,8731,29
ASK,SBUX,8729,13
BID,SBUX,8728,38
ASK,SBUX,8728,89
BID,SBUX,8727,53
ASK,SBUX,8728,60
BID,MMM,8727,98
ASK,MMM,8727,15
BID,SBUX,8726,8
ASK,SBUX,8726,99
BID,SBUX,8725,42
ASK,SBUX,8725,75
BID,MMM,8724,102
ASK,MMM,8725,85
BID,MMM,8723,79
ASK,MMM,8722,70
BID,MMM,8721,12
ASK,MMM,8721,83
BID,SBUX,872,28
ASK,SBUX,8722,30
BID,MMM,872,9
ASK,MMM,872,32
BID,SBUX,8719,76
ASK,SBUX,872,96
BID,SBUX,8719,15
ASK,SBUX,8721,102
BID,MMM,8718,77
ASK,MMM,8717,37
BID,SBUX,8716,60
ASK,SBUX,8718,15
BID,MMM,8716,60
ASK,MMM,8715,40
BID,SBUX,8713,89
ASK,SBUX,8713,27
BID,SBUX,8712,77
ASK,SBUX,8713,45
BID,MMM,8712,11
ASK,MMM,8713,62
BID,SBUX,8711,54
ASK,SBUX,8713,98
BID,SBUX,8711,74
ASK,SBUX,8711,79
BID,SBUX,871,26
ASK,SBUX,8711,72
BID,SBUX,871,67
ASK,SBUX,8711,5
BID,SBUX,8709,97
ASK,SBUX,871,15
BID,SBUX,8708,20
ASK,SBUX,8709,10
BID,MMM,8708,84
ASK,MMM,8707,40
BID,SBUX,8706,82
ASK,SBUX,8706,88
BID,SBUX,8705,98
ASK,SBUX,8705,68
BID,SBUX,8703,95
ASK,SBUX,8704,33
BID,MMM,8703,40
ASK,MMM,8704,62
BID,MMM,8703,5
ASK,MMM,8702,67
BID,MMM,8701,28
ASK,MMM,8701,57
BID,SBUX,870,65
ASK,SBUX,870,44
BID,SBUX,8699,37
ASK,SBUX,8701,38
BID,SBUX,8699,22
ASK,SBUX,8702,6
BID,SBUX,8697,56
ASK,SBUX,8702,12
BID,SBUX,8695,40
ASK,SBUX,8692,50
BID,SBUX,8688,24
ASK,SBUX,8688,76
BID,MMM,8687,56
ASK,MMM,8687,55
BID,SBUX,8686,74
ASK,SBUX,8689,79
BID,SBUX,8686,41
ASK,SBUX,8687,62
BID,SBUX,8686,35
ASK,SBUX,8687,76
BID,SBUX,8686,5
ASK,SBUX,8688,64
BID,SBUX,8685,40
ASK,SBUX,8685,67
BID,MMM,8683,16
ASK,MMM,8682,57
BID,SBUX,8681,32
ASK,SBUX,8681,30
BID,SBUX,868,16
ASK,SBUX,868,72
BID,SBUX,8677,13
ASK,SBUX,8679,55
BID,SBUX,8675,64
ASK,SBUX,8677,16
BID,SBUX,8674,31
ASK,SBUX,8675,20
BID,SBUX,8674,35
ASK,SBUX,8677,97
BID,SBUX,8673,75
ASK,SBUX,8674,76
BID,SBUX,8673,39
ASK,SBUX,8671,43
BID,SBUX,867,1
ASK,SBUX,8671,64
BID,MMM,867,13
ASK,MMM,8671,44
BID,MMM,8668,76
ASK,MMM,8671,93
BID,SBUX,8668,20
ASK,SBUX,8671,67
BID,SBUX,8668,29
ASK,SBUX,8665,47
BID,SBUX,8663,63
ASK,SBUX,8663,97
BID,SBUX,8662,85
ASK,SBUX,8661,68
BID,SBUX,8659,97
ASK,SBUX,8658,36
BID,SBUX,8657,40
ASK,SBUX,8659,5
BID,SBUX,8657,100
ASK,SBUX,8658,14
BID,SBUX,8657,27
ASK,SBUX,8657,12
BID,SBUX,8656,24
ASK,SBUX,8654,61
BID,MMM,8653,10
ASK,MMM,8653,24
BID,MMM,8653,2
ASK,MMM,865,7
BID,SBUX,8649,93
ASK,SBUX,865,68
BID,SBUX,8649,85
ASK,SBUX,8649,51
BID,MMM,8648,94
ASK,MMM,8648,66
BID,MMM,8647,101
ASK,MMM,8647,48
BID,SBUX,8646,41
ASK,SBUX,8646,82
BID,SBUX,8645,33
ASK,SBUX,8644,102
BID,SBUX,8642,92
ASK,SBUX,8643,62
BID,MMM,8641,82
ASK,MMM,8642,23
BID,SBUX,8641,52
ASK,SBUX,8639,65
BID,MMM,8638,85
ASK,MMM,8639,34
BID,SBUX,8638,58
ASK,SBUX,864,65
BID,MMM,8637,88
ASK,MMM,8638,85
BID,MMM,8632,28
ASK,MMM,8628,63
BID,SBUX,8628,32
ASK,SBUX,8627,18
BID,SBUX,8626,39
ASK,SBUX,8627,38
BID,MMM,8626,41
ASK,MMM,8626,26
BID,MMM,8625,4
ASK,MMM,8626,30
BID,SBUX,8623,54
ASK,SBUX,8623,14
BID,SBUX,8622,32
ASK,SBUX,8622,83
BID,SBUX,862,31
ASK,SBUX,8621,16
BID,SBUX,8619,98
ASK,SBUX,8616,41
BID,SBUX,8615,84
ASK,SBUX,8616,17
BID,MMM,8614,55
ASK,MMM,8614,57
BID,MMM,8613,91
ASK,MMM,8612,79
BID,MMM,8612,68
ASK,MMM,8611,61
BID,SBUX,861,16
ASK,SBUX,861,24
BID,SBUX,8608,19
ASK,SBUX,8609,45
BID,SBUX,8608,10
ASK,SBUX,8607,93
BID,MMM,8606,48
ASK,MMM,8607,33
BID,SBUX,8606,11
ASK,SBUX,8607,81
BID,SBUX,8605,93
ASK,SBUX,8601,16
BID,SBUX,860,7
ASK,SBUX,860,5
BID,MMM,8598,99
ASK,MMM,860,84
BID,MMM,8597,62
ASK,MMM,8597,26
BID,MMM,8597,36
ASK,MMM,8597,79
BID,MMM,8596,72
ASK,MMM,8599,32
BID,AAPL,8596,92
ASK,AAPL,8596,88
BID,SBUX,8595,31
ASK,SBUX,8597,10
BID,SBUX,8594,35
ASK,SBUX,8595,84
BID,MMM,8593,52
ASK,MMM,8593,76
BID,MMM,8592,9
ASK,MMM,8593,76
BID,MMM,8592,72
ASK,MMM,8592,66
BID,SBUX,8591,42
ASK,SBUX,8591,6
BID,MMM,859,48
ASK,MMM,8591,98
BID,SBUX,859,87
ASK,SBUX,8592,2
BID,SBUX,8589,66
ASK,SBUX,859,83
BID,SBUX,8589,60
ASK,SBUX,8591,89
BID,SBUX,8589,5
ASK,SBUX,8588,80
BID,SBUX,8587,85
ASK,SBUX,8585,82
BID,SBUX,8584,32
ASK,SBUX,8586,73
BID,SBUX,8583,32
ASK,SBUX,8582,19
BID,MMM,8581,89
ASK,MMM,8583,49
BID,MMM,8581,90
ASK,MMM,8577,23
BID,AAPL,8576,85
ASK,AAPL,8577,31
BID,SBUX,8575,37
ASK,SBUX,8574,98
BID,SBUX,8573,42
ASK,SBUX,8573,21
BID,MMM,8572,67
ASK,MMM,8571,75
BID,SBUX,8571,67
ASK,SBUX,857,59
BID,SBUX,8569,73
ASK,SBUX,857,72
BID,SBUX,8569,41
ASK,SBUX,8568,89
BID,SBUX,8565,53
ASK,SBUX,8566,39
BID,SBUX,8564,80
ASK,SBUX,8564,39
BID,SBUX,856,3
ASK,SBUX,856,40
BID,SBUX,8559,2
ASK,SBUX,8559,51
BID,MMM,8558,101
ASK,MMM,8558,69
BID,SBUX,8557,54
ASK,SBUX,8558,27
BID,MMM,8557,74
ASK,MMM,8556,5
BID,MMM,8556,16
ASK,MMM,8556,80
BID,MMM,8553,54
ASK,MMM,8553,67
BID,MMM,8552,52
ASK,MMM,8553,91
BID,MMM,8551,100
ASK,MMM,8551,77
BID,SBUX,855,45
ASK,SBUX,855,67
BID,SBUX,8549,58
ASK,SBUX,8549,28
BID,SBUX,8548,1
ASK,SBUX,8543,94
BID,SBUX,8542,27
ASK,SBUX,8543,15
BID,SBUX,8542,18
ASK,SBUX,8542,82
BID,SBUX,8541,43
ASK,SBUX,8543,13
BID,SBUX,8541,11
ASK,SBUX,8541,71
BID,SBUX,854,92
ASK,SBUX,8541,47
BID,SBUX,854,7
ASK,SBUX,8541,9
BID,SBUX,8539,50
ASK,SBUX,8539,11
BID,SBUX,8538,70
ASK,SBUX,8537,37
BID,SBUX,8536,9
ASK,SBUX,8536,62
BID,SBUX,8535,55
ASK,SBUX,8535,39
BID,SBUX,8529,36
ASK,SBUX,8529,77
BID,MMM,8528,20
ASK,MMM,8528,17
BID,SBUX,8527,63
ASK,SBUX,8529,56
BID,SBUX,8527,28
ASK,SBUX,8529,16
BID,SBUX,8526,71
ASK,SBUX,8526,86
BID,SBUX,8525,46
ASK,SBUX,8524,30
BID,MMM,8523,46
ASK,MMM,8522,19
BID,SBUX,8521,82
ASK,SBUX,8522,80
BID,SBUX,8521,57
ASK,SBUX,8522,14
BID,SBUX,8521,39
ASK,SBUX,8519,55
BID,SBUX,8516,73
ASK,SBUX,8517,89
BID,MMM,8516,17
ASK,MMM,8515,26
BID,SBUX,8511,70
ASK,SBUX,8511,88
BID,MMM,8509,20
ASK,MMM,851,97
BID,SBUX,8509,83
ASK,SBUX,851,39
BID,MMM,8508,75
ASK,MMM,8509,98
BID,SBUX,8506,37
ASK,SBUX,8506,41
BID,MMM,8505,24
ASK,MMM,8505,18
BID,MMM,8504,64
ASK,MMM,8505,6
BID,MMM,8502,74
ASK,MMM,8502,25
BID,SBUX,8501,81
ASK,SBUX,8504,28
BID,SBUX,8501,19
ASK,SBUX,8502,72
BID,MMM,8499,65
ASK,MMM,8499,74
BID,SBUX,8496,69
ASK,SBUX,8496,64
BID,SBUX,8495,21
ASK,SBUX,8494,79
BID,MMM,8493,16
ASK,MMM,8493,6
BID,MMM,8492,8
ASK,MMM,8493,11
BID,SBUX,8492,64
ASK,SBUX,8496,79
BID,SBUX,8492,76
ASK,SBUX,8493,20
BID,SBUX,8492,35
ASK,SBUX,8488,29
BID,SBUX,8487,39
ASK,SBUX,8488,29
BID,SBUX,8486,22
ASK,SBUX,8488,67
BID,MMM,8486,66
ASK,MMM,8487,82
BID,MMM,8485,89
ASK,MMM,8485,5
BID,MMM,8484,21
ASK,MMM,8485,42
BID,SBUX,8484,94
ASK,SBUX,8484,28
BID,SBUX,8483,44
ASK,SBUX,8484,89
BID,SBUX,8482,22
ASK,SBUX,8481,24
BID,SBUX,8479,75
ASK,SBUX,8481,65
BID,SBUX,8478,85
ASK,SBUX,8478,44
BID,SBUX,8475,20
ASK,SBUX,8475,3
BID,SBUX,8474,44
ASK,SBUX,8476,17
BID,SBUX,8474,62
ASK,SBUX,8474,12
BID,SBUX,8471,57
ASK,SBUX,847,58
BID,SBUX,8469,62
ASK,SBUX,847,52
BID,MMM,8469,54
ASK,MMM,8469,58
BID,SBUX,8469,13
ASK,SBUX,8468,10
BID,SBUX,8467,47
ASK,SBUX,8469,61
BID,AAPL,8467,68
ASK,AAPL,8469,39
BID,SBUX,8463,51
ASK,SBUX,8463,69
BID,SBUX,8461,95
ASK,SBUX,8462,3
BID,SBUX,846,23
ASK,SBUX,846,50
BID,SBUX,8458,99
ASK,SBUX,8459,76
BID,MMM,8458,40
ASK,MMM,8459,83
BID,MMM,8458,82
ASK,MMM,8459,54
BID,MMM,8457,78
ASK,MMM,8459,33
BID,MMM,8456,100
ASK,MMM,8459,68
BID,SBUX,8456,29
ASK,SBUX,8457,46
BID,SBUX,8456,99
ASK,SBUX,8457,21
BID,SBUX,8456,57
ASK,SBUX,8457,94
BID,SBUX,8456,41
ASK,SBUX,8456,15
BID,SBUX,8454,50
ASK,SBUX,8453,74
BID,SBUX,8452,21
ASK,SBUX,8453,4
BID,MMM,8452,90
ASK,MMM,8454,1
BID,SBUX,8451,17
ASK,SBUX,8452,54
BID,MMM,8451,9
ASK,MMM,845,28
BID,MMM,8448,45
ASK,MMM,8449,17
BID,MMM,8447,60
ASK,MMM,845,98
BID,SBUX,8447,56
ASK,SBUX,8447,47
BID,SBUX,8446,25
ASK,SBUX,8449,89
BID,MMM,8446,58
ASK,MMM,8444,23
BID,SBUX,8441,67
ASK,SBUX,8443,15
BID,SBUX,844,71
ASK,SBUX,8443,88
BID,SBUX,844,22
ASK,SBUX,8437,47
BID,MMM,8436,94
ASK,MMM,8436,75
BID,SBUX,8435,86
ASK,SBUX,8436,95
BID,SBUX,8434,18
ASK,SBUX,8435,44
BID,SBUX,8434,8
ASK,SBUX,8432,89
BID,SBUX,843,91
ASK,SBUX,843,38
BID,MMM,8427,37
ASK,MMM,8428,28
BID,MMM,8427,14
ASK,MMM,8427,41
BID,SBUX,8426,18
ASK,SBUX,8427,9
BID,MMM,8426,99
ASK,MMM,8426,35
BID,SBUX,8425,24
ASK,SBUX,8426,94
BID,MMM,8424,79
ASK,MMM,8424,48
BID,SBUX,8424,5
ASK,SBUX,8424,62
BID,SBUX,8422,84
ASK,SBUX,8424,27
BID,MMM,8422,63
ASK,MMM,8423,67
BID,MMM,8422,18
ASK,MMM,8421,43
BID,SBUX,842,28
ASK,SBUX,8418,86
BID,SBUX,8416,82
ASK,SBUX,8418,13
BID,SBUX,8414,74
ASK,SBUX,8416,68
BID,SBUX,8414,71
ASK,SBUX,8413,73
BID,SBUX,8412,92
ASK,SBUX,8413,43
BID,SBUX,8408,41
ASK,SBUX,8407,93
BID,SBUX,8406,36
ASK,SBUX,8407,26
BID,SBUX,8405,45
ASK,SBUX,8406,84
BID,MMM,8405,59
ASK,MMM,8404,69
BID,SBUX,840,102
ASK,SBUX,840,14
BID,SBUX,8398,5
ASK,SBUX,8398,57
BID,SBUX,8397,17
ASK,SBUX,8398,98
BID,MMM,8396,73
ASK,MMM,8397,6
BID,MMM,8396,72
ASK,MMM,8398,15
BID,AAPL,8395,6
ASK,AAPL,8398,66
BID,SBUX,8395,43
ASK,SBUX,8394,82
BID,SBUX,8393,39
ASK,SBUX,8391,51
BID,SBUX,839,23
ASK,SBUX,8391,38
BID,SBUX,8389,60
ASK,SBUX,839,70
BID,SBUX,8384,12
ASK,SBUX,8385,70
BID,SBUX,8383,74
ASK,SBUX,8384,1
BID,SBUX,8383,81
ASK,SBUX,8386,37
BID,MMM,8383,18
ASK,MMM,8383,36
BID,SBUX,8383,62
ASK,SBUX,8382,82
BID,MMM,8381,48
ASK,MMM,8382,18
BID,SBUX,838,88
ASK,SBUX,8381,16
BID,SBUX,8378,34
ASK,SBUX,8378,94
BID,MMM,8376,72
ASK,MMM,8377,41
BID,SBUX,8376,84
ASK,SBUX,8378,86
BID,MMM,8369,87
ASK,MMM,8369,33
BID,SBUX,8368,19
ASK,SBUX,8371,41
BID,SBUX,8368,54
ASK,SBUX,8369,51
BID,SBUX,8368,46
ASK,SBUX,837,79
BID,SBUX,8366,98
ASK,SBUX,8369,74
BID,MMM,8366,38
ASK,MMM,8364,41
BID,SBUX,8363,80
ASK,SBUX,8362,21
BID,SBUX,836,74
ASK,SBUX,8359,17
BID,SBUX,8356,62
ASK,SBUX,8355,99
BID,MMM,8354,83
ASK,MMM,8352,84
BID,MMM,8349,27
ASK,MMM,8347,97
BID,SBUX,8344,5
ASK,SBUX,8345,90
BID,SBUX,8341,19
ASK,SBUX,8342,7
BID,SBUX,8341,55
ASK,SBUX,8341,64
BID,SBUX,834,51
ASK,SBUX,834,57
BID,SBUX,8339,34
ASK,SBUX,8339,90
BID,AAPL,8338,91
ASK,AAPL,8339,38
BID,SBUX,8336,9
ASK,SBUX,8336,17
BID,SBUX,8335,59
ASK,SBUX,8334,98
BID,MMM,8333,2
ASK,MMM,8333,37
BID,MMM,8332,33
ASK,MMM,8333,89
BID,SBUX,8332,25
ASK,SBUX,8332,73
BID,SBUX,8326,7
ASK,SBUX,8326,86
BID,SBUX,8325,69
ASK,SBUX,8321,10
BID,SBUX,8319,19
ASK,SBUX,8315,23
BID,SBUX,8314,85
ASK,SBUX,8314,26
BID,SBUX,8311,50
ASK,SBUX,8312,88
BID,SBUX,8305,23
ASK,SBUX,8305,37
BID,SBUX,8303,17
ASK,SBUX,8302,30
BID,SBUX,8301,49
ASK,SBUX,8299,45
BID,MMM,8298,66
ASK,MMM,8296,74
BID,SBUX,8296,22
ASK,SBUX,8296,76
BID,SBUX,8294,49
ASK,SBUX,8295,83
BID,SBUX,8294,24
ASK,SBUX,8295,41
BID,MMM,8294,85
ASK,MMM,8295,77
BID,SBUX,8293,63
ASK,SBUX,8289,82
BID,SBUX,8288,19
ASK,SBUX,8289,48
BID,AAPL,8286,31
ASK,AAPL,8287,68
BID,SBUX,8285,16
ASK,SBUX,8287,73
BID,MMM,8285,42
ASK,MMM,8283,43
BID,MMM,8281,73
ASK,MMM,8281,36
BID,SBUX,828,59
ASK,SBUX,8281,40
BID,SBUX,828,6
ASK,SBUX,8279,12
BID,MMM,8278,60
ASK,MMM,8277,38
BID,SBUX,8276,97
ASK,SBUX,8277,10
BID,MMM,8275,58
ASK,MMM,8274,68
BID,SBUX,8273,13
ASK,SBUX,8273,72
BID,SBUX,8271,68
ASK,SBUX,8273,53
BID,SBUX,827,48
ASK,SBUX,8271,55
BID,SBUX,827,84
ASK,SBUX,8268,88
BID,SBUX,8265,34
ASK,SBUX,8263,57
BID,SBUX,8257,1
ASK,SBUX,8255,43
BID,MMM,8254,12
ASK,MMM,8255,89
BID,MMM,8251,12
ASK,MMM,8247,90
BID,MMM,8246,55
ASK,MMM,8244,2
BID,SBUX,8242,53
ASK,SBUX,824,1
BID,SBUX,8239,93
ASK,SBUX,8241,6
BID,SBUX,8238,69
ASK,SBUX,8238,11
BID,MMM,8237,94
ASK,MMM,8238,56
BID,SBUX,8236,47
ASK,SBUX,8239,11
BID,MMM,8236,30
ASK,MMM,8236,35
BID,MMM,8235,49
ASK,MMM,8235,73
BID,MMM,8235,1
ASK,MMM,8235,67
BID,SBUX,8234,49
ASK,SBUX,8227,93
BID,SBUX,8226,101
ASK,SBUX,8223,85
BID,SBUX,8222,101
ASK,SBUX,8219,79
BID,SBUX,8217,57
ASK,SBUX,8218,4
BID,MMM,8217,3
ASK,MMM,8218,29
BID,MMM,8216,17
ASK,MMM,8215,98
BID,SBUX,8214,57
ASK,SBUX,8215,54
BID,SBUX,8214,20
ASK,SBUX,8211,65
BID,SBUX,821,101
ASK,SBUX,821,21
BID,SBUX,8209,60
ASK,SBUX,8211,9
BID,SBUX,8202,66
ASK,SBUX,8201,89
BID,MMM,8194,14
ASK,MMM,8194,53
BID,MMM,8194,23
ASK,MMM,8192,61
BID,SBUX,8191,69
ASK,SBUX,8188,46
BID,AAPL,8187,40
ASK,AAPL,8181,43
BID,SBUX,817,87
ASK,SBUX,8171,4
BID,SBUX,8169,47
ASK,SBUX,8167,30
BID,SBUX,8165,3
ASK,SBUX,8162,84
BID,SBUX,8161,35
ASK,SBUX,8166,90
BID,MMM,816,2
ASK,MMM,8151,2
BID,SBUX,815,86
ASK,SBUX,8156,31
BID,SBUX,815,69
ASK,SBUX,8151,52
BID,SBUX,815,2
ASK,SBUX,815,60
BID,SBUX,8148,100
ASK,SBUX,815,95
BID,SBUX,8148,58
ASK,SBUX,8148,15
BID,SBUX,8143,66
ASK,SBUX,8143,42
BID,MMM,8137,31
ASK,MMM,8135,37
BID,SBUX,8134,86
ASK,SBUX,8133,32
BID,AAPL,8131,100
ASK,AAPL,8131,75
BID,MMM,813,58
ASK,MMM,813,26
BID,AAPL,8129,58
ASK,AAPL,8128,85
BID,AAPL,8127,52
ASK,AAPL,8124,25
BID,AAPL,8124,23
ASK,AAPL,8124,43
BID,AAPL,8122,63
ASK,AAPL,8124,65
BID,SBUX,8122,48
ASK,SBUX,8122,16
BID,SBUX,8121,97
ASK,SBUX,8126,33
BID,MMM,812,19
ASK,MMM,8119,11
BID,SBUX,8118,7
ASK,SBUX,8118,42
BID,MMM,8116,49
ASK,MMM,8117,60
BID,SBUX,8116,31
ASK,SBUX,8116,99
BID,MMM,8115,92
ASK,MMM,8115,52
BID,MMM,8113,100
ASK,MMM,811,4
BID,AAPL,8109,81
ASK,AAPL,8109,17
BID,MMM,8108,94
ASK,MMM,8105,71
BID,MMM,8104,71
ASK,MMM,8105,99
BID,SBUX,8104,58
ASK,SBUX,8098,80
BID,AAPL,8097,73
ASK,AAPL,8098,59
BID,MMM,8097,64
ASK,MMM,8096,94
BID,SBUX,8091,102
ASK,SBUX,8092,76
BID,AAPL,8091,59
ASK,AAPL,8091,98
BID,SBUX,809,68
ASK,SBUX,8088,60
BID,AAPL,8086,7
ASK,AAPL,8086,5
BID,SBUX,8083,12
ASK,SBUX,8078,81
BID,SBUX,8075,9
ASK,SBUX,8073,41
BID,SBUX,807,2
ASK,SBUX,8069,16
BID,SBUX,8068,48
ASK,SBUX,8069,25
BID,SBUX,8067,83
ASK,SBUX,8067,10
BID,MMM,806,38
ASK,MMM,8061,88
BID,AAPL,806,14
ASK,AAPL,8059,102
BID,MMM,8058,97
ASK,MMM,8052,1
BID,AAPL,8044,20
ASK,AAPL,8045,82
BID,AAPL,8039,95
ASK,AAPL,8039,99
BID,AAPL,8039,52
ASK,AAPL,804,40
BID,MMM,8038,63
ASK,MMM,8035,95
BID,MMM,8033,57
ASK,MMM,8032,68
BID,SBUX,803,78
ASK,SBUX,8033,97
BID,SBUX,803,12
ASK,SBUX,803,78
BID,MMM,8028,28
ASK,MMM,8027,15
BID,SBUX,8026,6
ASK,SBUX,8027,3
BID,MMM,8025,21
ASK,MMM,8026,25
BID,SBUX,8025,72
ASK,SBUX,8023,64
BID,SBUX,8022,40
ASK,SBUX,8022,4
BID,SBUX,8021,88
ASK,SBUX,8022,52
BID,SBUX,8021,55
ASK,SBUX,8022,67
BID,MMM,8021,6
ASK,MMM,8025,84
BID,MMM,8021,101
ASK,MMM,8021,63
BID,SBUX,8021,95
ASK,SBUX,8017,17
BID,AAPL,8008,45
ASK,AAPL,8008,68
BID,MMM,8008,62
ASK,MMM,8004,80
BID,SBUX,8003,90
ASK,SBUX,8003,83
BID,SBUX,8001,11
ASK,SBUX,8002,97
BID,AAPL,8001,65
ASK,AAPL,8001,60
BID,SBUX,8001,21
ASK,SBUX,8001,94
BID,MMM,800,102
ASK,MMM,8001,94
BID,SBUX,800,81
ASK,SBUX,7999,95
BID,SBUX,7991,37
ASK,SBUX,7993,68
BID,AAPL,7991,41
ASK,AAPL,799,20
BID,SBUX,799,16
ASK,SBUX,799,82
BID,AAPL,7989,96
ASK,AAPL,7982,17
BID,AAPL,7981,33
ASK,AAPL,7981,57
BID,SBUX,7979,83
ASK,SBUX,798,79
BID,SBUX,7977,31
ASK,SBUX,7978,94
BID,AAPL,7976,54
ASK,AAPL,7975,43
BID,SBUX,7975,98
ASK,SBUX,7975,41
BID,SBUX,7973,43
ASK,SBUX,7975,90
BID,AAPL,7972,56
ASK,AAPL,7972,48
BID,MMM,7971,12
ASK,MMM,7972,47
BID,MMM,7971,69
ASK,MMM,7972,95
BID,SBUX,7971,27
ASK,SBUX,7973,24
BID,AAPL,7971,101
ASK,AAPL,7972,85
BID,AAPL,797,1
ASK,AAPL,7972,39
BID,MMM,7969,18
ASK,MMM,7972,24
BID,SBUX,7969,22
ASK,SBUX,7969,26
BID,AAPL,7967,49
ASK,AAPL,7967,54
BID,AAPL,7967,99
ASK,AAPL,7967,29
BID,SBUX,7967,74
ASK,SBUX,7968,96
BID,SBUX,7966,56
ASK,SBUX,7965,47
BID,SBUX,7963,7
ASK,SBUX,7964,78
BID,SBUX,7963,71
ASK,SBUX,7964,68
BID,SBUX,796,82
ASK,SBUX,796,92
BID,AAPL,7958,88
ASK,AAPL,7958,85
BID,AAPL,7956,25
ASK,AAPL,7956,40
BID,AAPL,7955,68
ASK,AAPL,7953,57
BID,SBUX,7952,46
ASK,SBUX,7955,58
BID,SBUX,7951,25
ASK,SBUX,7951,54
BID,SBUX,795,65
ASK,SBUX,7951,34
BID,AAPL,7949,30
ASK,AAPL,7948,7
BID,SBUX,7948,18
ASK,SBUX,7947,4
BID,AAPL,7946,2
ASK,AAPL,7943,76
BID,AAPL,7943,20
ASK,AAPL,7944,23
BID,SBUX,7942,23
ASK,SBUX,7943,75
BID,MMM,7942,94
ASK,MMM,7942,69
BID,MMM,7941,33
ASK,MMM,794,26
BID,SBUX,7939,59
ASK,SBUX,7941,8
BID,SBUX,7938,55
ASK,SBUX,7931,53
BID,MMM,793,76
ASK,MMM,7929,90
BID,SBUX,7928,79
ASK,SBUX,7929,82
BID,SBUX,7927,8
ASK,SBUX,7928,28
BID,SBUX,7927,22
ASK,SBUX,7928,52
BID,SBUX,7927,25
ASK,SBUX,793,72
BID,MMM,7927,76
ASK,MMM,7927,20
BID,SBUX,7925,54
ASK,SBUX,7926,85
BID,SBUX,7925,69
ASK,SBUX,7926,72
BID,AAPL,7925,50
ASK,AAPL,7924,3
BID,AAPL,7924,2
ASK,AAPL,7931,2
BID,SBUX,7924,61
ASK,SBUX,7924,5
BID,SBUX,7923,95
ASK,SBUX,7924,2
BID,AAPL,792,101
ASK,AAPL,7921,86
BID,SBUX,7915,76
ASK,SBUX,7916,25
BID,MMM,7915,17
ASK,MMM,7915,8
BID,AAPL,7914,81
ASK,AAPL,7915,59
BID,SBUX,7912,16
ASK,SBUX,7906,34
BID,SBUX,7903,85
ASK,SBUX,7901,31
BID,SBUX,790,36
ASK,SBUX,7901,13
BID,SBUX,790,22
ASK,SBUX,7901,45
BID,SBUX,7899,99
ASK,SBUX,7898,26
BID,SBUX,7897,31
ASK,SBUX,7897,64
BID,SBUX,7896,75
ASK,SBUX,7896,77
BID,SBUX,7895,55
ASK,SBUX,7889,58
BID,SBUX,7887,13
ASK,SBUX,7888,46
BID,SBUX,7887,92
ASK,SBUX,7886,21
BID,SBUX,7885,64
ASK,SBUX,7886,70
BID,SBUX,7885,60
ASK,SBUX,7886,5
BID,MMM,7885,5
ASK,MMM,7885,93
BID,MMM,7884,9
ASK,MMM,7886,83
BID,AAPL,7884,53
ASK,AAPL,7884,92
BID,SBUX,7877,56
ASK,SBUX,7878,66
BID,AAPL,7877,70
ASK,AAPL,7875,67
BID,SBUX,7875,86
ASK,SBUX,7876,82
BID,AAPL,7874,89
ASK,AAPL,7874,94
BID,SBUX,7872,71
ASK,SBUX,7876,77
BID,SBUX,7869,27
ASK,SBUX,787,24
BID,SBUX,7866,46
ASK,SBUX,7864,21
BID,MMM,7862,59
ASK,MMM,7863,20
BID,SBUX,786,15
ASK,SBUX,786,98
BID,MMM,7859,59
ASK,MMM,7857,69
BID,SBUX,7857,36
ASK,SBUX,7855,73
BID,MMM,7854,10
ASK,MMM,7853,34
BID,MMM,7852,25
ASK,MMM,7849,50
BID,SBUX,7848,17
ASK,SBUX,7849,85
BID,SBUX,7848,89
ASK,SBUX,7848,12
BID,MMM,7846,76
ASK,MMM,7847,42
BID,MMM,7846,57
ASK,MMM,7847,41
BID,SBUX,7845,50
ASK,SBUX,7847,96
BID,SBUX,7844,60
ASK,SBUX,7844,21
BID,SBUX,7843,98
ASK,SBUX,7838,58
BID,MMM,7837,61
ASK,MMM,7837,38
BID,SBUX,7837,69
ASK,SBUX,7833,4
BID,SBUX,7831,69
ASK,SBUX,7831,33
BID,MMM,783,97
ASK,MMM,7829,36
BID,SBUX,7828,75
ASK,SBUX,7828,83
BID,AAPL,7827,1
ASK,AAPL,7826,30
BID,AAPL,7826,38
ASK,AAPL,7828,61
BID,MMM,7825,74
ASK,MMM,7823,46
BID,AAPL,7822,61
ASK,AAPL,7818,50
BID,SBUX,7817,60
ASK,SBUX,782,95
BID,MMM,7817,1
ASK,MMM,7817,42
BID,SBUX,7814,7
ASK,SBUX,7813,90
BID,SBUX,7812,45
ASK,SBUX,7809,57
BID,MMM,7803,66
ASK,MMM,7804,69
BID,MMM,7802,40
ASK,MMM,7799,27
BID,SBUX,7798,47
ASK,SBUX,7798,19
BID,MMM,7797,59
ASK,MMM,7797,49
BID,MMM,7796,8
ASK,MMM,7795,16
BID,SBUX,7794,5
ASK,SBUX,7794,81
BID,SBUX,7793,87
ASK,SBUX,7792,13
BID,SBUX,7791,57
ASK,SBUX,7792,41
BID,SBUX,7791,73
ASK,SBUX,7792,3
BID,SBUX,779,5
ASK,SBUX,7791,79
BID,MMM,779,43
ASK,MMM,7791,35
BID,AAPL,7788,47
ASK,AAPL,7788,72
BID,SBUX,7787,88
ASK,SBUX,7788,40
BID,SBUX,7786,3
ASK,SBUX,7788,63
BID,SBUX,7786,70
ASK,SBUX,779,50
BID,SBUX,7785,34
ASK,SBUX,7786,37
BID,AAPL,7783,97
ASK,AAPL,7786,83
BID,SBUX,7783,5
ASK,SBUX,778,11
BID,SBUX,7778,22
ASK,SBUX,7777,2
BID,SBUX,7776,78
ASK,SBUX,7777,49
BID,SBUX,7776,65
ASK,SBUX,7777,47
BID,SBUX,7775,86
ASK,SBUX,7775,52
BID,SBUX,7774,35
ASK,SBUX,7774,42
BID,SBUX,7773,74
ASK,SBUX,7772,17
BID,MMM,7769,32
ASK,MMM,7766,74
BID,SBUX,7766,53
ASK,SBUX,7764,72
BID,MMM,7763,49
ASK,MMM,7763,31
BID,SBUX,7762,43
ASK,SBUX,7763,53
BID,SBUX,7762,97
ASK,SBUX,7763,71
BID,AAPL,7762,29
ASK,AAPL,776,62
BID,SBUX,7758,72
ASK,SBUX,7757,57
BID,AAPL,7756,92
ASK,AAPL,7754,72
BID,MMM,7752,47
ASK,MMM,7753,14
BID,MMM,775,28
ASK,MMM,775,50
BID,SBUX,775,101
ASK,SBUX,775,89
BID,SBUX,7749,30
ASK,SBUX,7749,67
BID,MMM,7748,13
ASK,MMM,7748,63
BID,MMM,7747,40
ASK,MMM,7748,82
BID,SBUX,7746,59
ASK,SBUX,7749,94
BID,SBUX,7746,30
ASK,SBUX,7745,24
BID,AAPL,7744,29
ASK,AAPL,7743,24
BID,SBUX,7742,61
ASK,SBUX,7743,50
BID,MMM,7741,9
ASK,MMM,7741,14
BID,MMM,7739,16
ASK,MMM,774,56
BID,AAPL,7739,75
ASK,AAPL,7743,59
BID,MMM,7735,89
ASK,MMM,7735,30
BID,AAPL,7735,47
ASK,AAPL,7735,1
BID,MMM,7734,82
ASK,MMM,7728,31
BID,MMM,7727,97
ASK,MMM,7726,84
BID,AAPL,7725,50
ASK,AAPL,7724,45
BID,SBUX,7724,38
ASK,SBUX,7724,49
BID,SBUX,7721,77
ASK,SBUX,7722,8
BID,MMM,7719,52
ASK,MMM,772,21
BID,MMM,7719,97
ASK,MMM,772,77
BID,AAPL,7718,76
ASK,AAPL,7718,20
BID,MMM,7714,65
ASK,MMM,7714,75
BID,SBUX,7713,48
ASK,SBUX,7714,91
BID,SBUX,7712,98
ASK,SBUX,7711,7
BID,MMM,771,5
ASK,MMM,771,12
BID,SBUX,7709,68
ASK,SBUX,7708,52
BID,SBUX,7707,20
ASK,SBUX,771,70
BID,SBUX,7705,39
ASK,SBUX,7706,42
BID,SBUX,7699,66
ASK,SBUX,7697,60
BID,MMM,7695,48
ASK,MMM,7694,22
BID,AAPL,7693,29
ASK,AAPL,7694,69
BID,AAPL,7692,27
ASK,AAPL,7692,51
BID,SBUX,7691,32
ASK,SBUX,769,59
BID,SBUX,7688,5
ASK,SBUX,769,26
BID,SBUX,7687,3
ASK,SBUX,7685,46
BID,MMM,7684,10
ASK,MMM,7684,74
BID,MMM,768,56
ASK,MMM,7679,20
BID,SBUX,7675,78
ASK,SBUX,7674,32
BID,MMM,7673,77
ASK,MMM,7674,68
BID,SBUX,7673,8
ASK,SBUX,7671,70
BID,SBUX,767,98
ASK,SBUX,7671,100
BID,MMM,7668,28
ASK,MMM,7669,85
BID,MMM,7666,36
ASK,MMM,7666,36
BID,SBUX,7665,93
ASK,SBUX,7667,58
BID,SBUX,7663,70
ASK,SBUX,7659,86
BID,SBUX,7658,60
ASK,SBUX,7656,96
BID,SBUX,7654,31
ASK,SBUX,7654,34
BID,SBUX,7653,66
ASK,SBUX,7652,17
BID,MMM,765,95
ASK,MMM,765,14
BID,MMM,7648,32
ASK,MMM,7648,21
BID,SBUX,7644,88
ASK,SBUX,7646,42
BID,SBUX,7644,79
ASK,SBUX,7643,24
BID,SBUX,764,35
ASK,SBUX,764,76
BID,SBUX,7639,50
ASK,SBUX,7638,50
BID,SBUX,7633,80
ASK,SBUX,7632,39
BID,SBUX,7631,21
ASK,SBUX,7631,38
BID,MMM,763,81
ASK,MMM,7631,37
BID,MMM,7629,90
ASK,MMM,7631,32
BID,SBUX,7629,48
ASK,SBUX,7629,71
BID,SBUX,7627,39
ASK,SBUX,7628,5
BID,SBUX,7626,20
ASK,SBUX,7626,79
BID,SBUX,7624,63
ASK,SBUX,7626,8
BID,SBUX,7624,8
ASK,SBUX,7623,52
BID,SBUX,7621,9
ASK,SBUX,762,25
BID,SBUX,7619,79
ASK,SBUX,7619,9
BID,SBUX,7613,92
ASK,SBUX,7613,9
BID,SBUX,7604,97
ASK,SBUX,7605,92
BID,MMM,7603,38
ASK,MMM,7602,42
BID,SBUX,7601,67
ASK,SBUX,7601,58
BID,AAPL,7594,52
ASK,AAPL,7594,64
BID,SBUX,7591,16
ASK,SBUX,7593,15
BID,SBUX,759,102
ASK,SBUX,7589,45
BID,SBUX,7588,15
ASK,SBUX,7587,81
BID,SBUX,7586,89
ASK,SBUX,7587,43
BID,AAPL,7586,55
ASK,AAPL,758,37
BID,SBUX,7579,82
ASK,SBUX,7582,27
BID,SBUX,7578,2
ASK,SBUX,7578,58
BID,SBUX,7577,30
ASK,SBUX,7579,88
BID,MMM,7577,83
ASK,MMM,7578,91
BID,SBUX,7577,83
ASK,SBUX,7576,58
BID,MMM,7574,83
ASK,MMM,7572,64
BID,MMM,7572,32
ASK,MMM,7572,10
BID,SBUX,7571,51
ASK,SBUX,7571,39
BID,AAPL,757,82
ASK,AAPL,7573,24
BID,SBUX,7569,89
ASK,SBUX,7569,56
BID,SBUX,7568,75
ASK,SBUX,7567,68
BID,SBUX,7566,2
ASK,SBUX,7566,68
BID,SBUX,7564,63
ASK,SBUX,7566,72
BID,SBUX,7563,13
ASK,SBUX,7564,66
BID,SBUX,756,8
ASK,SBUX,7561,61
BID,SBUX,756,5
ASK,SBUX,7562,76
BID,SBUX,756,14
ASK,SBUX,756,66
BID,MMM,7558,81
ASK,MMM,7557,99
BID,SBUX,7553,46
ASK,SBUX,7551,92
BID,SBUX,755,28
ASK,SBUX,755,95
BID,SBUX,7549,7
ASK,SBUX,7549,83
BID,MMM,7548,26
ASK,MMM,7544,85
BID,SBUX,7543,1
ASK,SBUX,7543,99
BID,SBUX,7542,33
ASK,SBUX,7544,86
BID,SBUX,7542,8
ASK,SBUX,7541,46
BID,SBUX,7539,18
ASK,SBUX,7539,23
BID,SBUX,7538,69
ASK,SBUX,7538,39
BID,SBUX,7537,54
ASK,SBUX,754,41
BID,SBUX,7536,102
ASK,SBUX,7537,29
BID,SBUX,7534,61
ASK,SBUX,7534,81
BID,SBUX,7532,81
ASK,SBUX,7533,91
BID,MMM,7532,47
ASK,MMM,7533,15
BID,SBUX,7531,86
ASK,SBUX,7529,68
BID,SBUX,7528,74
ASK,SBUX,7528,58
BID,SBUX,7519,42
ASK,SBUX,752,83
BID,SBUX,7519,16
ASK,SBUX,752,54
BID,MMM,7519,92
ASK,MMM,752,61
BID,SBUX,7516,67
ASK,SBUX,7516,17
BID,AAPL,7515,28
ASK,AAPL,7515,41
BID,SBUX,7515,4
ASK,SBUX,7514,85
BID,AAPL,7513,94
ASK,AAPL,7515,75
BID,SBUX,7513,24
ASK,SBUX,7511,33
BID,SBUX,751,32
ASK,SBUX,7511,24
BID,SBUX,7509,81
ASK,SBUX,7508,68
BID,SBUX,7496,38
ASK,SBUX,7496,87
BID,AAPL,7494,18
ASK,AAPL,7495,91
BID,SBUX,7494,18
ASK,SBUX,7493,41
BID,SBUX,7492,12
ASK,SBUX,7491,55
BID,MMM,749,44
ASK,MMM,7487,52
BID,SBUX,7486,62
ASK,SBUX,7483,21
BID,MMM,7482,22
ASK,MMM,7478,33
BID,SBUX,7477,70
ASK,SBUX,7475,55
BID,AAPL,7472,34
ASK,AAPL,7471,90
BID,SBUX,747,14
ASK,SBUX,7482,37
BID,SBUX,7466,50
ASK,SBUX,7464,90
BID,SBUX,7463,43
ASK,SBUX,7469,18
BID,SBUX,7458,26
ASK,SBUX,7459,23
BID,AAPL,7457,18
ASK,AAPL,7459,14
BID,AAPL,7455,70
ASK,AAPL,7455,97
BID,SBUX,7454,57
ASK,SBUX,7452,101
BID,SBUX,7445,54
ASK,SBUX,7446,32
BID,MMM,7444,11
ASK,MMM,7444,52
BID,MMM,7444,54
ASK,MMM,7445,52
BID,AAPL,7443,80
ASK,AAPL,7446,3
BID,SBUX,7442,25
ASK,SBUX,744,88
BID,SBUX,7438,57
ASK,SBUX,7439,54
BID,AAPL,7436,97
ASK,AAPL,7435,33
BID,SBUX,7435,11
ASK,SBUX,7435,5
BID,SBUX,7434,50
ASK,SBUX,743,72
BID,SBUX,7426,33
ASK,SBUX,7427,41
BID,MMM,7425,38
ASK,MMM,7424,73
BID,SBUX,7424,24
ASK,SBUX,7424,9
BID,SBUX,742,4
ASK,SBUX,7419,11
BID,SBUX,7418,27
ASK,SBUX,7418,24
BID,SBUX,7416,99
ASK,SBUX,7417,99
BID,MMM,7415,102
ASK,MMM,7415,64
BID,SBUX,7414,56
ASK,SBUX,7416,63
BID,MMM,7412,30
ASK,MMM,7412,44
BID,SBUX,7411,80
ASK,SBUX,7413,86
BID,SBUX,741,9
ASK,SBUX,7409,102
BID,SBUX,7407,78
ASK,SBUX,7405,43
BID,SBUX,7402,60
ASK,SBUX,7394,20
BID,MMM,739,36
ASK,MMM,7391,47
BID,MMM,7389,89
ASK,MMM,7389,68
BID,SBUX,7388,14
ASK,SBUX,739,93
BID,SBUX,7388,19
ASK,SBUX,739,12
BID,SBUX,7388,87
ASK,SBUX,7387,33
BID,SBUX,7384,69
ASK,SBUX,738,73
BID,SBUX,7379,44
ASK,SBUX,7382,62
BID,SBUX,7377,36
ASK,SBUX,7382,45
BID,SBUX,7377,100
ASK,SBUX,7376,88
BID,SBUX,7367,14
ASK,SBUX,7372,19
BID,SBUX,7366,22
ASK,SBUX,7367,55
BID,SBUX,7365,68
ASK,SBUX,7363,21
BID,SBUX,7362,47
ASK,SBUX,7359,100
BID,SBUX,7358,94
ASK,SBUX,7359,80
BID,MMM,7355,101
ASK,MMM,7355,53
BID,SBUX,7354,60
ASK,SBUX,7353,10
BID,SBUX,7351,5
ASK,SBUX,7352,54
BID,SBUX,7351,31
ASK,SBUX,735,74
BID,SBUX,7349,65
ASK,SBUX,7351,63
BID,AAPL,7347,93
ASK,AAPL,735,80
BID,MMM,7344,77
ASK,MMM,7344,48
BID,SBUX,7343,71
ASK,SBUX,7343,10
BID,SBUX,7342,63
ASK,SBUX,7341,65
BID,AAPL,734,57
ASK,AAPL,7335,25
BID,SBUX,7335,57
ASK,SBUX,7331,27
BID,SBUX,733,74
ASK,SBUX,7331,27
BID,AAPL,733,75
ASK,AAPL,7329,36
BID,SBUX,7329,55
ASK,SBUX,733,28
BID,AAPL,7328,12
ASK,AAPL,7323,81
BID,AAPL,7317,66
ASK,AAPL,7316,49
BID,MMM,7316,16
ASK,MMM,7317,91
BID,SBUX,7312,64
ASK,SBUX,7313,58
BID,SBUX,7298,74
ASK,SBUX,7299,37
BID,SBUX,7296,13
ASK,SBUX,7297,97
BID,SBUX,7294,43
ASK,SBUX,7292,71
BID,SBUX,729,34
ASK,SBUX,729,48
BID,MMM,728,28
ASK,MMM,7277,30
BID,SBUX,7276,15
ASK,SBUX,7275,78
BID,SBUX,7274,50
ASK,SBUX,7276,53
BID,SBUX,7274,41
ASK,SBUX,7273,77
BID,SBUX,7272,28
ASK,SBUX,7273,57
BID,SBUX,7272,30
ASK,SBUX,7273,59
BID,SBUX,7272,12
ASK,SBUX,7269,62
BID,SBUX,7267,47
ASK,SBUX,7256,74
BID,SBUX,7255,17
ASK,SBUX,7257,82
BID,SBUX,7254,6
ASK,SBUX,7251,27
BID,SBUX,725,15
ASK,SBUX,7251,50
BID,SBUX,725,1
ASK,SBUX,7249,57
BID,SBUX,7245,81
ASK,SBUX,7244,98
BID,SBUX,7243,33
ASK,SBUX,7237,47
BID,MMM,7236,23
ASK,MMM,7233,32
BID,AAPL,7232,13
ASK,AAPL,7233,99
BID,SBUX,7231,62
ASK,SBUX,7231,37
BID,AAPL,723,63
ASK,AAPL,7227,92
BID,AAPL,7227,11
ASK,AAPL,7225,65
BID,AAPL,7203,75
ASK,AAPL,7202,6
BID,SBUX,7202,90
ASK,SBUX,7194,50
BID,AAPL,7193,58
ASK,AAPL,7196,75
BID,SBUX,7188,80
ASK,SBUX,7187,48
BID,SBUX,7186,71
ASK,SBUX,7187,87
BID,SBUX,7184,49
ASK,SBUX,7184,4
BID,SBUX,7183,17
ASK,SBUX,7184,79
BID,AAPL,7183,56
ASK,AAPL,7178,77
BID,SBUX,7176,47
ASK,SBUX,7177,9
BID,AAPL,7176,16
ASK,AAPL,7168,64
BID,SBUX,7167,38
ASK,SBUX,7157,95
BID,MMM,7156,44
ASK,MMM,7157,40
BID,SBUX,7154,66
ASK,SBUX,7157,50
BID,AAPL,7153,71
ASK,AAPL,7142,23
BID,SBUX,7142,15
ASK,SBUX,7132,74
BID,AAPL,7121,35
ASK,AAPL,7114,45
BID,SBUX,7102,42
ASK,SBUX,7096,63
BID,AAPL,7095,88
ASK,AAPL,7079,34
BID,SBUX,7077,77
ASK,SBUX,7079,66
BID,AAPL,7075,49
ASK,AAPL,7074,2
BID,AAPL,7074,66
ASK,AAPL,7072,25
BID,SBUX,7018,88
ASK,SBUX,7009,81
BID,SBUX,7006,31
ASK,SBUX,7005,8
BID,SBUX,6994,80
ASK,SBUX,6992,4
BID,SBUX,6991,20
ASK,SBUX,6998,6
BID,AAPL,6967,18
ASK,AAPL,6964,75
BID,AAPL,6952,91
ASK,AAPL,6952,74
BID,AAPL,6928,81
ASK,AAPL,6922,92
BID,AAPL,6911,91
ASK,AAPL,6903,62
BID,AAPL,6889,31
ASK,AAPL,6883,23
BID,AAPL,6874,3
ASK,AAPL,6875,54
BID,SBUX,6872,40
ASK,SBUX,6883,80
BID,AAPL,6865,17
ASK,AAPL,6866,26
BID,AAPL,6843,63
ASK,AAPL,6831,22
BID,AAPL,6829,47
ASK,AAPL,6828,101
BID,SBUX,6811,22
ASK,SBUX,6814,86
BID,SBUX,6787,1
ASK,SBUX,6786,5
BID,SBUX,6778,40
ASK,SBUX,678,23
BID,AAPL,671,62
ASK,AAPL,671,20
BID,AAPL,6702,80
ASK,AAPL,670,49
BID,AAPL,670,81
ASK,AAPL,670,51
BID,AAPL,6658,24
ASK,AAPL,6653,47
BID,AAPL,6652,80
ASK,AAPL,6652,38
BID,SBUX,6641,55
ASK,SBUX,6636,24
BID,SBUX,6582,94
ASK,SBUX,6581,24
BID,SBUX,6574,98
ASK,SBUX,6574,90
BID,AAPL,6569,56
ASK,AAPL,6562,24
BID,SBUX,6502,60
ASK,SBUX,6503,38
BID,SBUX,6489,47
ASK,SBUX,6491,72
BID,AAPL,6484,9
ASK,AAPL,6486,74
BID,AAPL,6467,43
ASK,AAPL,6462,61
BID,AAPL,6382,96
ASK,AAPL,637,27
BID,AAPL,6367,98
ASK,AAPL,6358,34
BID,AAPL,6324,30
ASK,AAPL,6322,16
BID,SBUX,6315,17
ASK,SBUX,6311,35
BID,SBUX,6272,26
ASK,SBUX,6263,93
BID,AAPL,6257,38
ASK,AAPL,625,44
BID,AAPL,6237,24
ASK,AAPL,6226,86
BID,SBUX,6225,92
ASK,SBUX,621,73
BID,AAPL,6206,96
ASK,AAPL,6203,87
BID,AAPL,620,14
ASK,AAPL,6194,70
BID,AAPL,6174,24
ASK,AAPL,6172,33
BID,SBUX,6139,23
ASK,SBUX,6141,30
BID,AAPL,6139,29
ASK,AAPL,6139,77
BID,AAPL,6124,6
ASK,AAPL,6124,20
BID,AAPL,6122,49
ASK,AAPL,612,13
BID,AAPL,6041,39
ASK,AAPL,6038,46
BID,AAPL,602,32
ASK,AAPL,6021,2
BID,SBUX,5908,77
ASK,SBUX,5898,95
BID,SBUX,5841,9
ASK,SBUX,5841,1
BID,SBUX,5816,94
ASK,SBUX,580,92
BID,AAPL,5759,65
ASK,AAPL,5719,69
BID,SBUX,5657,101
ASK,SBUX,5656,72
BID,SBUX,5638,35
ASK,SBUX,5636,62
BID,AAPL,5587,33
ASK,AAPL,5597,84
BID,WMT,5027,38
ASK,WMT,5027,87
BID,WMT,5027,85
ASK,WMT,5027,49
BID,WMT,5027,13
ASK,WMT,5026,24
BID,WMT,5021,38
ASK,WMT,502,66
BID,WMT,5019,100
ASK,WMT,5019,68
BID,WMT,5018,74
ASK,WMT,5018,95
BID,WMT,5017,32
ASK,WMT,5017,89
BID,WMT,5017,59
ASK,WMT,5017,31
BID,WMT,5016,29
ASK,WMT,5014,47
BID,WMT,5011,58
ASK,WMT,5011,26
BID,WMT,5008,35
ASK,WMT,5008,23
BID,WMT,5007,90
ASK,WMT,5007,81
BID,WMT,5006,14
ASK,WMT,5006,56
BID,WMT,5004,99
ASK,WMT,5004,32
BID,WMT,5004,46
ASK,WMT,5004,87
BID,WMT,5003,93
ASK,WMT,5003,25
BID,WMT,5001,1
ASK,WMT,5001,86
BID,WMT,500,69
ASK,WMT,500,76
BID,WMT,500,88
ASK,WMT,500,38
BID,WMT,4999,83
ASK,WMT,4997,49
BID,WMT,4996,100
ASK,WMT,4996,57
BID,WMT,4996,74
ASK,WMT,4995,43
BID,WMT,4994,66
ASK,WMT,4994,101
BID,WMT,4994,56
ASK,WMT,4995,40
BID,WMT,4993,90
ASK,WMT,4993,29
BID,WMT,4993,102
ASK,WMT,4993,38
BID,WMT,4993,73
ASK,WMT,4993,14
BID,WMT,4993,67
ASK,WMT,4992,31
BID,WMT,4992,16
ASK,WMT,4991,68
BID,WMT,4991,61
ASK,WMT,4989,37
BID,WMT,4989,57
ASK,WMT,4988,100
BID,WMT,4986,80
ASK,WMT,4985,37
BID,WMT,4984,78
ASK,WMT,4985,85
BID,WMT,4984,3
ASK,WMT,4984,25
BID,WMT,4983,1
ASK,WMT,4983,34
BID,WMT,4983,2
ASK,WMT,4983,11
BID,WMT,4982,58
ASK,WMT,4982,34
BID,WMT,4981,81
ASK,WMT,4984,99
BID,WMT,4979,99
ASK,WMT,4979,62
BID,WMT,4979,69
ASK,WMT,4979,93
BID,WMT,4976,92
ASK,WMT,4976,65
BID,WMT,4975,13
ASK,WMT,4976,45
BID,WMT,4975,75
ASK,WMT,4976,4
BID,WMT,4975,68
ASK,WMT,4975,14
BID,WMT,4971,26
ASK,WMT,4971,27
BID,WMT,4971,49
ASK,WMT,4971,3
BID,WMT,497,90
ASK,WMT,4969,70
BID,WMT,4969,12
ASK,WMT,4968,10
BID,WMT,4967,98
ASK,WMT,4965,54
BID,WMT,4965,2
ASK,WMT,4965,83
BID,WMT,4965,34
ASK,WMT,4968,37
BID,WMT,4964,28
ASK,WMT,4964,57
BID,WMT,4964,33
ASK,WMT,4964,92
BID,WMT,4963,3
ASK,WMT,4961,102
BID,WMT,496,45
ASK,WMT,4959,18
BID,WMT,4959,24
ASK,WMT,4958,47
BID,WMT,4958,70
ASK,WMT,4956,7
BID,WMT,4956,71
ASK,WMT,4956,43
BID,WMT,4956,15
ASK,WMT,4954,78
BID,WMT,4952,98
ASK,WMT,4954,24
BID,WMT,4951,44
ASK,WMT,495,11
BID,WMT,495,6
ASK,WMT,4949,80
BID,WMT,4949,17
ASK,WMT,4949,100
BID,WMT,4948,61
ASK,WMT,4948,59
BID,WMT,4948,63
ASK,WMT,4948,4
BID,WMT,4947,70
ASK,WMT,4945,44
BID,WMT,4945,31
ASK,WMT,4944,20
BID,WMT,4943,94
ASK,WMT,4943,11
BID,WMT,4941,99
ASK,WMT,4941,75
BID,WMT,4939,15
ASK,WMT,4938,9
BID,WMT,4938,12
ASK,WMT,4937,76
BID,WMT,4937,29
ASK,WMT,4936,44
BID,WMT,4936,5
ASK,WMT,4938,77
BID,WMT,4934,10
ASK,WMT,4934,91
BID,WMT,4934,91
ASK,WMT,4934,24
BID,WMT,4933,12
ASK,WMT,4933,96
BID,WMT,4933,27
ASK,WMT,4926,57
BID,WMT,4926,89
ASK,WMT,4925,43
BID,WMT,4924,60
ASK,WMT,4927,90
BID,WMT,4924,44
ASK,WMT,4921,37
BID,WMT,4921,28
ASK,WMT,492,39
BID,WMT,492,30
ASK,WMT,4921,75
BID,WMT,492,54
ASK,WMT,492,71
BID,WMT,492,68
ASK,WMT,4919,82
BID,WMT,4919,71
ASK,WMT,4919,32
BID,WMT,4918,20
ASK,WMT,4918,4
BID,WMT,4917,80
ASK,WMT,4916,86
BID,WMT,4916,43
ASK,WMT,4916,91
BID,WMT,4916,98
ASK,WMT,4915,4
BID,WMT,4915,1
ASK,WMT,4914,96
BID,WMT,4913,28
ASK,WMT,4913,45
BID,WMT,4913,65
ASK,WMT,4913,43
BID,WMT,4912,57
ASK,WMT,4911,42
BID,WMT,4911,27
ASK,WMT,4911,91
BID,WMT,491,40
ASK,WMT,491,29
BID,WMT,4909,98
ASK,WMT,4909,62
BID,WMT,4909,75
ASK,WMT,4908,59
BID,WMT,4908,99
ASK,WMT,4913,12
BID,WMT,4908,13
ASK,WMT,4908,64
BID,WMT,4908,69
ASK,WMT,4902,80
BID,WMT,4901,11
ASK,WMT,490,19
BID,WMT,4899,14
ASK,WMT,4899,100
BID,WMT,4897,47
ASK,WMT,4898,32
BID,WMT,4897,93
ASK,WMT,4896,58
BID,WMT,4896,78
ASK,WMT,4894,42
BID,WMT,4893,40
ASK,WMT,4893,40
BID,WMT,4891,48
ASK,WMT,4889,94
BID,WMT,4889,68
ASK,WMT,4889,18
BID,WMT,4888,11
ASK,WMT,489,3
BID,WMT,4888,96
ASK,WMT,4888,92
BID,WMT,4888,58
ASK,WMT,4886,100
BID,WMT,4885,34
ASK,WMT,4885,47
BID,WMT,4885,74
ASK,WMT,4885,5
BID,WMT,4885,28
ASK,WMT,4884,26
BID,WMT,4884,51
ASK,WMT,4885,77
BID,WMT,4884,51
ASK,WMT,4883,41
BID,WMT,4883,97
ASK,WMT,4883,45
BID,WMT,4882,4
ASK,WMT,4882,17
BID,WMT,4882,47
ASK,WMT,4882,51
BID,WMT,4881,18
ASK,WMT,4882,82
BID,WMT,4881,97
ASK,WMT,4877,100
BID,WMT,4876,101
ASK,WMT,4875,52
BID,WMT,4874,12
ASK,WMT,4875,34
BID,WMT,4874,22
ASK,WMT,4872,42
BID,WMT,4871,84
ASK,WMT,4871,18
BID,WMT,487,29
ASK,WMT,4869,28
BID,WMT,4869,80
ASK,WMT,4869,47
BID,WMT,4869,43
ASK,WMT,4868,4
BID,WMT,4868,30
ASK,WMT,4866,16
BID,WMT,4866,48
ASK,WMT,4866,36
BID,WMT,4865,37
ASK,WMT,4864,29
BID,WMT,4864,76
ASK,WMT,4864,92
BID,WMT,4864,1
ASK,WMT,4862,49
BID,WMT,4861,53
ASK,WMT,4862,85
BID,WMT,4861,80
ASK,WMT,4859,39
BID,WMT,4859,79
ASK,WMT,4859,21
BID,WMT,4859,91
ASK,WMT,4859,17
BID,WMT,4858,49
ASK,WMT,4858,89
BID,WMT,4857,29
ASK,WMT,4856,101
BID,WMT,4856,27
ASK,WMT,4856,88
BID,WMT,4855,57
ASK,WMT,4856,74
BID,WMT,4854,28
ASK,WMT,4853,84
BID,WMT,4853,76
ASK,WMT,4853,69
BID,WMT,4852,94
ASK,WMT,4853,82
BID,WMT,4852,40
ASK,WMT,4851,50
BID,WMT,4851,89
ASK,WMT,4851,24
BID,WMT,4851,5
ASK,WMT,4851,35
BID,WMT,4849,96
ASK,WMT,485,92
BID,WMT,4849,39
ASK,WMT,485,66
BID,WMT,4849,71
ASK,WMT,4848,43
BID,WMT,4848,51
ASK,WMT,4847,76
BID,WMT,4847,80
ASK,WMT,4846,79
BID,WMT,4846,27
ASK,WMT,4846,40
BID,WMT,4845,83
ASK,WMT,4843,48
BID,WMT,4843,63
ASK,WMT,4842,23
BID,WMT,4842,63
ASK,WMT,4842,45
BID,WMT,4842,99
ASK,WMT,4841,77
BID,WMT,484,59
ASK,WMT,484,27
BID,WMT,484,85
ASK,WMT,4839,1
BID,WMT,4838,63
ASK,WMT,4835,12
BID,WMT,4835,76
ASK,WMT,4835,22
BID,WMT,4834,60
ASK,WMT,4835,100
BID,WMT,4834,21
ASK,WMT,4834,64
BID,WMT,4833,1
ASK,WMT,4835,28
BID,WMT,4832,53
ASK,WMT,4835,1
BID,WMT,4832,92
ASK,WMT,4833,33
BID,WMT,4832,62
ASK,WMT,4832,17
BID,WMT,4831,52
ASK,WMT,4831,76
BID,WMT,4829,46
ASK,WMT,4829,69
BID,WMT,4829,1
ASK,WMT,4829,98
BID,WMT,4829,102
ASK,WMT,4829,51
BID,WMT,4828,57
ASK,WMT,4826,19
BID,WMT,4826,56
ASK,WMT,4827,69
BID,WMT,4826,99
ASK,WMT,4826,9
BID,WMT,4825,76
ASK,WMT,4824,24
BID,WMT,4824,79
ASK,WMT,4824,48
BID,WMT,4823,84
ASK,WMT,4823,87
BID,WMT,4823,60
ASK,WMT,4826,46
BID,WMT,4822,29
ASK,WMT,4822,9
BID,WMT,4822,84
ASK,WMT,4822,36
BID,WMT,4821,40
ASK,WMT,4822,21
BID,WMT,4821,59
ASK,WMT,4822,21
BID,WMT,4821,23
ASK,WMT,4819,13
BID,WMT,4818,41
ASK,WMT,4818,81
BID,WMT,4818,16
ASK,WMT,4817,78
BID,WMT,4817,69
ASK,WMT,4817,54
BID,WMT,4817,71
ASK,WMT,4817,61
BID,WMT,4817,45
ASK,WMT,4814,79
BID,WMT,4813,73
ASK,WMT,4814,48
BID,WMT,4813,71
ASK,WMT,4812,5
BID,WMT,4811,98
ASK,WMT,4811,17
BID,WMT,4811,41
ASK,WMT,4812,66
BID,WMT,481,8
ASK,WMT,4809,6
BID,WMT,4809,6
ASK,WMT,4809,101
BID,WMT,4809,59
ASK,WMT,4808,18
BID,WMT,4808,6
ASK,WMT,4808,94
BID,WMT,4807,82
ASK,WMT,4808,100
BID,WMT,4807,40
ASK,WMT,4807,94
BID,WMT,4807,74
ASK,WMT,4808,69
BID,WMT,4807,92
ASK,WMT,4807,72
BID,WMT,4806,71
ASK,WMT,4805,62
BID,WMT,4805,76
ASK,WMT,4805,21
BID,WMT,4804,85
ASK,WMT,4803,67
BID,WMT,4803,82
ASK,WMT,4803,32
BID,WMT,4803,58
ASK,WMT,4802,102
BID,WMT,4802,82
ASK,WMT,4802,102
BID,WMT,4801,40
ASK,WMT,4801,100
BID,WMT,4801,15
ASK,WMT,480,16
BID,WMT,480,13
ASK,WMT,4799,41
BID,WMT,4798,61
ASK,WMT,4798,10
BID,WMT,4798,71
ASK,WMT,4797,34
BID,WMT,4797,17
ASK,WMT,4797,60
BID,WMT,4796,93
ASK,WMT,4796,19
BID,WMT,4795,46
ASK,WMT,4795,93
BID,WMT,4794,62
ASK,WMT,4794,70
BID,WMT,4794,49
ASK,WMT,4795,50
BID,WMT,4793,43
ASK,WMT,4794,56
BID,WMT,4792,62
ASK,WMT,4791,20
BID,WMT,4791,75
ASK,WMT,4792,10
BID,WMT,4791,78
ASK,WMT,4792,76
BID,WMT,4791,84
ASK,WMT,4791,78
BID,WMT,479,6
ASK,WMT,479,91
BID,WMT,4788,34
ASK,WMT,4788,45
BID,WMT,4788,72
ASK,WMT,4788,22
BID,WMT,4788,11
ASK,WMT,4788,43
BID,WMT,4787,73
ASK,WMT,4786,83
BID,WMT,4786,62
ASK,WMT,4786,96
BID,WMT,4786,84
ASK,WMT,4785,50
BID,WMT,4785,48
ASK,WMT,4784,20
BID,WMT,4783,54
ASK,WMT,4784,102
BID,WMT,4783,60
ASK,WMT,4784,75
BID,WMT,4783,75
ASK,WMT,4784,75
BID,WMT,4782,49
ASK,WMT,4782,72
BID,WMT,4782,65
ASK,WMT,4782,50
BID,WMT,4782,44
ASK,WMT,4782,18
BID,WMT,4781,18
ASK,WMT,478,41
BID,WMT,478,8
ASK,WMT,4776,87
BID,WMT,4776,20
ASK,WMT,4777,78
BID,WMT,4776,18
ASK,WMT,4775,68
BID,WMT,4775,53
ASK,WMT,4776,36
BID,BSX,4774,53
ASK,BSX,4774,25
BID,WMT,4773,25
ASK,WMT,4773,36
BID,WMT,4772,4
ASK,WMT,4772,30
BID,WMT,4772,74
ASK,WMT,4772,22
BID,WMT,4772,70
ASK,WMT,4772,66
BID,WMT,4772,86
ASK,WMT,4769,34
BID,BSX,4769,46
ASK,BSX,477,49
BID,WMT,4769,9
ASK,WMT,4769,73
BID,WMT,4767,8
ASK,WMT,4767,26
BID,WMT,4767,57
ASK,WMT,4767,98
BID,BSX,4766,32
ASK,BSX,4766,45
BID,WMT,4765,18
ASK,WMT,4763,37
BID,WMT,4762,32
ASK,WMT,4762,73
BID,WMT,4761,4
ASK,WMT,4762,99
BID,WMT,4761,27
ASK,WMT,4762,37
BID,WMT,4761,83
ASK,WMT,4764,33
BID,WMT,4761,96
ASK,WMT,4761,56
BID,WMT,476,77
ASK,WMT,476,38
BID,WMT,476,102
ASK,WMT,476,102
BID,WMT,476,71
ASK,WMT,476,97
BID,WMT,4759,80
ASK,WMT,4759,93
BID,BSX,4759,45
ASK,BSX,476,98
BID,WMT,4759,6
ASK,WMT,476,52
BID,WMT,4759,47
ASK,WMT,4759,37
BID,WMT,4758,75
ASK,WMT,4757,102
BID,WMT,4757,72
ASK,WMT,4758,8
BID,BSX,4757,27
ASK,BSX,4759,93
BID,WMT,4757,74
ASK,WMT,4757,85
BID,WMT,4757,65
ASK,WMT,4757,48
BID,WMT,4756,78
ASK,WMT,4755,40
BID,WMT,4754,82
ASK,WMT,4755,22
BID,WMT,4754,41
ASK,WMT,4756,53
BID,WMT,4754,44
ASK,WMT,4754,50
BID,BSX,4754,55
ASK,BSX,4755,10
BID,WMT,4754,60
ASK,WMT,4754,98
BID,WMT,4753,102
ASK,WMT,4753,20
BID,WMT,4753,67
ASK,WMT,4753,2
BID,WMT,4753,4
ASK,WMT,4752,102
BID,WMT,4752,15
ASK,WMT,4752,65
BID,WMT,4751,64
ASK,WMT,4751,81
BID,WMT,4751,16
ASK,WMT,475,74
BID,WMT,475,14
ASK,WMT,475,95
BID,WMT,475,1
ASK,WMT,475,87
BID,WMT,4748,84
ASK,WMT,4746,54
BID,WMT,4746,60
ASK,WMT,4746,45
BID,WMT,4745,42
ASK,WMT,4745,57
BID,WMT,4745,46
ASK,WMT,4746,34
BID,WMT,4744,50
ASK,WMT,4745,49
BID,WMT,4744,42
ASK,WMT,4744,41
BID,WMT,4743,88
ASK,WMT,4742,34
BID,WMT,4742,101
ASK,WMT,4742,73
BID,WMT,4741,19
ASK,WMT,4741,42
BID,WMT,474,100
ASK,WMT,4742,34
BID,WMT,474,59
ASK,WMT,474,70
BID,WMT,474,91
ASK,WMT,4741,6
BID,WMT,4739,79
ASK,WMT,4739,32
BID,WMT,4738,96
ASK,WMT,4738,44
BID,WMT,4738,18
ASK,WMT,4736,84
BID,WMT,4736,14
ASK,WMT,4736,55
BID,WMT,4736,48
ASK,WMT,4736,26
BID,WMT,4736,75
ASK,WMT,4736,42
BID,WMT,4736,48
ASK,WMT,4736,95
BID,WMT,4735,21
ASK,WMT,4738,54
BID,WMT,4735,7
ASK,WMT,4737,79
BID,WMT,4735,25
ASK,WMT,4736,53
BID,WMT,4731,99
ASK,WMT,4732,48
BID,WMT,4731,101
ASK,WMT,4732,99
BID,WMT,4731,57
ASK,WMT,4731,32
BID,WMT,4731,43
ASK,WMT,4731,81
BID,BSX,473,79
ASK,BSX,473,92
BID,BSX,4729,79
ASK,BSX,473,77
BID,WMT,4729,73
ASK,WMT,4729,49
BID,WMT,4729,101
ASK,WMT,4728,78
BID,WMT,4728,86
ASK,WMT,4729,101
BID,WMT,4728,62
ASK,WMT,4727,51
BID,BSX,4727,42
ASK,BSX,4728,25
BID,WMT,4727,34
ASK,WMT,4727,18
BID,WMT,4726,51
ASK,WMT,4727,45
BID,WMT,4726,71
ASK,WMT,4727,93
BID,WMT,4726,63
ASK,WMT,4727,13
BID,WMT,4726,26
ASK,WMT,4727,47
BID,WMT,4726,71
ASK,WMT,4725,92
BID,BSX,4724,78
ASK,BSX,4724,40
BID,WMT,4723,88
ASK,WMT,4723,92
BID,WMT,4723,46
ASK,WMT,4723,30
BID,WMT,4723,66
ASK,WMT,4722,48
BID,WMT,4722,76
ASK,WMT,4722,10
BID,WMT,4722,90
ASK,WMT,4722,1
BID,WMT,4722,37
ASK,WMT,4721,24
BID,BSX,4721,32
ASK,BSX,4722,82
BID,WMT,4721,29
ASK,WMT,4719,96
BID,WMT,4719,4
ASK,WMT,472,44
BID,WMT,4718,64
ASK,WMT,4719,56
BID,BSX,4718,100
ASK,BSX,4719,50
BID,WMT,4718,13
ASK,WMT,472,6
BID,WMT,4717,99
ASK,WMT,4715,90
BID,BSX,4715,3
ASK,BSX,4716,62
BID,WMT,4715,22
ASK,WMT,4713,1
BID,WMT,4712,92
ASK,WMT,4711,76
BID,BSX,4711,83
ASK,BSX,4712,5
BID,BSX,4711,72
ASK,BSX,4711,90
BID,WMT,471,79
ASK,WMT,4709,20
BID,WMT,4709,5
ASK,WMT,4709,15
BID,WMT,4709,96
ASK,WMT,4709,70
BID,WMT,4708,47
ASK,WMT,4707,11
BID,WMT,4707,96
ASK,WMT,4707,91
BID,WMT,4706,29
ASK,WMT,4707,41
BID,WMT,4706,15
ASK,WMT,4706,6
BID,BSX,4705,80
ASK,BSX,4706,32
BID,WMT,4705,102
ASK,WMT,4705,65
BID,BSX,4705,22
ASK,BSX,4705,61
BID,BSX,4704,40
ASK,BSX,4703,29
BID,BSX,4702,57
ASK,BSX,4702,40
BID,WMT,4701,44
ASK,WMT,4701,98
BID,WMT,4701,54
ASK,WMT,4701,37
BID,WMT,4701,56
ASK,WMT,4701,45
BID,WMT,4701,53
ASK,WMT,470,76
BID,WMT,470,38
ASK,WMT,4699,47
BID,WMT,4699,9
ASK,WMT,4697,27
BID,WMT,4697,61
ASK,WMT,4697,38
BID,WMT,4696,15
ASK,WMT,4697,99
BID,WMT,4696,43
ASK,WMT,4696,57
BID,WMT,4696,90
ASK,WMT,4697,2
BID,WMT,4695,78
ASK,WMT,4695,35
BID,WMT,4694,53
ASK,WMT,4695,35
BID,WMT,4694,23
ASK,WMT,4693,41
BID,WMT,4693,5
ASK,WMT,4693,70
BID,WMT,4693,67
ASK,WMT,4693,6
BID,WMT,4692,79
ASK,WMT,4693,1
BID,WMT,4692,72
ASK,WMT,4692,22
BID,WMT,4692,25
ASK,WMT,4692,14
BID,WMT,4692,54
ASK,WMT,4693,101
BID,BSX,4691,31
ASK,BSX,4691,16
BID,WMT,469,74
ASK,WMT,469,78
BID,WMT,469,47
ASK,WMT,469,88
BID,WMT,469,9
ASK,WMT,4689,66
BID,WMT,4689,84
ASK,WMT,4689,93
BID,WMT,4688,30
ASK,WMT,4688,48
BID,WMT,4687,39
ASK,WMT,4687,81
BID,WMT,4687,12
ASK,WMT,4687,86
BID,WMT,4686,80
ASK,WMT,4686,68
BID,WMT,4686,6
ASK,WMT,4686,41
BID,WMT,4686,89
ASK,WMT,4686,65
BID,WMT,4686,60
ASK,WMT,4689,87
BID,WMT,4685,85
ASK,WMT,4684,81
BID,WMT,4684,21
ASK,WMT,4684,7
BID,WMT,4684,70
ASK,WMT,4684,14
BID,WMT,4684,54
ASK,WMT,4684,61
BID,WMT,4683,56
ASK,WMT,4685,61
BID,WMT,4683,96
ASK,WMT,4683,96
BID,WMT,4683,92
ASK,WMT,4683,74
BID,BSX,4682,12
ASK,BSX,4683,70
BID,WMT,4682,28
ASK,WMT,4682,93
BID,WMT,4682,101
ASK,WMT,4681,37
BID,WMT,4681,99
ASK,WMT,4681,16
BID,BSX,468,97
ASK,BSX,4681,78
BID,WMT,468,23
ASK,WMT,4677,19
BID,WMT,4677,25
ASK,WMT,4677,15
BID,WMT,4676,89
ASK,WMT,4675,63
BID,WMT,4674,98
ASK,WMT,4673,94
BID,WMT,4673,92
ASK,WMT,4672,28
BID,WMT,4672,86
ASK,WMT,4673,70
BID,WMT,4672,26
ASK,WMT,4672,86
BID,BSX,4671,7
ASK,BSX,4672,46
BID,BSX,4671,96
ASK,BSX,4672,95
BID,WMT,4671,41
ASK,WMT,4671,75
BID,WMT,467,56
ASK,WMT,4672,19
BID,WMT,467,72
ASK,WMT,4673,14
BID,WMT,467,69
ASK,WMT,4673,27
BID,WMT,467,28
ASK,WMT,467,59
BID,WMT,467,20
ASK,WMT,4669,76
BID,WMT,4669,101
ASK,WMT,4669,50
BID,WMT,4668,25
ASK,WMT,4668,57
BID,WMT,4668,36
ASK,WMT,4665,38
BID,WMT,4664,102
ASK,WMT,4664,40
BID,WMT,4663,87
ASK,WMT,4666,58
BID,WMT,4663,97
ASK,WMT,4665,15
BID,WMT,4663,81
ASK,WMT,4664,59
BID,WMT,4662,94
ASK,WMT,4663,74
BID,WMT,4662,8
ASK,WMT,4663,49
BID,WMT,4662,29
ASK,WMT,4662,21
BID,WMT,4662,15
ASK,WMT,4661,30
BID,BSX,4661,34
ASK,BSX,4662,19
BID,WMT,4661,22
ASK,WMT,4661,34
BID,WMT,466,51
ASK,WMT,4661,26
BID,WMT,466,100
ASK,WMT,4661,76
BID,BSX,466,24
ASK,BSX,4661,95
BID,WMT,466,2
ASK,WMT,466,67
BID,WMT,466,21
ASK,WMT,466,37
BID,WMT,4658,16
ASK,WMT,4658,17
BID,WMT,4658,43
ASK,WMT,4658,1
BID,WMT,4657,55
ASK,WMT,4657,12
BID,WMT,4657,12
ASK,WMT,4657,73
BID,WMT,4656,73
ASK,WMT,4657,44
BID,WMT,4656,29
ASK,WMT,4657,15
BID,WMT,4656,20
ASK,WMT,4655,27
BID,WMT,4655,82
ASK,WMT,4654,97
BID,BSX,4654,4
ASK,BSX,4655,98
BID,BSX,4654,85
ASK,BSX,4655,28
BID,WMT,4654,62
ASK,WMT,4655,16
BID,BSX,4653,85
ASK,BSX,4654,69
BID,BSX,4653,32
ASK,BSX,4654,99
BID,WMT,4653,94
ASK,WMT,4652,4
BID,WMT,4651,64
ASK,WMT,4652,24
BID,WMT,4651,51
ASK,WMT,4651,37
BID,WMT,4651,83
ASK,WMT,4651,30
BID,WMT,465,59
ASK,WMT,465,90
BID,WMT,465,50
ASK,WMT,465,15
BID,WMT,465,44
ASK,WMT,465,47
BID,BSX,4649,67
ASK,BSX,465,38
BID,WMT,4649,45
ASK,WMT,4649,95
BID,WMT,4649,90
ASK,WMT,4649,56
BID,BSX,4649,57
ASK,BSX,4649,24
BID,WMT,4648,45
ASK,WMT,4648,97
BID,WMT,4647,96
ASK,WMT,4649,3
BID,BSX,4647,14
ASK,BSX,4648,4
BID,WMT,4647,99
ASK,WMT,4647,24
BID,WMT,4646,21
ASK,WMT,4646,96
BID,WMT,4646,99
ASK,WMT,4646,39
BID,WMT,4645,77
ASK,WMT,4646,102
BID,WMT,4645,57
ASK,WMT,4646,101
BID,WMT,4645,59
ASK,WMT,4646,78
BID,WMT,4644,94
ASK,WMT,4644,62
BID,WMT,4644,37
ASK,WMT,4644,51
BID,WMT,4643,1
ASK,WMT,4643,5
BID,WMT,4643,65
ASK,WMT,4642,6
BID,WMT,4641,73
ASK,WMT,4642,88
BID,WMT,4641,3
ASK,WMT,4641,84
BID,WMT,4641,49
ASK,WMT,464,23
BID,WMT,464,2
ASK,WMT,4637,21
BID,WMT,4637,75
ASK,WMT,4636,21
BID,BSX,4635,17
ASK,BSX,4636,61
BID,BSX,4635,16
ASK,BSX,4636,72
BID,WMT,4635,46
ASK,WMT,4634,1
BID,BSX,4633,69
ASK,BSX,4634,4
BID,BSX,4632,38
ASK,BSX,4633,23
BID,BSX,4632,27
ASK,BSX,4632,68
BID,WMT,4631,47
ASK,WMT,4631,26
BID,WMT,4631,13
ASK,WMT,463,85
BID,WMT,4629,5
ASK,WMT,4629,48
BID,WMT,4628,43
ASK,WMT,4628,60
BID,WMT,4627,54
ASK,WMT,4628,96
BID,BSX,4627,67
ASK,BSX,4628,95
BID,BSX,4627,77
ASK,BSX,4628,92
BID,BSX,4627,87
ASK,BSX,4627,3
BID,WMT,4626,102
ASK,WMT,4628,48
BID,BSX,4625,2
ASK,BSX,4625,66
BID,WMT,4624,12
ASK,WMT,4624,80
BID,BSX,4623,73
ASK,BSX,4624,22
BID,BSX,4623,94
ASK,BSX,4624,28
BID,BSX,4623,90
ASK,BSX,4623,68
BID,WMT,4622,80
ASK,WMT,4618,60
BID,WMT,4618,42
ASK,WMT,4618,75
BID,WMT,4617,10
ASK,WMT,4617,56
BID,WMT,4617,69
ASK,WMT,4617,20
BID,BSX,4615,31
ASK,BSX,4616,65
BID,BSX,4615,35
ASK,BSX,4616,83
BID,WMT,4615,74
ASK,WMT,4614,61
BID,WMT,4613,44
ASK,WMT,4614,15
BID,WMT,4613,97
ASK,WMT,4613,77
BID,BSX,4612,28
ASK,BSX,4613,40
BID,WMT,4612,78
ASK,WMT,4613,92
BID,WMT,4611,64
ASK,WMT,4611,76
BID,WMT,461,31
ASK,WMT,461,82
BID,BSX,4609,11
ASK,BSX,4609,84
BID,WMT,4608,67
ASK,WMT,4608,33
BID,BSX,4608,61
ASK,BSX,4607,82
BID,BSX,4606,89
ASK,BSX,4607,80
BID,BSX,4606,73
ASK,BSX,4607,61
BID,WMT,4606,14
ASK,WMT,4604,86
BID,WMT,4604,96
ASK,WMT,4603,88
BID,BSX,4603,63
ASK,BSX,4604,18
BID,WMT,4603,73
ASK,WMT,4603,67
BID,WMT,4603,62
ASK,WMT,4603,80
BID,BSX,4602,10
ASK,BSX,4601,18
BID,WMT,460,29
ASK,WMT,460,1
BID,WMT,460,65
ASK,WMT,460,37
BID,WMT,460,3
ASK,WMT,460,47
BID,WMT,460,74
ASK,WMT,4599,20
BID,WMT,4599,53
ASK,WMT,4599,88
BID,WMT,4598,48
ASK,WMT,4598,31
BID,BSX,4597,23
ASK,BSX,4593,13
BID,WMT,4591,37
ASK,WMT,4591,65
BID,WMT,459,3
ASK,WMT,4591,78
BID,WMT,459,23
ASK,WMT,459,81
BID,BSX,4589,94
ASK,BSX,4589,83
BID,WMT,4588,30
ASK,WMT,4588,17
BID,WMT,4587,95
ASK,WMT,4591,83
BID,BSX,4586,63
ASK,BSX,4586,22
BID,BSX,4585,14
ASK,BSX,4585,19
BID,WMT,4584,101
ASK,WMT,4584,20
BID,WMT,4583,21
ASK,WMT,4584,37
BID,BSX,4583,65
ASK,BSX,4584,77
BID,BSX,4583,14
ASK,BSX,4583,54
BID,BSX,4581,96
ASK,BSX,4582,43
BID,BSX,4581,28
ASK,BSX,458,30
BID,BSX,4579,92
ASK,BSX,4581,17
BID,WMT,4579,1
ASK,WMT,4579,40
BID,WMT,4579,70
ASK,WMT,4576,78
BID,BSX,4576,50
ASK,BSX,4577,50
BID,WMT,4576,30
ASK,WMT,4575,42
BID,WMT,4575,72
ASK,WMT,4576,48
BID,WMT,4575,15
ASK,WMT,4577,16
BID,BSX,4575,59
ASK,BSX,4576,91
BID,WMT,4575,18
ASK,WMT,4576,61
BID,WMT,4575,55
ASK,WMT,4572,37
BID,BSX,4572,37
ASK,BSX,4573,72
BID,WMT,4572,65
ASK,WMT,4572,71
BID,WMT,4572,88
ASK,WMT,4571,49
BID,BSX,4571,11
ASK,BSX,4572,62
BID,WMT,4571,52
ASK,WMT,4571,97
BID,WMT,457,72
ASK,WMT,457,55
BID,WMT,457,102
ASK,WMT,457,20
BID,WMT,4569,40
ASK,WMT,457,57
BID,WMT,4569,86
ASK,WMT,4569,96
BID,WMT,4569,30
ASK,WMT,4569,47
BID,WMT,4569,32
ASK,WMT,4567,37
BID,BSX,4566,49
ASK,BSX,4567,9
BID,WMT,4566,65
ASK,WMT,4566,61
BID,BSX,4565,46
ASK,BSX,4565,59
BID,WMT,4564,52
ASK,WMT,4564,6
BID,WMT,4563,64
ASK,WMT,4562,2
BID,BSX,4562,87
ASK,BSX,4562,49
BID,WMT,4561,24
ASK,WMT,4561,99
BID,BSX,456,96
ASK,BSX,4561,35
BID,WMT,456,9
ASK,WMT,456,18
BID,BSX,4559,47
ASK,BSX,4563,87
BID,BSX,4559,12
ASK,BSX,456,67
BID,WMT,4558,36
ASK,WMT,4558,13
BID,BSX,4557,73
ASK,BSX,4558,76
BID,WMT,4557,100
ASK,WMT,4557,55
BID,WMT,4556,84
ASK,WMT,4557,94
BID,WMT,4556,21
ASK,WMT,4556,60
BID,WMT,4556,33
ASK,WMT,4555,81
BID,BSX,4555,28
ASK,BSX,4555,50
BID,WMT,4554,53
ASK,WMT,4554,81
BID,BSX,4554,51
ASK,BSX,4552,97
BID,BSX,4551,99
ASK,BSX,4555,9
BID,WMT,4549,26
ASK,WMT,4549,80
BID,WMT,4548,45
ASK,WMT,4547,22
BID,WMT,4547,29
ASK,WMT,4546,16
BID,WMT,4546,15
ASK,WMT,4546,60
BID,BSX,4546,46
ASK,BSX,4547,68
BID,BSX,4546,65
ASK,BSX,4547,57
BID,WMT,4546,17
ASK,WMT,4543,70
BID,BSX,4543,44
ASK,BSX,4544,80
BID,BSX,4542,35
ASK,BSX,4543,91
BID,BSX,4541,90
ASK,BSX,4542,4
BID,BSX,454,56
ASK,BSX,4544,51
BID,WMT,454,31
ASK,WMT,4539,32
BID,WMT,4538,28
ASK,WMT,4536,65
BID,BSX,4535,62
ASK,BSX,4536,93
BID,WMT,4535,20
ASK,WMT,4534,90
BID,BSX,4533,12
ASK,BSX,4534,63
BID,WMT,4533,34
ASK,WMT,4533,92
BID,WMT,4533,86
ASK,WMT,4533,37
BID,WMT,4533,32
ASK,WMT,4533,98
BID,WMT,4531,76
ASK,WMT,4531,31
BID,BSX,4531,88
ASK,BSX,4532,68
BID,BSX,4531,89
ASK,BSX,4531,44
BID,WMT,453,92
ASK,WMT,4528,25
BID,WMT,4528,82
ASK,WMT,4531,31
BID,WMT,4526,49
ASK,WMT,4527,4
BID,WMT,4526,61
ASK,WMT,4526,94
BID,WMT,4525,34
ASK,WMT,4526,37
BID,WMT,4525,76
ASK,WMT,4527,27
BID,WMT,4525,5
ASK,WMT,4525,77
BID,BSX,4524,64
ASK,BSX,4521,17
BID,WMT,452,13
ASK,WMT,4519,52
BID,WMT,4518,41
ASK,WMT,4519,99
BID,WMT,4518,84
ASK,WMT,4518,40
BID,BSX,4517,87
ASK,BSX,4517,27
BID,BSX,4515,62
ASK,BSX,4516,36
BID,WMT,4515,61
ASK,WMT,4516,20
BID,BSX,4514,23
ASK,BSX,4516,66
BID,BSX,4512,102
ASK,BSX,4512,57
BID,WMT,451,28
ASK,WMT,451,10
BID,BSX,4509,66
ASK,BSX,451,38
BID,WMT,4509,49
ASK,WMT,4513,70
BID,BSX,4509,53
ASK,BSX,451,43
BID,WMT,4508,99
ASK,WMT,4507,59
BID,BSX,4507,6
ASK,BSX,4507,7
BID,WMT,4506,88
ASK,WMT,4506,98
BID,WMT,4505,71
ASK,WMT,4503,80
BID,WMT,4503,24
ASK,WMT,4502,46
BID,WMT,4502,91
ASK,WMT,4502,83
BID,BSX,4502,77
ASK,BSX,4504,36
BID,WMT,4501,35
ASK,WMT,4501,40
BID,BSX,450,99
ASK,BSX,4501,9
BID,WMT,450,10
ASK,WMT,4499,32
BID,BSX,4498,47
ASK,BSX,4499,81
BID,BSX,4498,40
ASK,BSX,4499,102
BID,BSX,4498,56
ASK,BSX,4497,47
BID,WMT,4496,90
ASK,WMT,4492,77
BID,BSX,4492,34
ASK,BSX,4491,30
BID,WMT,449,37
ASK,WMT,449,38
BID,BSX,4488,27
ASK,BSX,4492,5
BID,BSX,4488,74
ASK,BSX,4492,68
BID,BSX,4488,23
ASK,BSX,4489,68
BID,WMT,4488,31
ASK,WMT,4488,23
BID,BSX,4487,75
ASK,BSX,4487,15
BID,BSX,4486,6
ASK,BSX,4486,82
BID,BSX,4485,21
ASK,BSX,4486,96
BID,BSX,4485,101
ASK,BSX,4487,21
BID,BSX,4484,77
ASK,BSX,4485,57
BID,WMT,4484,41
ASK,WMT,4487,12
BID,WMT,4484,3
ASK,WMT,4483,51
BID,BSX,4483,93
ASK,BSX,4484,2
BID,BSX,4483,102
ASK,BSX,4484,3
BID,BSX,4483,58
ASK,BSX,4483,6
BID,BSX,4482,27
ASK,BSX,4482,15
BID,BSX,448,74
ASK,BSX,4482,84
BID,WMT,4479,87
ASK,WMT,4479,94
BID,WMT,4479,36
ASK,WMT,4479,6
BID,WMT,4479,29
ASK,WMT,4477,71
BID,BSX,4477,53
ASK,BSX,4475,4
BID,WMT,4474,67
ASK,WMT,4474,31
BID,WMT,4473,46
ASK,WMT,4471,51
BID,BSX,447,38
ASK,BSX,4471,61
BID,BSX,447,3
ASK,BSX,4471,54
BID,BSX,447,35
ASK,BSX,447,49
BID,WMT,4469,52
ASK,WMT,4469,91
BID,WMT,4468,12
ASK,WMT,4469,44
BID,WMT,4467,12
ASK,WMT,4467,99
BID,BSX,4467,79
ASK,BSX,4467,102
BID,WMT,4466,89
ASK,WMT,4465,99
BID,WMT,4465,35
ASK,WMT,4465,81
BID,BSX,4464,85
ASK,BSX,4465,98
BID,BSX,4464,55
ASK,BSX,4465,18
BID,BSX,4464,47
ASK,BSX,4461,42
BID,BSX,446,28
ASK,BSX,4459,98
BID,WMT,4458,63
ASK,WMT,4458,40
BID,BSX,4458,71
ASK,BSX,4458,56
BID,WMT,4457,89
ASK,WMT,4453,19
BID,WMT,4453,85
ASK,WMT,4453,22
BID,BSX,4451,97
ASK,BSX,445,46
BID,BSX,4449,95
ASK,BSX,4449,95
BID,BSX,4448,46
ASK,BSX,4448,59
BID,WMT,4447,80
ASK,WMT,4447,39
BID,WMT,4447,42
ASK,WMT,4446,50
BID,WMT,4446,28
ASK,WMT,4446,10
BID,WMT,4445,17
ASK,WMT,4446,62
BID,BSX,4445,23
ASK,BSX,4446,29
BID,BSX,4445,40
ASK,BSX,4446,7
BID,BSX,4445,17
ASK,BSX,4444,11
BID,BSX,4443,60
ASK,BSX,4445,49
BID,BSX,4442,6
ASK,BSX,4442,62
BID,WMT,4441,98
ASK,WMT,444,17
BID,WMT,444,60
ASK,WMT,444,79
BID,WMT,444,87
ASK,WMT,4439,74
BID,BSX,4437,11
ASK,BSX,4437,66
BID,WMT,4436,50
ASK,WMT,4437,19
BID,BSX,4436,50
ASK,BSX,4436,7
BID,WMT,4435,34
ASK,WMT,4435,78
BID,WMT,4433,79
ASK,WMT,4435,12
BID,BSX,4433,66
ASK,BSX,4434,9
BID,WMT,4433,47
ASK,WMT,4433,6
BID,BSX,4432,9
ASK,BSX,4433,49
BID,BSX,4432,35
ASK,BSX,4432,93
BID,WMT,4431,11
ASK,WMT,443,24
BID,BSX,4429,41
ASK,BSX,443,79
BID,BSX,4429,36
ASK,BSX,443,52
BID,BSX,4429,44
ASK,BSX,4428,57
BID,BSX,4427,31
ASK,BSX,4428,4
BID,BSX,4427,17
ASK,BSX,443,18
BID,BSX,4427,3
ASK,BSX,4428,68
BID,BSX,4427,98
ASK,BSX,4427,32
BID,BSX,4426,99
ASK,BSX,4426,84
BID,BSX,4425,58
ASK,BSX,4426,3
BID,WMT,4425,39
ASK,WMT,4424,70
BID,BSX,4424,48
ASK,BSX,4431,53
BID,BSX,4424,22
ASK,BSX,4424,60
BID,BSX,4423,59
ASK,BSX,4424,23
BID,WMT,4423,27
ASK,WMT,4423,87
BID,WMT,4423,66
ASK,WMT,4422,51
BID,WMT,4422,99
ASK,WMT,4422,78
BID,WMT,4422,39
ASK,WMT,4423,23
BID,BSX,4421,32
ASK,BSX,4422,43
BID,BSX,4421,19
ASK,BSX,4421,29
BID,BSX,442,47
ASK,BSX,4423,84
BID,BSX,4419,1
ASK,BSX,442,101
BID,WMT,4419,6
ASK,WMT,442,11
BID,WMT,4418,99
ASK,WMT,4418,52
BID,WMT,4418,87
ASK,WMT,4418,62
BID,WMT,4418,86
ASK,WMT,4418,9
BID,BSX,4418,93
ASK,BSX,4418,40
BID,BSX,4417,92
ASK,BSX,4417,40
BID,BSX,4416,42
ASK,BSX,4417,15
BID,BSX,4416,16
ASK,BSX,4417,62
BID,WMT,4416,34
ASK,WMT,4416,78
BID,WMT,4416,24
ASK,WMT,4416,77
BID,WMT,4414,64
ASK,WMT,4414,15
BID,BSX,4414,39
ASK,BSX,4414,7
BID,BSX,4413,99
ASK,BSX,4412,17
BID,WMT,4411,97
ASK,WMT,4411,95
BID,WMT,4411,61
ASK,WMT,4412,27
BID,BSX,4411,24
ASK,BSX,4411,5
BID,WMT,441,101
ASK,WMT,4411,53
BID,WMT,441,89
ASK,WMT,441,55
BID,BSX,4409,50
ASK,BSX,441,47
BID,WMT,4409,88
ASK,WMT,4409,17
BID,WMT,4409,79
ASK,WMT,4409,101
BID,WMT,4408,46
ASK,WMT,4407,13
BID,BSX,4407,68
ASK,BSX,4408,37
BID,BSX,4407,101
ASK,BSX,4412,11
BID,WMT,4407,51
ASK,WMT,4407,77
BID,WMT,4406,77
ASK,WMT,4406,30
BID,WMT,4406,77
ASK,WMT,4407,25
BID,BSX,4406,2
ASK,BSX,4407,60
BID,BSX,4406,85
ASK,BSX,4406,83
BID,WMT,4405,86
ASK,WMT,4405,82
BID,BSX,4404,7
ASK,BSX,4405,75
BID,WMT,4404,18
ASK,WMT,4403,55
BID,WMT,4402,20
ASK,WMT,4401,62
BID,WMT,4401,37
ASK,WMT,4401,24
BID,WMT,440,37
ASK,WMT,4401,32
BID,BSX,440,7
ASK,BSX,4401,37
BID,WMT,440,63
ASK,WMT,440,34
BID,WMT,4399,23
ASK,WMT,440,6
BID,WMT,4399,71
ASK,WMT,4397,81
BID,BSX,4396,46
ASK,BSX,440,88
BID,BSX,4396,20
ASK,BSX,4397,26
BID,BSX,4396,35
ASK,BSX,4397,70
BID,WMT,4396,22
ASK,WMT,4396,41
BID,BSX,4396,24
ASK,BSX,4398,99
BID,BSX,4395,13
ASK,BSX,4397,25
BID,WMT,4395,97
ASK,WMT,4395,97
BID,BSX,4395,5
ASK,BSX,4395,22
BID,WMT,4394,39
ASK,WMT,4394,29
BID,BSX,4393,18
ASK,BSX,4395,53
BID,BSX,4393,65
ASK,BSX,4393,14
BID,BSX,4392,61
ASK,BSX,4393,30
BID,WMT,4392,62
ASK,WMT,4392,21
BID,WMT,4391,100
ASK,WMT,4392,4
BID,BSX,4391,96
ASK,BSX,4391,66
BID,BSX,439,29
ASK,BSX,4391,3
BID,BSX,439,95
ASK,BSX,4391,77
BID,BSX,439,71
ASK,BSX,439,10
BID,WMT,4389,30
ASK,WMT,4389,51
BID,WMT,4388,16
ASK,WMT,4388,23
BID,WMT,4388,35
ASK,WMT,4388,21
BID,WMT,4388,83
ASK,WMT,4388,65
BID,WMT,4388,40
ASK,WMT,4388,41
BID,BSX,4387,51
ASK,BSX,4389,23
BID,WMT,4387,96
ASK,WMT,4385,24
BID,BSX,4384,35
ASK,BSX,4385,63
BID,WMT,4384,99
ASK,WMT,4382,28
BID,BSX,4382,56
ASK,BSX,4385,50
BID,WMT,4382,62
ASK,WMT,4382,72
BID,BSX,4381,6
ASK,BSX,4382,27
BID,WMT,4381,6
ASK,WMT,4382,101
BID,BSX,4381,100
ASK,BSX,4381,35
BID,BSX,438,32
ASK,BSX,4382,36
BID,WMT,438,16
ASK,WMT,4378,41
BID,BSX,4378,101
ASK,BSX,4379,12
BID,WMT,4378,12
ASK,WMT,4378,34
BID,WMT,4378,85
ASK,WMT,4378,30
BID,BSX,4377,74
ASK,BSX,4376,74
BID,BSX,4375,17
ASK,BSX,4376,82
BID,WMT,4375,81
ASK,WMT,4375,28
BID,WMT,4374,57
ASK,WMT,4375,38
BID,BSX,4374,16
ASK,BSX,4375,31
BID,BSX,4374,94
ASK,BSX,4375,20
BID,BSX,4374,80
ASK,BSX,4374,14
BID,BSX,4373,41
ASK,BSX,4373,20
BID,BSX,4372,95
ASK,BSX,4373,77
BID,BSX,4372,86
ASK,BSX,4373,30
BID,WMT,4372,60
ASK,WMT,437,2
BID,BSX,437,79
ASK,BSX,4369,97
BID,WMT,4368,53
ASK,WMT,4368,3
BID,BSX,4366,60
ASK,BSX,4365,72
BID,BSX,4364,9
ASK,BSX,4364,33
BID,BSX,4363,21
ASK,BSX,4363,90
BID,BSX,4362,26
ASK,BSX,4363,84
BID,BSX,4362,59
ASK,BSX,4362,19
BID,BSX,4361,48
ASK,BSX,4365,32
BID,BSX,4361,18
ASK,BSX,4361,81
BID,BSX,436,88
ASK,BSX,436,100
BID,BSX,4359,46
ASK,BSX,4359,28
BID,BSX,4358,65
ASK,BSX,4359,68
BID,BSX,4358,10
ASK,BSX,4358,97
BID,BSX,4357,58
ASK,BSX,4358,3
BID,WMT,4357,54
ASK,WMT,4357,4
BID,WMT,4356,64
ASK,WMT,4356,98
BID,WMT,4356,84
ASK,WMT,4356,57
BID,WMT,4355,81
ASK,WMT,4354,99
BID,WMT,4354,47
ASK,WMT,4353,11
BID,WMT,4353,19
ASK,WMT,4353,100
BID,WMT,4353,37
ASK,WMT,4352,59
BID,BSX,4352,43
ASK,BSX,4357,101
BID,WMT,4352,20
ASK,WMT,4352,6
BID,BSX,4351,18
ASK,BSX,435,69
BID,BSX,4349,101
ASK,BSX,435,76
BID,BSX,4348,47
ASK,BSX,4349,91
BID,BSX,4348,76
ASK,BSX,4347,42
BID,BSX,4346,72
ASK,BSX,4346,48
BID,BSX,4345,61
ASK,BSX,4344,99
BID,BSX,4343,102
ASK,BSX,4341,98
BID,BSX,434,15
ASK,BSX,4341,53
BID,WMT,434,71
ASK,WMT,434,25
BID,BSX,434,36
ASK,BSX,434,43
BID,WMT,4339,5
ASK,WMT,4339,65
BID,BSX,4338,54
ASK,BSX,4339,54
BID,WMT,4338,76
ASK,WMT,4338,64
BID,WMT,4337,48
ASK,WMT,4337,90
BID,BSX,4337,2
ASK,BSX,4337,57
BID,BSX,4336,96
ASK,BSX,4336,11
BID,BSX,4335,76
ASK,BSX,4336,81
BID,BSX,4335,14
ASK,BSX,4336,58
BID,BSX,4335,77
ASK,BSX,4336,65
BID,WMT,4334,102
ASK,WMT,4335,40
BID,BSX,4333,88
ASK,BSX,4334,33
BID,BSX,4333,29
ASK,BSX,4339,61
BID,BSX,4333,5
ASK,BSX,4333,52
BID,WMT,4332,83
ASK,WMT,4333,55
BID,WMT,4331,50
ASK,WMT,4329,42
BID,WMT,4329,51
ASK,WMT,4329,5
BID,WMT,4328,34
ASK,WMT,4327,71
BID,WMT,4327,61
ASK,WMT,4329,80
BID,BSX,4326,31
ASK,BSX,4326,91
BID,BSX,4325,29
ASK,BSX,4326,30
BID,BSX,4325,26
ASK,BSX,4326,70
BID,WMT,4325,66
ASK,WMT,4324,90
BID,WMT,4324,25
ASK,WMT,4324,47
BID,BSX,4324,32
ASK,BSX,4324,51
BID,BSX,4323,46
ASK,BSX,4323,2
BID,BSX,4322,61
ASK,BSX,4325,89
BID,BSX,4321,61
ASK,BSX,4322,70
BID,BSX,4321,93
ASK,BSX,432,25
BID,BSX,4319,85
ASK,BSX,4321,41
BID,WMT,4319,20
ASK,WMT,4318,55
BID,WMT,4318,20
ASK,WMT,4318,99
BID,BSX,4318,39
ASK,BSX,4318,11
BID,BSX,4317,32
ASK,BSX,4317,23
BID,BSX,4316,77
ASK,BSX,4317,86
BID,BSX,4316,21
ASK,BSX,4316,19
BID,WMT,4315,31
ASK,WMT,4315,90
BID,BSX,4314,102
ASK,BSX,4315,100
BID,WMT,4314,81
ASK,WMT,4315,12
BID,BSX,4312,41
ASK,BSX,4313,2
BID,BSX,4312,84
ASK,BSX,4313,90
BID,BSX,4312,13
ASK,BSX,4313,15
BID,WMT,4312,65
ASK,WMT,4312,13
BID,WMT,4312,81
ASK,WMT,4312,72
BID,BSX,4311,27
ASK,BSX,4312,20
BID,BSX,4311,6
ASK,BSX,4311,15
BID,WMT,431,6
ASK,WMT,431,71
BID,BSX,4309,16
ASK,BSX,431,16
BID,BSX,4309,96
ASK,BSX,4309,28
BID,BSX,4306,30
ASK,BSX,4307,63
BID,BSX,4306,68
ASK,BSX,4307,1
BID,WMT,4306,9
ASK,WMT,4305,21
BID,WMT,4304,89
ASK,WMT,4305,70
BID,BSX,4304,55
ASK,BSX,4304,65
BID,BSX,4303,9
ASK,BSX,4304,31
BID,BSX,4303,27
ASK,BSX,4304,89
BID,WMT,4303,42
ASK,WMT,4305,79
BID,BSX,4302,72
ASK,BSX,4306,47
BID,WMT,4302,4
ASK,WMT,4302,75
BID,BSX,4301,55
ASK,BSX,4303,14
BID,BSX,4301,74
ASK,BSX,4302,62
BID,BSX,4301,81
ASK,BSX,4301,33
BID,BSX,430,16
ASK,BSX,4301,27
BID,WMT,430,101
ASK,WMT,430,102
BID,BSX,4299,7
ASK,BSX,430,55
BID,BSX,4299,48
ASK,BSX,4299,56
BID,WMT,4298,79
ASK,WMT,4298,8
BID,BSX,4297,62
ASK,BSX,4296,89
BID,WMT,4295,23
ASK,WMT,4296,13
BID,BSX,4294,63
ASK,BSX,4296,77
BID,BSX,4294,24
ASK,BSX,4295,23
BID,WMT,4294,23
ASK,WMT,4292,17
BID,BSX,4292,95
ASK,BSX,4298,90
BID,BSX,4291,77
ASK,BSX,4292,22
BID,WMT,4291,68
ASK,WMT,4293,41
BID,WMT,4291,32
ASK,WMT,4291,17
BID,BSX,429,44
ASK,BSX,4291,71
BID,BSX,429,39
ASK,BSX,4291,42
BID,BSX,429,98
ASK,BSX,4291,60
BID,WMT,429,42
ASK,WMT,4287,98
BID,BSX,4287,44
ASK,BSX,4287,32
BID,BSX,4286,78
ASK,BSX,4287,100
BID,BSX,4285,10
ASK,BSX,4286,48
BID,WMT,4285,69
ASK,WMT,4285,100
BID,WMT,4284,75
ASK,WMT,4283,76
BID,WMT,4282,92
ASK,WMT,4283,95
BID,BSX,4282,23
ASK,BSX,4285,59
BID,BSX,4282,77
ASK,BSX,4283,12
BID,BSX,4282,18
ASK,BSX,4281,58
BID,BSX,428,49
ASK,BSX,428,2
BID,BSX,4279,70
ASK,BSX,428,2
BID,BSX,4279,78
ASK,BSX,428,75
BID,BSX,4279,6
ASK,BSX,4278,52
BID,BSX,4277,14
ASK,BSX,4281,15
BID,BSX,4277,53
ASK,BSX,4277,19
BID,BSX,4276,64
ASK,BSX,4276,1
BID,BSX,4275,3
ASK,BSX,4276,97
BID,BSX,4275,28
ASK,BSX,4277,17
BID,BSX,4274,1
ASK,BSX,4275,21
BID,BSX,4274,47
ASK,BSX,4275,88
BID,BSX,4274,5
ASK,BSX,4275,61
BID,BSX,4274,28
ASK,BSX,4275,50
BID,WMT,4274,8
ASK,WMT,4274,51
BID,BSX,4274,34
ASK,BSX,4274,41
BID,BSX,4273,78
ASK,BSX,4273,80
BID,BSX,4272,86
ASK,BSX,4273,75
BID,BSX,4272,43
ASK,BSX,4273,64
BID,BSX,4272,36
ASK,BSX,4272,52
BID,WMT,4271,8
ASK,WMT,4267,86
BID,BSX,4267,59
ASK,BSX,4268,82
BID,BSX,4267,34
ASK,BSX,4267,53
BID,BSX,4266,32
ASK,BSX,4267,78
BID,BSX,4266,92
ASK,BSX,4266,12
BID,BSX,4265,4
ASK,BSX,4264,10
BID,BSX,4263,27
ASK,BSX,4268,33
BID,WMT,4263,37
ASK,WMT,4263,59
BID,BSX,4262,12
ASK,BSX,4264,15
BID,BSX,4261,67
ASK,BSX,4262,15
BID,WMT,4261,16
ASK,WMT,4261,98
BID,WMT,4261,25
ASK,WMT,4259,74
BID,BSX,4258,63
ASK,BSX,4259,76
BID,BSX,4258,31
ASK,BSX,4259,28
BID,BSX,4258,102
ASK,BSX,4258,42
BID,BSX,4257,57
ASK,BSX,4258,43
BID,BSX,4257,83
ASK,BSX,4261,12
BID,BSX,4257,60
ASK,BSX,4257,62
BID,BSX,4256,40
ASK,BSX,4257,41
BID,BSX,4256,2
ASK,BSX,4257,41
BID,WMT,4256,54
ASK,WMT,4258,85
BID,BSX,4255,89
ASK,BSX,4256,81
BID,BSX,4255,92
ASK,BSX,4256,58
BID,BSX,4255,28
ASK,BSX,4256,13
BID,WMT,4255,40
ASK,WMT,4254,48
BID,BSX,4254,71
ASK,BSX,4254,90
BID,BSX,4253,48
ASK,BSX,4254,50
BID,WMT,4253,31
ASK,WMT,4252,93
BID,BSX,4252,83
ASK,BSX,4253,63
BID,WMT,4252,27
ASK,WMT,4252,20
BID,BSX,4252,60
ASK,BSX,4252,72
BID,WMT,4251,8
ASK,WMT,425,7
BID,BSX,425,63
ASK,BSX,4251,1
BID,BSX,425,82
ASK,BSX,425,24
BID,BSX,4249,96
ASK,BSX,4248,35
BID,BSX,4247,45
ASK,BSX,4246,60
BID,BSX,4245,91
ASK,BSX,4245,21
BID,BSX,4244,78
ASK,BSX,4243,1
BID,BSX,4242,7
ASK,BSX,4243,25
BID,BSX,4242,3
ASK,BSX,4242,72
BID,BSX,4241,56
ASK,BSX,4242,51
BID,BSX,4241,50
ASK,BSX,4238,83
BID,BSX,4237,57
ASK,BSX,4236,92
BID,WMT,4235,31
ASK,WMT,4233,73
BID,BSX,4232,19
ASK,BSX,4233,45
BID,BSX,4232,16
ASK,BSX,4236,34
BID,BSX,4232,28
ASK,BSX,4233,67
BID,BSX,4232,16
ASK,BSX,4231,64
BID,BSX,423,11
ASK,BSX,423,99
BID,BSX,4229,18
ASK,BSX,423,25
BID,BSX,4229,50
ASK,BSX,4228,81
BID,BSX,4227,93
ASK,BSX,4227,30
BID,BSX,4226,39
ASK,BSX,4224,1
BID,BSX,4223,51
ASK,BSX,4223,23
BID,BSX,4222,18
ASK,BSX,4223,14
BID,BSX,4222,52
ASK,BSX,4222,16
BID,BSX,4221,62
ASK,BSX,4221,69
BID,BSX,422,18
ASK,BSX,4221,63
BID,WMT,422,61
ASK,WMT,422,11
BID,BSX,4219,23
ASK,BSX,422,46
BID,BSX,4219,68
ASK,BSX,422,72
BID,WMT,4219,74
ASK,WMT,4219,57
BID,BSX,4219,40
ASK,BSX,4219,59
BID,BSX,4218,31
ASK,BSX,4218,80
BID,BSX,4217,2
ASK,BSX,4217,34
BID,BSX,4216,18
ASK,BSX,4215,97
BID,BSX,4214,86
ASK,BSX,4215,42
BID,BSX,4214,97
ASK,BSX,4214,86
BID,BSX,4213,13
ASK,BSX,4219,50
BID,BSX,4213,71
ASK,BSX,4213,39
BID,BSX,4212,93
ASK,BSX,4212,66
BID,BSX,4211,89
ASK,BSX,4214,5
BID,BSX,4209,81
ASK,BSX,421,42
BID,BSX,4209,41
ASK,BSX,4209,8
BID,BSX,4208,7
ASK,BSX,4209,29
BID,BSX,4208,43
ASK,BSX,4207,22
BID,BSX,4206,55
ASK,BSX,4207,6
BID,BSX,4206,7
ASK,BSX,4206,4
BID,BSX,4204,38
ASK,BSX,4204,44
BID,BSX,4203,60
ASK,BSX,4204,32
BID,BSX,4203,101
ASK,BSX,4203,71
BID,BSX,4202,59
ASK,BSX,4203,91
BID,WMT,4202,19
ASK,WMT,4201,57
BID,BSX,420,3
ASK,BSX,4199,78
BID,BSX,4198,30
ASK,BSX,4198,101
BID,BSX,4197,56
ASK,BSX,4197,98
BID,WMT,4196,100
ASK,WMT,4196,80
BID,BSX,4195,96
ASK,BSX,4195,42
BID,BSX,4194,74
ASK,BSX,4194,49
BID,BSX,4193,56
ASK,BSX,4193,57
BID,BSX,4192,80
ASK,BSX,4197,5
BID,WMT,4192,67
ASK,WMT,4192,76
BID,BSX,4191,75
ASK,BSX,4191,33
BID,WMT,419,27
ASK,WMT,4189,58
BID,BSX,4189,39
ASK,BSX,4185,53
BID,BSX,4184,98
ASK,BSX,4185,25
BID,BSX,4184,8
ASK,BSX,4185,30
BID,WMT,4184,27
ASK,WMT,4182,74
BID,WMT,4182,95
ASK,WMT,4182,3
BID,WMT,4181,52
ASK,WMT,4181,52
BID,WMT,4181,98
ASK,WMT,418,21
BID,BSX,4179,82
ASK,BSX,418,30
BID,WMT,4179,72
ASK,WMT,4179,70
BID,BSX,4179,97
ASK,BSX,4179,23
BID,BSX,4178,49
ASK,BSX,4178,13
BID,WMT,4178,17
ASK,WMT,4178,34
BID,WMT,4177,95
ASK,WMT,4177,32
BID,WMT,4177,5
ASK,WMT,4177,65
BID,BSX,4177,23
ASK,BSX,4177,23
BID,BSX,4176,8
ASK,BSX,4177,52
BID,BSX,4176,17
ASK,BSX,4177,63
BID,BSX,4176,8
ASK,BSX,4174,83
BID,WMT,4173,19
ASK,WMT,4172,66
BID,BSX,4172,29
ASK,BSX,4172,38
BID,WMT,4171,89
ASK,WMT,417,72
BID,BSX,417,19
ASK,BSX,4171,84
BID,BSX,417,89
ASK,BSX,4168,54
BID,BSX,4167,62
ASK,BSX,4167,35
BID,WMT,4166,53
ASK,WMT,4166,74
BID,WMT,4165,31
ASK,WMT,4164,4
BID,WMT,4164,91
ASK,WMT,4164,62
BID,BSX,4163,94
ASK,BSX,4163,77
BID,BSX,4162,35
ASK,BSX,4163,47
BID,BSX,4162,50
ASK,BSX,4162,92
BID,BSX,4161,53
ASK,BSX,4162,88
BID,BSX,4161,64
ASK,BSX,4161,85
BID,BSX,416,84
ASK,BSX,4164,50
BID,BSX,416,56
ASK,BSX,416,24
BID,WMT,4159,102
ASK,WMT,4158,97
BID,BSX,4158,76
ASK,BSX,4155,65
BID,BSX,4154,31
ASK,BSX,4154,77
BID,BSX,4153,61
ASK,BSX,4153,46
BID,BSX,4152,58
ASK,BSX,415,7
BID,BSX,4149,69
ASK,BSX,4152,47
BID,BSX,4148,62
ASK,BSX,4152,39
BID,BSX,4148,37
ASK,BSX,4148,88
BID,BSX,4147,2
ASK,BSX,4148,67
BID,WMT,4147,21
ASK,WMT,4147,95
BID,BSX,4147,64
ASK,BSX,4147,31
BID,BSX,4146,47
ASK,BSX,4146,7
BID,WMT,4145,45
ASK,WMT,4144,41
BID,WMT,4143,83
ASK,WMT,4144,82
BID,BSX,4143,72
ASK,BSX,4144,27
BID,BSX,4143,67
ASK,BSX,4144,66
BID,BSX,4143,32
ASK,BSX,4143,54
BID,WMT,4142,70
ASK,WMT,4142,10
BID,BSX,4142,18
ASK,BSX,4142,66
BID,WMT,4141,57
ASK,WMT,4141,54
BID,WMT,414,91
ASK,WMT,4139,77
BID,BSX,4138,87
ASK,BSX,4136,85
BID,BSX,4135,49
ASK,BSX,4135,73
BID,BSX,4134,53
ASK,BSX,4134,56
BID,BSX,4133,28
ASK,BSX,4133,34
BID,WMT,4132,33
ASK,WMT,4132,55
BID,WMT,4131,49
ASK,WMT,4131,94
BID,WMT,4131,76
ASK,WMT,4131,85
BID,BSX,4131,97
ASK,BSX,4131,95
BID,BSX,413,35
ASK,BSX,413,62
BID,WMT,4129,88
ASK,WMT,4129,64
BID,BSX,4128,11
ASK,BSX,4129,38
BID,WMT,4128,92
ASK,WMT,4127,54
BID,BSX,4126,15
ASK,BSX,4127,57
BID,WMT,4126,60
ASK,WMT,4129,92
BID,WMT,4125,71
ASK,WMT,4126,57
BID,BSX,4125,38
ASK,BSX,4125,64
BID,WMT,4124,57
ASK,WMT,4123,44
BID,BSX,4123,83
ASK,BSX,4124,94
BID,WMT,4123,86
ASK,WMT,4123,38
BID,WMT,4123,4
ASK,WMT,4122,96
BID,BSX,4122,6
ASK,BSX,4122,49
BID,WMT,4121,37
ASK,WMT,4121,30
BID,WMT,4121,48
ASK,WMT,4121,56
BID,BSX,412,89
ASK,BSX,412,74
BID,BSX,4118,74
ASK,BSX,412,59
BID,BSX,4118,9
ASK,BSX,4119,95
BID,BSX,4118,70
ASK,BSX,4118,25
BID,BSX,4117,40
ASK,BSX,4117,99
BID,BSX,4116,47
ASK,BSX,4117,57
BID,WMT,4116,19
ASK,WMT,4115,81
BID,WMT,4115,57
ASK,WMT,4116,87
BID,WMT,4115,82
ASK,WMT,4115,41
BID,BSX,4114,82
ASK,BSX,4115,66
BID,BSX,4114,48
ASK,BSX,4113,64
BID,WMT,4112,29
ASK,WMT,4112,98
BID,BSX,4112,64
ASK,BSX,4112,71
BID,BSX,4111,14
ASK,BSX,4112,96
BID,WMT,4111,78
ASK,WMT,4111,69
BID,BSX,411,54
ASK,BSX,4109,67
BID,BSX,4108,67
ASK,BSX,4109,11
BID,BSX,4108,97
ASK,BSX,4106,46
BID,BSX,4105,44
ASK,BSX,4106,74
BID,BSX,4105,56
ASK,BSX,4104,20
BID,BSX,4103,70
ASK,BSX,4104,75
BID,BSX,4103,70
ASK,BSX,4103,59
BID,BSX,4102,1
ASK,BSX,4104,79
BID,BSX,4102,32
ASK,BSX,4103,63
BID,BSX,4102,44
ASK,BSX,4102,95
BID,BSX,4101,37
ASK,BSX,4102,17
BID,BSX,4101,94
ASK,BSX,4102,60
BID,WMT,4101,94
ASK,WMT,410,8
BID,BSX,4099,69
ASK,BSX,410,98
BID,BSX,4099,8
ASK,BSX,4099,54
BID,WMT,4098,15
ASK,WMT,410,81
BID,BSX,4097,13
ASK,BSX,4098,37
BID,BSX,4097,102
ASK,BSX,4097,86
BID,BSX,4096,37
ASK,BSX,4096,91
BID,BSX,4094,40
ASK,BSX,4092,70
BID,BSX,4091,25
ASK,BSX,4092,40
BID,BSX,4091,2
ASK,BSX,4093,13
BID,BSX,4091,41
ASK,BSX,4091,42
BID,BSX,409,23
ASK,BSX,4089,43
BID,WMT,4088,50
ASK,WMT,4088,50
BID,WMT,4088,85
ASK,WMT,4088,40
BID,WMT,4088,78
ASK,WMT,4088,90
BID,BSX,4087,56
ASK,BSX,4088,23
BID,BSX,4087,48
ASK,BSX,4087,37
BID,BSX,4086,89
ASK,BSX,4087,76
BID,WMT,4086,56
ASK,WMT,4086,97
BID,BSX,4085,27
ASK,BSX,4086,39
BID,BSX,4085,20
ASK,BSX,4086,11
BID,BSX,4085,44
ASK,BSX,4086,77
BID,WMT,4085,70
ASK,WMT,4083,93
BID,WMT,4082,23
ASK,WMT,4083,8
BID,WMT,4081,10
ASK,WMT,408,98
BID,BSX,4079,27
ASK,BSX,4079,24
BID,WMT,4078,37
ASK,WMT,4077,49
BID,WMT,4077,2
ASK,WMT,4074,57
BID,BSX,4074,91
ASK,BSX,4072,59
BID,WMT,4071,76
ASK,WMT,4071,74
BID,BSX,407,21
ASK,BSX,407,99
BID,BSX,4069,101
ASK,BSX,407,76
BID,BSX,4069,34
ASK,BSX,407,25
BID,BSX,4069,2
ASK,BSX,4068,26
BID,WMT,4067,95
ASK,WMT,4067,85
BID,WMT,4066,1
ASK,WMT,4065,39
BID,BSX,4065,53
ASK,BSX,4066,85
BID,WMT,4065,93
ASK,WMT,4063,26
BID,WMT,4063,91
ASK,WMT,4062,24
BID,BSX,4061,17
ASK,BSX,4062,81
BID,WMT,4061,92
ASK,WMT,4061,57
BID,WMT,406,79
ASK,WMT,4059,90
BID,WMT,4059,5
ASK,WMT,4059,3
BID,WMT,4056,11
ASK,WMT,4059,22
BID,WMT,4056,19
ASK,WMT,4056,26
BID,BSX,4056,97
ASK,BSX,4055,67
BID,WMT,4054,29
ASK,WMT,4054,82
BID,BSX,4053,55
ASK,BSX,4054,68
BID,WMT,4053,32
ASK,WMT,4052,82
BID,WMT,4052,68
ASK,WMT,4052,56
BID,BSX,4051,19
ASK,BSX,4051,10
BID,BSX,405,75
ASK,BSX,4051,49
BID,BSX,405,56
ASK,BSX,4049,34
BID,WMT,4048,70
ASK,WMT,4045,9
BID,BSX,4045,33
ASK,BSX,4044,45
BID,BSX,4043,55
ASK,BSX,4044,63
BID,BSX,4043,31
ASK,BSX,4041,60
BID,BSX,404,101
ASK,BSX,4041,56
BID,WMT,404,69
ASK,WMT,4041,1
BID,WMT,4039,87
ASK,WMT,4039,65
BID,BSX,4039,93
ASK,BSX,4037,98
BID,WMT,4036,97
ASK,WMT,4036,4
BID,WMT,4036,47
ASK,WMT,4034,14
BID,BSX,4034,27
ASK,BSX,4032,1
BID,BSX,4031,6
ASK,BSX,403,38
BID,BSX,4029,62
ASK,BSX,4029,9
BID,BSX,4027,12
ASK,BSX,4025,88
BID,BSX,4024,98
ASK,BSX,4025,63
BID,BSX,4023,6
ASK,BSX,4023,86
BID,BSX,4022,10
ASK,BSX,4022,8
BID,WMT,4021,17
ASK,WMT,4022,50
BID,WMT,4021,17
ASK,WMT,4022,20
BID,BSX,402,89
ASK,BSX,4019,26
BID,BSX,4018,89
ASK,BSX,4019,71
BID,BSX,4018,54
ASK,BSX,4016,5
BID,BSX,4015,48
ASK,BSX,4015,12
BID,WMT,4014,33
ASK,WMT,4012,46
BID,BSX,401,61
ASK,BSX,401,68
BID,BSX,4009,100
ASK,BSX,4005,55
BID,WMT,4004,65
ASK,WMT,4004,22
BID,BSX,4003,91
ASK,BSX,4003,25
BID,BSX,4002,3
ASK,BSX,3997,80
BID,WMT,3996,58
ASK,WMT,3994,37
BID,WMT,3994,100
ASK,WMT,3993,90
BID,BSX,3992,3
ASK,BSX,3992,15
BID,BSX,3991,99
ASK,BSX,3991,60
BID,WMT,399,5
ASK,WMT,399,61
BID,BSX,3989,95
ASK,BSX,399,65
BID,BSX,3989,15
ASK,BSX,399,8
BID,WMT,3989,90
ASK,WMT,399,97
BID,WMT,3989,12
ASK,WMT,3989,35
BID,WMT,3988,31
ASK,WMT,3991,74
BID,WMT,3988,8
ASK,WMT,3989,50
BID,BSX,3988,34
ASK,BSX,3988,37
BID,WMT,3987,87
ASK,WMT,3986,1
BID,BSX,3985,38
ASK,BSX,3984,65
BID,BSX,3982,100
ASK,BSX,3983,57
BID,WMT,3982,16
ASK,WMT,3983,64
BID,WMT,3981,68
ASK,WMT,3982,66
BID,WMT,3981,82
ASK,WMT,398,50
BID,WMT,3979,82
ASK,WMT,3979,51
BID,BSX,3979,93
ASK,BSX,3977,20
BID,BSX,3976,27
ASK,BSX,3976,27
BID,WMT,3975,12
ASK,WMT,3975,71
BID,BSX,3975,45
ASK,BSX,3975,100
BID,WMT,3974,85
ASK,WMT,3975,65
BID,WMT,3974,73
ASK,WMT,3975,30
BID,WMT,3974,52
ASK,WMT,3969,58
BID,WMT,3969,10
ASK,WMT,3969,13
BID,WMT,3969,95
ASK,WMT,3971,42
BID,WMT,3969,16
ASK,WMT,3967,56
BID,BSX,3967,12
ASK,BSX,3967,26
BID,BSX,3966,34
ASK,BSX,3967,75
BID,BSX,3966,28
ASK,BSX,3969,60
BID,BSX,3966,19
ASK,BSX,3966,94
BID,BSX,3965,70
ASK,BSX,3967,93
BID,WMT,3965,97
ASK,WMT,3966,42
BID,BSX,3965,88
ASK,BSX,3965,11
BID,WMT,3964,9
ASK,WMT,3963,55
BID,WMT,3962,90
ASK,WMT,3961,17
BID,BSX,396,68
ASK,BSX,396,12
BID,BSX,3959,3
ASK,BSX,3959,51
BID,BSX,3958,17
ASK,BSX,396,48
BID,BSX,3957,54
ASK,BSX,3958,81
BID,BSX,3957,72
ASK,BSX,3956,51
BID,WMT,3955,94
ASK,WMT,3955,93
BID,BSX,3954,75
ASK,BSX,3954,71
BID,BSX,3953,13
ASK,BSX,3954,67
BID,BSX,3953,75
ASK,BSX,3954,89
BID,WMT,3953,2
ASK,WMT,3953,54
BID,BSX,3953,52
ASK,BSX,3952,38
BID,BSX,3951,14
ASK,BSX,3951,42
BID,BSX,395,18
ASK,BSX,3948,99
BID,BSX,3947,94
ASK,BSX,3947,28
BID,WMT,3946,29
ASK,WMT,3943,34
BID,WMT,3943,10
ASK,WMT,3943,40
BID,WMT,3943,100
ASK,WMT,3945,20
BID,BSX,3942,28
ASK,BSX,3941,44
BID,BSX,394,97
ASK,BSX,3941,58
BID,BSX,394,14
ASK,BSX,3939,75
BID,BSX,3938,56
ASK,BSX,3938,90
BID,WMT,3937,68
ASK,WMT,3937,10
BID,BSX,3936,95
ASK,BSX,3936,44
BID,BSX,3935,38
ASK,BSX,3936,1
BID,BSX,3935,14
ASK,BSX,3935,27
BID,BSX,3934,24
ASK,BSX,3935,66
BID,BSX,3934,102
ASK,BSX,3937,17
BID,WMT,3933,36
ASK,WMT,3933,56
BID,BSX,3932,42
ASK,BSX,3934,24
BID,BSX,3932,38
ASK,BSX,3932,98
BID,BSX,3931,54
ASK,BSX,3932,45
BID,BSX,3931,18
ASK,BSX,3933,87
BID,BSX,3931,42
ASK,BSX,3932,89
BID,BSX,3931,101
ASK,BSX,3931,1
BID,WMT,393,82
ASK,WMT,3929,91
BID,WMT,3929,32
ASK,WMT,3929,61
BID,WMT,3929,13
ASK,WMT,3929,67
BID,BSX,3929,68
ASK,BSX,3926,54
BID,BSX,3925,26
ASK,BSX,3926,38
BID,WMT,3923,55
ASK,WMT,3923,64
BID,WMT,3923,15
ASK,WMT,3923,37
BID,WMT,3923,26
ASK,WMT,3923,95
BID,WMT,3922,36
ASK,WMT,3922,24
BID,BSX,3921,45
ASK,BSX,3922,42
BID,BSX,3921,83
ASK,BSX,392,31
BID,BSX,3919,62
ASK,BSX,3916,38
BID,WMT,3915,6
ASK,WMT,3915,15
BID,BSX,3915,1
ASK,BSX,3913,31
BID,WMT,3912,32
ASK,WMT,3912,10
BID,BSX,3912,71
ASK,BSX,3911,27
BID,BSX,391,61
ASK,BSX,3911,81
BID,WMT,391,46
ASK,WMT,3908,41
BID,BSX,3908,11
ASK,BSX,3904,25
BID,WMT,3903,34
ASK,WMT,3905,1
BID,BSX,3901,8
ASK,BSX,390,89
BID,BSX,3899,37
ASK,BSX,3898,1
BID,BSX,3897,71
ASK,BSX,3899,97
BID,BSX,3897,10
ASK,BSX,3898,54
BID,BSX,3897,102
ASK,BSX,3897,37
BID,BSX,3896,76
ASK,BSX,3897,25
BID,BSX,3896,76
ASK,BSX,3896,83
BID,WMT,3895,6
ASK,WMT,3894,22
BID,BSX,3894,23
ASK,BSX,3894,75
BID,WMT,3893,93
ASK,WMT,3892,70
BID,BSX,3891,30
ASK,BSX,3891,50
BID,BSX,389,91
ASK,BSX,389,13
BID,BSX,3889,59
ASK,BSX,3889,57
BID,WMT,3888,2
ASK,WMT,3886,50
BID,BSX,3886,27
ASK,BSX,3887,81
BID,BSX,3886,92
ASK,BSX,3887,69
BID,WMT,3886,60
ASK,WMT,3886,19
BID,BSX,3886,98
ASK,BSX,3886,28
BID,BSX,3885,5
ASK,BSX,3887,8
BID,BSX,3885,40
ASK,BSX,3887,28
BID,WMT,3885,71
ASK,WMT,3885,86
BID,BSX,3884,9
ASK,BSX,3885,39
BID,BSX,3884,79
ASK,BSX,3883,10
BID,BSX,3882,8
ASK,BSX,3883,49
BID,WMT,3882,23
ASK,WMT,3882,64
BID,WMT,3882,73
ASK,WMT,3879,8
BID,BSX,3879,35
ASK,BSX,3881,66
BID,WMT,3879,89
ASK,WMT,3878,89
BID,BSX,3878,22
ASK,BSX,3878,73
BID,WMT,3877,44
ASK,WMT,3877,99
BID,BSX,3876,34
ASK,BSX,3877,75
BID,BSX,3876,83
ASK,BSX,3877,75
BID,BSX,3876,12
ASK,BSX,3877,99
BID,BSX,3876,43
ASK,BSX,3876,87
BID,BSX,3875,95
ASK,BSX,3875,16
BID,BSX,3874,94
ASK,BSX,3874,86
BID,WMT,3873,75
ASK,WMT,3873,59
BID,WMT,3872,87
ASK,WMT,3873,42
BID,BSX,3872,28
ASK,BSX,3873,79
BID,WMT,3872,44
ASK,WMT,3871,22
BID,BSX,387,27
ASK,BSX,3867,102
BID,BSX,3866,46
ASK,BSX,3866,45
BID,BSX,3865,13
ASK,BSX,3866,2
BID,WMT,3865,65
ASK,WMT,3864,97
BID,WMT,3864,73
ASK,WMT,3864,22
BID,WMT,3863,60
ASK,WMT,3865,67
BID,WMT,3863,82
ASK,WMT,3863,30
BID,WMT,3862,21
ASK,WMT,3862,13
BID,WMT,3862,68
ASK,WMT,3862,79
BID,WMT,3861,85
ASK,WMT,3861,11
BID,WMT,3861,51
ASK,WMT,3861,94
BID,BSX,386,48
ASK,BSX,3861,31
BID,BSX,386,6
ASK,BSX,386,23
BID,BSX,3859,1
ASK,BSX,386,8
BID,BSX,3859,47
ASK,BSX,3859,60
BID,BSX,3858,6
ASK,BSX,3859,17
BID,BSX,3858,87
ASK,BSX,3858,70
BID,BSX,3857,8
ASK,BSX,3859,63
BID,BSX,3857,94
ASK,BSX,3858,52
BID,BSX,3857,28
ASK,BSX,3856,5
BID,WMT,3855,6
ASK,WMT,3853,94
BID,BSX,3853,60
ASK,BSX,3849,43
BID,BSX,3848,62
ASK,BSX,3848,21
BID,WMT,3847,72
ASK,WMT,3847,64
BID,BSX,3847,64
ASK,BSX,3845,52
BID,WMT,3844,93
ASK,WMT,3843,15
BID,WMT,3842,91
ASK,WMT,3843,93
BID,WMT,3842,49
ASK,WMT,3843,42
BID,BSX,3842,16
ASK,BSX,3843,85
BID,BSX,3842,53
ASK,BSX,3843,17
BID,BSX,3842,97
ASK,BSX,3843,62
BID,WMT,3842,50
ASK,WMT,384,76
BID,BSX,3839,38
ASK,BSX,384,64
BID,BSX,3839,82
ASK,BSX,3839,80
BID,BSX,3838,85
ASK,BSX,3839,12
BID,BSX,3838,42
ASK,BSX,3838,42
BID,BSX,3837,48
ASK,BSX,3836,81
BID,WMT,3835,20
ASK,WMT,3833,52
BID,WMT,3833,99
ASK,WMT,3831,10
BID,WMT,3831,40
ASK,WMT,3831,81
BID,BSX,3831,71
ASK,BSX,383,15
BID,BSX,3829,77
ASK,BSX,383,58
BID,BSX,3829,87
ASK,BSX,3827,2
BID,BSX,3826,76
ASK,BSX,3826,92
BID,BSX,3825,17
ASK,BSX,3827,59
BID,BSX,3824,33
ASK,BSX,3824,92
BID,BSX,3823,24
ASK,BSX,3822,55
BID,BSX,3821,17
ASK,BSX,3822,76
BID,BSX,3821,11
ASK,BSX,382,54
BID,BSX,3819,62
ASK,BSX,382,35
BID,BSX,3819,63
ASK,BSX,382,87
BID,BSX,3819,26
ASK,BSX,3818,38
BID,BSX,3817,45
ASK,BSX,3818,25
BID,BSX,3817,31
ASK,BSX,3817,49
BID,WMT,3816,65
ASK,WMT,3816,43
BID,WMT,3815,6
ASK,WMT,3815,7
BID,WMT,3814,1
ASK,WMT,3815,89
BID,BSX,3814,52
ASK,BSX,3814,96
BID,BSX,3813,19
ASK,BSX,3813,11
BID,WMT,3812,99
ASK,WMT,3813,21
BID,BSX,3812,70
ASK,BSX,3812,68
BID,WMT,3811,17
ASK,WMT,3809,40
BID,WMT,3809,28
ASK,WMT,3809,46
BID,BSX,3809,68
ASK,BSX,3807,2
BID,WMT,3806,81
ASK,WMT,3806,71
BID,WMT,3805,3
ASK,WMT,3803,12
BID,BSX,3803,22
ASK,BSX,3804,92
BID,BSX,3803,99
ASK,BSX,3803,99
BID,BSX,3802,19
ASK,BSX,3803,36
BID,BSX,3802,101
ASK,BSX,3802,23
BID,BSX,380,62
ASK,BSX,3801,85
BID,BSX,380,76
ASK,BSX,3801,69
BID,BSX,380,84
ASK,BSX,3801,11
BID,BSX,380,24
ASK,BSX,380,52
BID,WMT,3799,5
ASK,WMT,3799,21
BID,BSX,3798,50
ASK,BSX,3799,31
BID,BSX,3798,36
ASK,BSX,3798,75
BID,BSX,3797,73
ASK,BSX,3798,70
BID,BSX,3797,30
ASK,BSX,3796,14
BID,WMT,3795,92
ASK,WMT,3793,55
BID,BSX,3793,92
ASK,BSX,3793,80
BID,BSX,3792,27
ASK,BSX,3793,67
BID,BSX,3792,74
ASK,BSX,3792,69
BID,BSX,3791,41
ASK,BSX,3791,42
BID,BSX,379,7
ASK,BSX,3791,15
BID,BSX,379,11
ASK,BSX,3789,26
BID,WMT,3788,63
ASK,WMT,3786,88
BID,BSX,3785,34
ASK,BSX,3785,41
BID,BSX,3784,36
ASK,BSX,3784,44
BID,BSX,3783,80
ASK,BSX,3782,102
BID,BSX,3781,88
ASK,BSX,378,77
BID,BSX,3779,36
ASK,BSX,3779,85
BID,BSX,3778,39
ASK,BSX,3778,23
BID,BSX,3777,77
ASK,BSX,3778,82
BID,BSX,3777,39
ASK,BSX,3776,65
BID,BSX,3775,56
ASK,BSX,3774,69
BID,BSX,3772,43
ASK,BSX,3772,96
BID,BSX,3771,58
ASK,BSX,3772,1
BID,BSX,3771,3
ASK,BSX,3767,32
BID,BSX,3766,53
ASK,BSX,3766,9
BID,WMT,3765,68
ASK,WMT,3764,29
BID,BSX,3763,29
ASK,BSX,376,70
BID,BSX,3759,36
ASK,BSX,3758,68
BID,BSX,3757,2
ASK,BSX,3756,50
BID,BSX,3755,29
ASK,BSX,3755,42
BID,BSX,3754,58
ASK,BSX,3755,21
BID,BSX,3754,4
ASK,BSX,3753,75
BID,BSX,3752,32
ASK,BSX,3752,67
BID,BSX,3751,60
ASK,BSX,3752,40
BID,BSX,3751,50
ASK,BSX,3751,72
BID,BSX,375,32
ASK,BSX,375,2
BID,BSX,3749,55
ASK,BSX,3749,89
BID,BSX,3748,34
ASK,BSX,3749,26
BID,BSX,3748,6
ASK,BSX,3751,50
BID,BSX,3746,11
ASK,BSX,3746,102
BID,BSX,3745,76
ASK,BSX,3747,9
BID,BSX,3745,83
ASK,BSX,3744,17
BID,BSX,3743,21
ASK,BSX,3743,2
BID,BSX,3742,18
ASK,BSX,3743,8
BID,BSX,3742,21
ASK,BSX,3743,90
BID,BSX,3742,38
ASK,BSX,374,58
BID,BSX,3739,71
ASK,BSX,3738,8
BID,BSX,3737,77
ASK,BSX,3734,56
BID,BSX,3733,93
ASK,BSX,3729,40
BID,BSX,3728,94
ASK,BSX,3728,98
BID,BSX,3727,60
ASK,BSX,3726,97
BID,BSX,3725,87
ASK,BSX,3725,14
BID,BSX,3724,41
ASK,BSX,3723,83
BID,BSX,3722,57
ASK,BSX,3723,18
BID,BSX,3721,80
ASK,BSX,3719,44
BID,BSX,3717,95
ASK,BSX,3717,87
BID,BSX,3716,45
ASK,BSX,3717,63
BID,BSX,3715,39
ASK,BSX,3716,85
BID,BSX,3715,42
ASK,BSX,3716,55
BID,BSX,3715,93
ASK,BSX,3716,24
BID,BSX,3715,98
ASK,BSX,3714,3
BID,BSX,3713,46
ASK,BSX,3713,14
BID,BSX,3712,78
ASK,BSX,3703,83
BID,BSX,3702,75
ASK,BSX,3703,23
BID,BSX,3701,100
ASK,BSX,3701,3
BID,BSX,370,66
ASK,BSX,3698,80
BID,BSX,3697,52
ASK,BSX,3698,61
BID,BSX,3697,88
ASK,BSX,3694,3
BID,BSX,3693,72
ASK,BSX,369,41
BID,BSX,3688,15
ASK,BSX,3689,13
BID,BSX,3688,52
ASK,BSX,3689,49
BID,BSX,3687,22
ASK,BSX,3687,14
BID,BSX,3686,86
ASK,BSX,3688,59
BID,BSX,3686,27
ASK,BSX,3684,15
BID,BSX,3683,69
ASK,BSX,3684,59
BID,BSX,3683,102
ASK,BSX,3683,3
BID,WMT,3682,32
ASK,WMT,3679,47
BID,BSX,3678,2
ASK,BSX,3678,32
BID,BSX,3677,67
ASK,BSX,3677,43
BID,BSX,3676,28
ASK,BSX,3676,3
BID,BSX,3675,42
ASK,BSX,3676,88
BID,BSX,3675,20
ASK,BSX,3674,74
BID,BSX,3671,4
ASK,BSX,3672,41
BID,BSX,3671,53
ASK,BSX,3672,37
BID,BSX,3671,59
ASK,BSX,3671,41
BID,BSX,367,72
ASK,BSX,3668,91
BID,BSX,3667,68
ASK,BSX,3666,70
BID,BSX,3665,60
ASK,BSX,3666,100
BID,BSX,3663,9
ASK,BSX,3664,88
BID,BSX,3663,100
ASK,BSX,3661,46
BID,BSX,366,7
ASK,BSX,3656,70
BID,WMT,3655,76
ASK,WMT,3653,34
BID,WMT,3651,39
ASK,WMT,3653,52
BID,WMT,3651,97
ASK,WMT,3645,101
BID,BSX,3645,55
ASK,BSX,3645,22
BID,BSX,3644,16
ASK,BSX,3643,98
BID,BSX,3642,24
ASK,BSX,364,73
BID,BSX,3639,63
ASK,BSX,3641,16
BID,BSX,3639,48
ASK,BSX,3638,47
BID,BSX,3637,73
ASK,BSX,3634,49
BID,BSX,3633,67
ASK,BSX,3633,99
BID,BSX,3632,60
ASK,BSX,3633,63
BID,BSX,3632,52
ASK,BSX,3629,14
BID,BSX,3628,9
ASK,BSX,3628,9
BID,BSX,3627,62
ASK,BSX,3625,14
BID,BSX,3624,88
ASK,BSX,3625,83
BID,BSX,3624,55
ASK,BSX,362,4
BID,BSX,3619,27
ASK,BSX,362,78
BID,BSX,3616,102
ASK,BSX,3606,73
BID,BSX,3605,59
ASK,BSX,3605,19
BID,BSX,3604,73
ASK,BSX,3602,48
BID,BSX,3601,14
ASK,BSX,3602,40
BID,BSX,3601,50
ASK,BSX,360,43
BID,BSX,3599,50
ASK,BSX,360,38
BID,BSX,3599,11
ASK,BSX,3597,48
BID,BSX,3596,75
ASK,BSX,3594,51
BID,BSX,3593,73
ASK,BSX,3594,47
BID,WMT,3593,24
ASK,WMT,3592,53
BID,BSX,3592,91
ASK,BSX,3596,30
BID,BSX,3592,85
ASK,BSX,3596,62
BID,BSX,3592,36
ASK,BSX,3592,24
BID,BSX,3591,68
ASK,BSX,3592,101
BID,BSX,3591,56
ASK,BSX,3592,2
BID,BSX,3591,27
ASK,BSX,3589,13
BID,BSX,3587,29
ASK,BSX,3588,10
BID,BSX,3587,39
ASK,BSX,3586,43
BID,BSX,3585,9
ASK,BSX,3584,46
BID,BSX,3583,88
ASK,BSX,3576,47
BID,BSX,3575,34
ASK,BSX,3571,43
BID,BSX,357,73
ASK,BSX,3559,20
BID,WMT,3558,78
ASK,WMT,3559,61
BID,BSX,3557,76
ASK,BSX,3556,50
BID,BSX,3555,43
ASK,BSX,3554,74
BID,BSX,3553,27
ASK,BSX,3551,91
BID,BSX,355,21
ASK,BSX,355,82
BID,BSX,3549,95
ASK,BSX,3548,8
BID,BSX,3547,46
ASK,BSX,3547,53
BID,BSX,3546,78
ASK,BSX,3545,25
BID,BSX,3544,18
ASK,BSX,3545,94
BID,BSX,3544,14
ASK,BSX,3543,24
BID,BSX,3542,46
ASK,BSX,354,49
BID,BSX,3539,61
ASK,BSX,354,59
BID,BSX,3538,40
ASK,BSX,354,29
BID,BSX,3538,6
ASK,BSX,3534,53
BID,BSX,3533,54
ASK,BSX,3533,47
BID,BSX,3532,98
ASK,BSX,353,60
BID,BSX,3529,86
ASK,BSX,353,26
BID,BSX,3529,69
ASK,BSX,3528,20
BID,BSX,3527,65
ASK,BSX,3525,93
BID,BSX,3524,38
ASK,BSX,3523,39
BID,BSX,3522,62
ASK,BSX,3522,3
BID,BSX,3521,2
ASK,BSX,3522,69
BID,BSX,3521,19
ASK,BSX,3517,33
BID,BSX,3516,18
ASK,BSX,3515,98
BID,BSX,3513,87
ASK,BSX,3514,68
BID,BSX,3513,60
ASK,BSX,3511,17
BID,BSX,351,7
ASK,BSX,3515,41
BID,BSX,3508,51
ASK,BSX,3506,4
BID,BSX,3505,92
ASK,BSX,3505,20
BID,BSX,3504,30
ASK,BSX,3507,3
BID,BSX,3503,100
ASK,BSX,3492,52
BID,BSX,349,25
ASK,BSX,3483,29
BID,BSX,3482,25
ASK,BSX,3483,57
BID,BSX,3481,88
ASK,BSX,3482,79
BID,BSX,3481,93
ASK,BSX,3481,24
BID,WMT,348,52
ASK,WMT,3468,91
BID,BSX,3468,45
ASK,BSX,3469,57
BID,BSX,3468,91
ASK,BSX,3467,3
BID,BSX,3466,44
ASK,BSX,3466,37
BID,BSX,3465,51
ASK,BSX,3465,12
BID,BSX,3464,34
ASK,BSX,3459,52
BID,BSX,3458,100
ASK,BSX,3459,14
BID,BSX,3458,4
ASK,BSX,3455,48
BID,BSX,3454,35
ASK,BSX,3455,53
BID,BSX,3454,79
ASK,BSX,3449,11
BID,BSX,3447,45
ASK,BSX,3444,42
BID,BSX,3443,3
ASK,BSX,3439,53
BID,BSX,3438,62
ASK,BSX,3441,56
BID,BSX,3436,49
ASK,BSX,3436,83
BID,BSX,3435,4
ASK,BSX,3427,20
BID,BSX,3425,77
ASK,BSX,3426,29
BID,BSX,3425,20
ASK,BSX,3426,14
BID,BSX,3424,27
ASK,BSX,3422,68
BID,BSX,3421,26
ASK,BSX,3416,8
BID,BSX,3415,5
ASK,BSX,3413,91
BID,BSX,341,30
ASK,BSX,3408,3
BID,BSX,3407,95
ASK,BSX,3407,8
BID,BSX,3406,12
ASK,BSX,3401,62
BID,BSX,3399,13
ASK,BSX,3398,43
BID,BSX,3397,90
ASK,BSX,3389,92
BID,BSX,3388,11
ASK,BSX,3386,59
BID,BSX,3385,59
ASK,BSX,3386,80
BID,BSX,3385,14
ASK,BSX,3381,70
BID,BSX,338,8
ASK,BSX,338,8
BID,BSX,3379,74
ASK,BSX,337,76
BID,BSX,3369,67
ASK,BSX,337,23
BID,BSX,3369,28
ASK,BSX,3365,90
BID,BSX,3364,25
ASK,BSX,336,80
BID,BSX,3359,16
ASK,BSX,336,101
BID,BSX,3358,39
ASK,BSX,3356,95
BID,BSX,3355,61
ASK,BSX,3356,36
BID,BSX,3355,68
ASK,BSX,3351,61
BID,BSX,335,59
ASK,BSX,3345,93
BID,BSX,3344,23
ASK,BSX,3333,94
BID,BSX,3332,22
ASK,BSX,3329,57
BID,BSX,3328,29
ASK,BSX,3315,82
BID,BSX,3314,60
ASK,BSX,3282,79
BID,BSX,3281,39
ASK,BSX,3264,78
BID,BSX,3263,75
ASK,BSX,3233,26
BID,BSX,3225,66
ASK,BSX,3162,58
BID,BSX,3161,35
ASK,BSX,3136,74
BID,BSX,3134,73
ASK,BSX,3119,72
BID,BSX,3118,1
ASK,BSX,3103,60
BID,BSX,310,56
ASK,BSX,3099,24
BID,BSX,3098,64
ASK,BSX,3064,86
BID,BSX,306,60
ASK,BSX,3019,42
BID,BSX,3017,2
ASK,BSX,299,11
BID,BSX,2875,13
ASK,BSX,2879,102
BID,BSX,2826,14
ASK,BSX,2828,53
BID,BSX,2821,82
ASK,BSX,2822,10
BID,BSX,276,25
ASK,BSX,2756,60
BID,BSX,2725,61
ASK,BSX,2724,98
BID,BSX,272,11
ASK,BSX,2723,86
BID,BSX,2582,43
ASK,BSX,2582,19
ASK,TUS,2121,2
BID,TUS,212,39
ASK,TUS,2121,13
BID,TUS,212,33
ASK,TUS,2121,38
BID,TUS,212,74
ASK,TUS,2121,27
BID,TUS,212,27
ASK,TUS,212,9
BID,TUS,2119,97
ASK,TUS,2119,35
BID,TUS,2118,6
ASK,TUS,2118,12
BID,TUS,2117,65
ASK,TUS,2118,78
BID,TUS,2117,22
ASK,TUS,2118,63
BID,TUS,2117,2
ASK,TUS,2117,48
BID,TUS,2116,67
ASK,TUS,2117,88
BID,TUS,2116,46
ASK,TUS,2115,93
BID,TUS,2114,63
ASK,TUS,2115,80
BID,TUS,2114,88
ASK,TUS,2115,67
BID,TUS,2114,21
ASK,TUS,2114,84
BID,TUS,2113,7
ASK,TUS,2114,36
BID,TUS,2113,37
ASK,TUS,2111,85
BID,TUS,211,94
ASK,TUS,211,51
BID,TUS,2109,91
ASK,TUS,2109,96
BID,TUS,2108,73
ASK,TUS,2107,41
BID,TUS,2107,3
ASK,TUS,2106,34
BID,TUS,2105,25
ASK,TUS,2105,33
BID,TUS,2104,70
ASK,TUS,2104,54
BID,TUS,2104,44
ASK,TUS,2104,72
BID,TUS,2103,30
ASK,TUS,2103,53
BID,TUS,2102,96
ASK,TUS,2102,15
BID,TUS,2101,40
ASK,TUS,2101,34
BID,TUS,210,86
ASK,TUS,2101,79
BID,TUS,210,87
ASK,TUS,210,96
BID,TUS,2099,99
ASK,TUS,210,75
BID,TUS,2099,30
ASK,TUS,2099,19
BID,TUS,2098,51
ASK,TUS,2098,7
BID,TUS,2097,61
ASK,TUS,2095,78
BID,TUS,2094,74
ASK,TUS,2095,51
BID,TUS,2094,44
ASK,TUS,2095,85
BID,TUS,2094,99
ASK,TUS,209,51
BID,TUS,2089,35
ASK,TUS,2088,99
BID,TUS,2087,35
ASK,TUS,2087,33
BID,TUS,2085,13
ASK,TUS,2084,69
BID,TUS,2083,55
ASK,TUS,2082,33
BID,TUS,2082,54
ASK,TUS,2082,59
BID,TUS,2081,98
ASK,TUS,2081,71
BID,TUS,208,83
ASK,TUS,208,57
BID,TUS,2079,74
ASK,TUS,208,34
BID,TUS,2079,4
ASK,TUS,208,56
BID,TUS,2079,70
ASK,TUS,208,87
BID,TUS,2079,31
ASK,TUS,2079,75
BID,TUS,2078,23
ASK,TUS,2079,69
BID,TUS,2078,12
ASK,TUS,2079,7
BID,TUS,2078,6
ASK,TUS,2078,22
BID,TUS,2077,86
ASK,TUS,2077,48
BID,TUS,2076,62
ASK,TUS,2077,47
BID,TUS,2076,5
ASK,TUS,2075,21
BID,TUS,2074,37
ASK,TUS,2075,38
BID,TUS,2074,56
ASK,TUS,2073,69
BID,TUS,2073,102
ASK,TUS,2073,80
BID,TUS,2072,46
ASK,TUS,2072,16
BID,TUS,2071,1
ASK,TUS,2072,88
BID,TUS,2071,38
ASK,TUS,2071,12
BID,TUS,207,94
ASK,TUS,2071,16
BID,TUS,207,61
ASK,TUS,207,69
BID,TUS,207,10
ASK,TUS,207,80
BID,TUS,207,80
ASK,TUS,207,91
BID,TUS,2069,47
ASK,TUS,2069,19
BID,TUS,2068,10
ASK,TUS,2069,59
BID,TUS,2068,72
ASK,TUS,2068,85
BID,TUS,2067,79
ASK,TUS,2068,17
BID,TUS,2067,47
ASK,TUS,2067,61
BID,TUS,2066,30
ASK,TUS,2066,76
BID,TUS,2065,32
ASK,TUS,2064,68
BID,TUS,2064,61
ASK,TUS,2064,28
BID,TUS,2064,20
ASK,TUS,2064,92
BID,TUS,2063,56
ASK,TUS,2064,98
BID,TUS,2063,25
ASK,TUS,2064,56
BID,TUS,2063,69
ASK,TUS,2063,8
BID,TUS,2062,94
ASK,TUS,2063,10
BID,TUS,2062,13
ASK,TUS,2062,78
BID,TUS,2061,62
ASK,TUS,2061,29
BID,TUS,2061,26
ASK,TUS,2061,40
BID,TUS,2061,85
ASK,TUS,2058,63
BID,TUS,2058,102
ASK,TUS,2058,25
BID,TUS,2057,50
ASK,TUS,2058,29
BID,TUS,2057,50
ASK,TUS,2058,67
BID,TUS,2057,36
ASK,TUS,2057,32
BID,TUS,2056,43
ASK,TUS,2057,35
BID,TUS,2056,3
ASK,TUS,2055,25
BID,TUS,2055,98
ASK,TUS,2053,93
BID,TUS,2052,19
ASK,TUS,2052,65
BID,TUS,2051,73
ASK,TUS,2052,38
BID,TUS,2051,4
ASK,TUS,2052,44
BID,TUS,2051,26
ASK,TUS,2052,31
BID,TUS,2051,81
ASK,TUS,2052,95
BID,TUS,2051,61
ASK,TUS,2051,4
BID,TUS,205,79
ASK,TUS,2049,30
BID,TUS,2048,44
ASK,TUS,2048,100
BID,TUS,2047,47
ASK,TUS,2048,36
BID,TUS,2047,25
ASK,TUS,2045,23
BID,TUS,2044,28
ASK,TUS,2045,81
BID,TUS,2044,9
ASK,TUS,2044,89
BID,TUS,2043,11
ASK,TUS,2042,8
BID,TUS,2041,102
ASK,TUS,2041,98
BID,TUS,204,101
ASK,TUS,2041,28
BID,TUS,204,12
ASK,TUS,2041,18
BID,TUS,204,99
ASK,TUS,204,24
BID,TUS,2039,5
ASK,TUS,2039,63
BID,TUS,2039,54
ASK,TUS,2039,9
BID,TUS,2039,48
ASK,TUS,2038,41
BID,TUS,2037,58
ASK,TUS,2037,101
BID,TUS,2036,8
ASK,TUS,2035,36
BID,TUS,2034,16
ASK,TUS,2033,6
BID,TUS,2032,66
ASK,TUS,2032,36
BID,TUS,2031,79
ASK,TUS,2032,80
BID,TUS,2031,80
ASK,TUS,203,11
BID,TUS,2029,13
ASK,TUS,203,98
BID,TUS,2029,96
ASK,TUS,2029,73
BID,TUS,2028,87
ASK,TUS,2025,76
BID,TUS,2024,69
ASK,TUS,2024,96
BID,TUS,2024,31
ASK,TUS,2022,47
BID,TUS,2021,41
ASK,TUS,2022,76
BID,TUS,2021,35
ASK,TUS,2021,14
BID,TUS,2021,99
ASK,TUS,2021,56
BID,TUS,202,74
ASK,TUS,202,32
BID,TUS,2019,92
ASK,TUS,2021,101
BID,TUS,2018,74
ASK,TUS,2019,95
BID,TUS,2018,97
ASK,TUS,2018,9
BID,TUS,2017,82
ASK,TUS,2017,52
BID,TUS,2016,69
ASK,TUS,201,12
BID,TUS,2009,21
ASK,TUS,2004,24
BID,TUS,2003,46
ASK,TUS,2001,99
BID,TUS,200,34
ASK,TUS,1999,46
BID,TUS,1998,79
ASK,TUS,1999,51
BID,TUS,1998,8
ASK,TUS,1998,101
BID,TUS,1997,1
ASK,TUS,1998,5
BID,TUS,1997,88
ASK,TUS,1997,6
BID,TUS,1996,47
ASK,TUS,1997,69
BID,TUS,1996,88
ASK,TUS,1996,79
BID,TUS,1995,100
ASK,TUS,1995,13
BID,TUS,1994,51
ASK,TUS,1995,101
BID,TUS,1994,35
ASK,TUS,1993,37
BID,TUS,1992,34
ASK,TUS,1991,15
BID,TUS,199,100
ASK,TUS,1991,99
BID,TUS,199,25
ASK,TUS,1989,60
BID,TUS,1988,52
ASK,TUS,1989,40
BID,TUS,1988,85
ASK,TUS,1988,9
BID,TUS,1987,61
ASK,TUS,1985,55
BID,TUS,1984,13
ASK,TUS,1984,45
BID,TUS,1983,13
ASK,TUS,1983,77
BID,TUS,1982,4
ASK,TUS,1983,15
BID,TUS,1982,27
ASK,TUS,1982,97
BID,TUS,1981,33
ASK,TUS,198,81
BID,TUS,1979,100
ASK,TUS,1979,69
BID,TUS,1978,70
ASK,TUS,1979,12
BID,TUS,1978,92
ASK,TUS,1978,38
BID,TUS,1977,96
ASK,TUS,1977,38
BID,TUS,1976,89
ASK,TUS,1977,23
BID,TUS,1976,11
ASK,TUS,1973,20
BID,TUS,1972,85
ASK,TUS,1972,36
BID,TUS,1971,81
ASK,TUS,1971,72
BID,TUS,1971,61
ASK,TUS,1971,85
BID,TUS,197,24
ASK,TUS,197,59
BID,TUS,1969,44
ASK,TUS,1965,7
BID,TUS,1965,59
ASK,TUS,1965,1
BID,TUS,1964,101
ASK,TUS,1965,24
BID,TUS,1964,101
ASK,TUS,1965,1
BID,TUS,1964,73
ASK,TUS,1965,6
BID,TUS,1964,23
ASK,TUS,1963,82
BID,TUS,1962,51
ASK,TUS,1961,20
BID,TUS,196,77
ASK,TUS,1959,61
BID,TUS,1958,25
ASK,TUS,1959,73
BID,TUS,1958,73
ASK,TUS,1957,5
BID,TUS,1956,34
ASK,TUS,1957,20
BID,TUS,1956,83
ASK,TUS,1956,51
BID,TUS,1955,81
ASK,TUS,1956,100
BID,TUS,1955,79
ASK,TUS,1956,86
BID,TUS,1955,44
ASK,TUS,1954,99
BID,TUS,1953,95
ASK,TUS,1954,82
BID,TUS,1953,6
ASK,TUS,1954,55
BID,TUS,1953,75
ASK,TUS,1954,75
BID,TUS,1953,72
ASK,TUS,1953,25
BID,TUS,1952,7
ASK,TUS,1953,3
BID,TUS,1952,98
ASK,TUS,1952,48
BID,TUS,1951,97
ASK,TUS,1952,16
BID,TUS,1951,82
ASK,TUS,195,75
BID,TUS,1949,39
ASK,TUS,1949,77
BID,TUS,1948,25
ASK,TUS,1949,94
BID,TUS,1948,74
ASK,TUS,1949,15
BID,TUS,1948,19
ASK,TUS,1948,54
BID,TUS,1947,71
ASK,TUS,1948,66
BID,TUS,1947,5
ASK,TUS,1947,8
BID,TUS,1946,49
ASK,TUS,1946,73
BID,TUS,1945,21
ASK,TUS,1945,16
BID,TUS,1944,62
ASK,TUS,1945,100
BID,TUS,1944,47
ASK,TUS,1944,89
BID,TUS,1944,61
ASK,TUS,1944,5
BID,TUS,1943,57
ASK,TUS,1944,27
BID,TUS,1943,47
ASK,TUS,1943,8
BID,TUS,1942,48
ASK,TUS,1943,71
BID,TUS,1942,72
ASK,TUS,1943,54
BID,TUS,1942,38
ASK,TUS,1942,93
BID,TUS,1941,91
ASK,TUS,1942,91
BID,TUS,1941,27
ASK,TUS,1941,25
BID,TUS,194,95
ASK,TUS,1941,29
BID,TUS,194,6
ASK,TUS,194,66
BID,TUS,1939,67
ASK,TUS,194,93
BID,TUS,1939,65
ASK,TUS,194,12
BID,TUS,1939,46
ASK,TUS,1937,44
BID,TUS,1936,6
ASK,TUS,1937,42
BID,TUS,1936,52
ASK,TUS,1937,93
BID,TUS,1936,85
ASK,TUS,1936,76
BID,TUS,1935,32
ASK,TUS,1936,85
BID,TUS,1935,77
ASK,TUS,1936,24
BID,TUS,1935,36
ASK,TUS,1935,27
BID,TUS,1934,7
ASK,TUS,1935,72
BID,TUS,1934,14
ASK,TUS,1934,9
BID,TUS,1933,79
ASK,TUS,1934,87
BID,TUS,1933,89
ASK,TUS,1932,2
BID,TUS,1931,71
ASK,TUS,1931,87
BID,TUS,1931,99
ASK,TUS,1931,82
BID,TUS,193,87
ASK,TUS,193,26
BID,TUS,1929,81
ASK,TUS,1929,32
BID,TUS,1928,52
ASK,TUS,1928,25
BID,TUS,1928,73
ASK,TUS,1927,48
BID,TUS,1926,9
ASK,TUS,1927,97
BID,TUS,1926,41
ASK,TUS,1926,50
BID,TUS,1925,12
ASK,TUS,1926,33
BID,TUS,1925,45
ASK,TUS,1926,55
BID,TUS,1925,17
ASK,TUS,1926,39
BID,TUS,1925,72
ASK,TUS,1925,69
BID,TUS,1924,33
ASK,TUS,1925,2
BID,TUS,1924,102
ASK,TUS,1925,85
BID,TUS,1924,96
ASK,TUS,1924,90
BID,TUS,1923,58
ASK,TUS,1923,15
BID,TUS,1922,46
ASK,TUS,1922,5
BID,TUS,1921,18
ASK,TUS,1921,48
BID,TUS,192,45
ASK,TUS,1921,35
BID,TUS,192,18
ASK,TUS,1921,83
BID,TUS,192,30
ASK,TUS,192,15
BID,TUS,1919,58
ASK,TUS,1919,72
BID,TUS,1919,91
ASK,TUS,1919,89
BID,TUS,1918,65
ASK,TUS,1918,23
BID,TUS,1917,18
ASK,TUS,1917,25
BID,TUS,1916,71
ASK,TUS,1917,92
BID,TUS,1916,45
ASK,TUS,1916,11
BID,TUS,1915,6
ASK,TUS,1916,16
BID,TUS,1915,63
ASK,TUS,1916,60
BID,TUS,1915,18
ASK,TUS,1916,69
BID,TUS,1915,58
ASK,TUS,1915,43
BID,TUS,1914,68
ASK,TUS,1915,90
BID,TUS,1914,29
ASK,TUS,1915,19
BID,TUS,1914,101
ASK,TUS,1913,53
BID,TUS,1912,44
ASK,TUS,1913,31
BID,TUS,1912,65
ASK,TUS,1913,101
BID,TUS,1912,65
ASK,TUS,1913,47
BID,TUS,1912,67
ASK,TUS,1913,10
BID,TUS,1912,31
ASK,TUS,1912,42
BID,TUS,1911,3
ASK,TUS,1912,80
BID,TUS,1911,34
ASK,TUS,191,24
BID,TUS,191,49
ASK,TUS,191,22
BID,TUS,1909,38
ASK,TUS,191,19
BID,TUS,1909,79
ASK,TUS,191,48
BID,TUS,1909,82
ASK,TUS,191,99
BID,TUS,1909,21
ASK,TUS,1909,74
BID,TUS,1908,1
ASK,TUS,1909,61
BID,TUS,1908,68
ASK,TUS,1908,15
BID,TUS,1907,54
ASK,TUS,1908,5
BID,TUS,1907,27
ASK,TUS,1908,68
BID,TUS,1907,57
ASK,TUS,1907,9
BID,TUS,1906,77
ASK,TUS,1906,58
BID,TUS,1905,46
ASK,TUS,1906,6
BID,TUS,1905,92
ASK,TUS,1904,38
BID,TUS,1904,91
ASK,TUS,1904,36
BID,TUS,1903,47
ASK,TUS,1904,34
BID,TUS,1903,97
ASK,TUS,1903,37
BID,TUS,1902,47
ASK,TUS,1902,27
BID,TUS,1901,75
ASK,TUS,1902,34
BID,TUS,1901,18
ASK,TUS,1902,35
BID,TUS,1901,13
ASK,TUS,1901,4
BID,TUS,190,48
ASK,TUS,1901,81
BID,TUS,190,49
ASK,TUS,1901,90
BID,TUS,190,99
ASK,TUS,1901,28
BID,TUS,190,94
ASK,TUS,190,18
BID,TUS,1899,72
ASK,TUS,1899,13
BID,TUS,1898,48
ASK,TUS,1898,93
BID,TUS,1897,59
ASK,TUS,1898,55
BID,TUS,1897,35
ASK,TUS,1898,98
BID,TUS,1897,7
ASK,TUS,1898,9
BID,TUS,1897,22
ASK,TUS,1897,17
BID,TUS,1896,23
ASK,TUS,1896,48
BID,TUS,1895,15
ASK,TUS,1894,89
BID,TUS,1893,40
ASK,TUS,1894,23
BID,TUS,1893,23
ASK,TUS,1892,11
BID,TUS,1891,93
ASK,TUS,1892,75
BID,TUS,1891,98
ASK,TUS,1892,53
BID,TUS,1891,7
ASK,TUS,1891,19
BID,TUS,189,102
ASK,TUS,189,27
BID,TUS,1889,46
ASK,TUS,189,45
BID,TUS,1889,71
ASK,TUS,1888,33
BID,TUS,1887,91
ASK,TUS,1887,53
BID,TUS,1886,25
ASK,TUS,1887,73
BID,TUS,1886,38
ASK,TUS,1885,60
BID,TUS,1884,71
ASK,TUS,1885,99
BID,TUS,1884,34
ASK,TUS,1884,51
BID,TUS,1883,44
ASK,TUS,1884,75
BID,TUS,1883,11
ASK,TUS,1883,43
BID,TUS,1882,91
ASK,TUS,1883,37
BID,TUS,1882,102
ASK,TUS,1883,11
BID,TUS,1882,30
ASK,TUS,1882,25
BID,TUS,1881,80
ASK,TUS,1882,19
BID,TUS,1881,50
ASK,TUS,1881,97
BID,TUS,188,16
ASK,TUS,1881,86
BID,TUS,188,22
ASK,TUS,188,6
BID,TUS,1879,56
ASK,TUS,1879,76
BID,TUS,1878,68
ASK,TUS,1878,84
BID,TUS,1877,30
ASK,TUS,1878,36
BID,TUS,1877,22
ASK,TUS,1877,11
BID,TUS,1876,58
ASK,TUS,1877,45
BID,TUS,1876,96
ASK,TUS,1877,67
BID,TUS,1876,89
ASK,TUS,1877,48
BID,TUS,1876,68
ASK,TUS,1876,31
BID,TUS,1875,43
ASK,TUS,1875,35
BID,TUS,1874,72
ASK,TUS,1875,75
BID,TUS,1874,99
ASK,TUS,1874,78
BID,TUS,1873,11
ASK,TUS,1874,9
BID,TUS,1873,85
ASK,TUS,1873,3
BID,TUS,1872,84
ASK,TUS,1873,96
BID,TUS,1872,52
ASK,TUS,1873,23
BID,TUS,1872,55
ASK,TUS,1872,88
BID,TUS,1871,63
ASK,TUS,1872,95
BID,TUS,1871,45
ASK,TUS,1871,27
BID,TUS,187,99
ASK,TUS,1871,59
BID,TUS,187,75
ASK,TUS,1871,56
BID,TUS,187,69
ASK,TUS,187,94
BID,TUS,187,28
ASK,TUS,1869,101
BID,TUS,1868,55
ASK,TUS,1868,83
BID,TUS,1867,6
ASK,TUS,1868,39
BID,TUS,1867,72
ASK,TUS,1868,30
BID,TUS,1867,87
ASK,TUS,1867,52
BID,TUS,1866,8
ASK,TUS,1866,10
BID,TUS,1865,66
ASK,TUS,1865,54
BID,TUS,1864,81
ASK,TUS,1864,81
BID,TUS,1864,40
ASK,TUS,1862,34
BID,TUS,1861,82
ASK,TUS,1862,27
BID,TUS,1861,34
ASK,TUS,1862,100
BID,TUS,1861,36
ASK,TUS,1862,3
BID,TUS,1861,83
ASK,TUS,1861,23
BID,TUS,186,82
ASK,TUS,186,42
BID,TUS,1859,83
ASK,TUS,1858,19
BID,TUS,1857,84
ASK,TUS,1858,69
BID,TUS,1857,44
ASK,TUS,1858,7
BID,TUS,1857,8
ASK,TUS,1857,12
BID,TUS,1856,41
ASK,TUS,1857,77
BID,TUS,1856,102
ASK,TUS,1855,57
BID,TUS,1854,74
ASK,TUS,1854,49
BID,TUS,1854,98
ASK,TUS,1852,39
BID,TUS,1851,72
ASK,TUS,1852,32
BID,TUS,1851,6
ASK,TUS,185,40
BID,TUS,1849,100
ASK,TUS,185,83
BID,TUS,1849,37
ASK,TUS,1848,95
BID,TUS,1847,58
ASK,TUS,1847,83
BID,TUS,1846,30
ASK,TUS,1847,52
BID,TUS,1846,75
ASK,TUS,1847,101
BID,TUS,1846,17
ASK,TUS,1847,7
BID,TUS,1846,77
ASK,TUS,1846,42
BID,TUS,1845,94
ASK,TUS,1846,102
BID,TUS,1845,24
ASK,TUS,1845,8
BID,TUS,1844,45
ASK,TUS,1845,4
BID,TUS,1844,6
ASK,TUS,1844,71
BID,TUS,1843,21
ASK,TUS,1844,87
BID,TUS,1843,45
ASK,TUS,1843,16
BID,TUS,1842,80
ASK,TUS,1843,62
BID,TUS,1842,18
ASK,TUS,1843,52
BID,TUS,1842,17
ASK,TUS,1843,68
BID,TUS,1842,18
ASK,TUS,1842,36
BID,TUS,1841,67
ASK,TUS,1842,51
BID,TUS,1841,67
ASK,TUS,1841,14
BID,TUS,184,33
ASK,TUS,1841,35
BID,TUS,184,83
ASK,TUS,1841,28
BID,TUS,184,99
ASK,TUS,1841,5
BID,TUS,184,84
ASK,TUS,184,47
BID,TUS,1839,97
ASK,TUS,1839,16
BID,TUS,1838,35
ASK,TUS,1839,4
BID,TUS,1838,12
ASK,TUS,1839,11
BID,TUS,1838,94
ASK,TUS,1839,43
BID,TUS,1838,1
ASK,TUS,1837,12
BID,TUS,1836,25
ASK,TUS,1837,63
BID,TUS,1836,3
ASK,TUS,1837,54
BID,TUS,1836,83
ASK,TUS,1837,35
BID,TUS,1836,93
ASK,TUS,1836,18
BID,TUS,1835,81
ASK,TUS,1835,92
BID,TUS,1834,26
ASK,TUS,1835,33
BID,TUS,1834,36
ASK,TUS,1833,90
BID,TUS,1832,50
ASK,TUS,1833,21
BID,TUS,1832,68
ASK,TUS,1832,87
BID,TUS,1831,33
ASK,TUS,1832,4
BID,TUS,1831,15
ASK,TUS,1832,78
BID,TUS,1831,63
ASK,TUS,1831,69
BID,TUS,183,26
ASK,TUS,1831,18
BID,TUS,183,29
ASK,TUS,183,60
BID,TUS,183,38
ASK,TUS,183,92
BID,TUS,1829,76
ASK,TUS,183,102
BID,TUS,1829,47
ASK,TUS,1828,70
BID,TUS,1827,78
ASK,TUS,1828,7
BID,TUS,1827,31
ASK,TUS,1828,45
BID,TUS,1827,71
ASK,TUS,1828,1
BID,TUS,1827,82
ASK,TUS,1827,13
BID,TUS,1826,23
ASK,TUS,1826,79
BID,TUS,1825,65
ASK,TUS,1826,84
BID,TUS,1825,65
ASK,TUS,1826,44
BID,TUS,1825,21
ASK,TUS,1824,7
BID,TUS,1823,20
ASK,TUS,1823,28
BID,TUS,1822,79
ASK,TUS,1823,18
BID,TUS,1822,55
ASK,TUS,1823,83
BID,TUS,1822,41
ASK,TUS,1822,96
BID,TUS,1821,25
ASK,TUS,1822,11
BID,TUS,1821,83
ASK,TUS,1821,74
BID,TUS,1821,40
ASK,TUS,1821,55
BID,TUS,1821,56
ASK,TUS,1821,10
BID,TUS,182,46
ASK,TUS,1818,61
BID,TUS,1818,67
ASK,TUS,1816,102
BID,TUS,1815,3
ASK,TUS,1816,97
BID,TUS,1815,43
ASK,TUS,1816,19
BID,TUS,1815,41
ASK,TUS,1815,67
BID,TUS,1814,48
ASK,TUS,1815,98
BID,TUS,1814,25
ASK,TUS,1814,47
BID,TUS,1813,36
ASK,TUS,1814,35
BID,TUS,1813,55
ASK,TUS,1812,15
BID,TUS,1811,63
ASK,TUS,1812,95
BID,TUS,1811,97
ASK,TUS,1811,57
BID,TUS,1811,31
ASK,TUS,1811,102
BID,TUS,181,18
ASK,TUS,1811,73
BID,TUS,181,83
ASK,TUS,181,71
BID,TUS,1809,32
ASK,TUS,1808,43
BID,TUS,1807,7
ASK,TUS,1807,76
BID,TUS,1806,13
ASK,TUS,1807,43
BID,TUS,1806,102
ASK,TUS,1807,66
BID,TUS,1806,61
ASK,TUS,1807,78
BID,TUS,1806,69
ASK,TUS,1806,34
BID,TUS,1805,80
ASK,TUS,1806,77
BID,TUS,1805,21
ASK,TUS,1806,33
BID,TUS,1805,63
ASK,TUS,1806,97
BID,TUS,1805,11
ASK,TUS,1805,19
BID,TUS,1805,1
ASK,TUS,1805,93
BID,TUS,1804,25
ASK,TUS,1805,48
BID,TUS,1804,45
ASK,TUS,1803,71
BID,TUS,1802,27
ASK,TUS,1803,58
BID,TUS,1802,58
ASK,TUS,1803,46
BID,TUS,1802,88
ASK,TUS,1802,99
BID,TUS,1801,59
ASK,TUS,1802,85
BID,TUS,1801,97
ASK,TUS,1802,47
BID,TUS,1801,7
ASK,TUS,1802,83
BID,TUS,1801,74
ASK,TUS,1801,6
BID,TUS,180,26
ASK,TUS,1801,23
BID,TUS,180,58
ASK,TUS,180,31
BID,TUS,1799,1
ASK,TUS,1799,95
BID,TUS,1799,21
ASK,TUS,1796,48
BID,TUS,1796,64
ASK,TUS,1795,36
BID,TUS,1794,78
ASK,TUS,1793,52
BID,TUS,1793,75
ASK,TUS,1793,2
BID,TUS,1792,29
ASK,TUS,1792,24
BID,TUS,1791,29
ASK,TUS,179,54
BID,TUS,1789,33
ASK,TUS,1789,69
BID,TUS,1788,73
ASK,TUS,1788,58
BID,TUS,1787,89
ASK,TUS,1787,94
BID,TUS,1787,45
ASK,TUS,1787,42
BID,TUS,1786,10
ASK,TUS,1785,6
BID,TUS,1784,56
ASK,TUS,1784,39
BID,TUS,1784,60
ASK,TUS,1784,33
BID,TUS,1783,8
ASK,TUS,1782,59
BID,TUS,1781,2
ASK,TUS,178,43
BID,TUS,1779,85
ASK,TUS,1779,27
BID,TUS,1778,90
ASK,TUS,1776,99
BID,TUS,1775,4
ASK,TUS,1776,50
BID,TUS,1775,95
ASK,TUS,1774,8
BID,TUS,1773,20
ASK,TUS,1771,80
BID,TUS,1771,69
ASK,TUS,177,38
BID,TUS,1769,67
ASK,TUS,1769,18
BID,TUS,1768,51
ASK,TUS,1769,16
BID,TUS,1768,34
ASK,TUS,1768,53
BID,TUS,1767,50
ASK,TUS,1765,86
BID,TUS,1764,27
ASK,TUS,1765,27
BID,TUS,1764,89
ASK,TUS,1765,55
BID,TUS,1764,52
ASK,TUS,1763,31
BID,TUS,1762,44
ASK,TUS,1762,2
BID,TUS,1761,31
ASK,TUS,1762,24
BID,TUS,1761,12
ASK,TUS,1761,49
BID,TUS,176,53
ASK,TUS,1761,66
BID,TUS,176,62
ASK,TUS,1761,1
BID,TUS,176,54
ASK,TUS,1761,7
BID,TUS,176,50
ASK,TUS,1761,72
BID,TUS,176,63
ASK,TUS,1758,66
BID,TUS,1757,87
ASK,TUS,1758,29
BID,TUS,1757,27
ASK,TUS,1757,28
BID,TUS,1756,84
ASK,TUS,1756,8
BID,TUS,1756,100
ASK,TUS,1755,73
BID,TUS,1754,61
ASK,TUS,1754,13
BID,TUS,1753,92
ASK,TUS,1754,52
BID,TUS,1753,26
ASK,TUS,1754,74
BID,TUS,1753,81
ASK,TUS,1754,97
BID,TUS,1753,3
ASK,TUS,1753,41
BID,TUS,1753,85
ASK,TUS,1753,52
BID,TUS,1752,89
ASK,TUS,1753,99
BID,TUS,1752,52
ASK,TUS,1753,16
BID,TUS,1752,85
ASK,TUS,1752,71
BID,TUS,1751,44
ASK,TUS,1752,101
BID,TUS,1751,65
ASK,TUS,1752,91
BID,TUS,1751,6
ASK,TUS,1751,22
BID,TUS,175,40
ASK,TUS,1751,30
BID,TUS,175,91
ASK,TUS,1751,65
BID,TUS,175,21
ASK,TUS,1751,38
BID,TUS,175,79
ASK,TUS,1751,14
BID,TUS,175,13
ASK,TUS,175,63
BID,TUS,175,76
ASK,TUS,175,102
BID,TUS,175,84
ASK,TUS,175,72
BID,TUS,1749,76
ASK,TUS,175,31
BID,TUS,1749,21
ASK,TUS,1749,6
BID,TUS,1748,45
ASK,TUS,1749,23
BID,TUS,1748,20
ASK,TUS,1748,97
BID,TUS,1747,87
ASK,TUS,1747,47
BID,TUS,1746,79
ASK,TUS,1744,7
BID,TUS,1743,85
ASK,TUS,1743,42
BID,TUS,1742,33
ASK,TUS,1743,99
BID,TUS,1742,60
ASK,TUS,1741,50
BID,TUS,174,38
ASK,TUS,174,44
BID,TUS,1739,80
ASK,TUS,1739,25
BID,TUS,1738,29
ASK,TUS,1737,96
BID,TUS,1736,36
ASK,TUS,1734,25
BID,TUS,1733,99
ASK,TUS,1734,86
BID,TUS,1733,95
ASK,TUS,1734,12
BID,TUS,1733,7
ASK,TUS,1732,96
BID,TUS,1731,82
ASK,TUS,1732,85
BID,TUS,1731,3
ASK,TUS,1731,8
BID,TUS,173,60
ASK,TUS,1731,46
BID,TUS,173,21
ASK,TUS,173,65
BID,TUS,1729,56
ASK,TUS,1729,40
BID,TUS,1728,49
ASK,TUS,1729,33
BID,TUS,1728,92
ASK,TUS,1728,12
BID,TUS,1727,81
ASK,TUS,1727,8
BID,TUS,1726,16
ASK,TUS,1727,85
BID,TUS,1726,16
ASK,TUS,1727,61
BID,TUS,1726,29
ASK,TUS,1726,90
BID,TUS,1725,4
ASK,TUS,1726,28
BID,TUS,1725,91
ASK,TUS,1725,22
BID,TUS,1724,26
ASK,TUS,1725,38
BID,TUS,1724,101
ASK,TUS,1724,47
BID,TUS,1723,36
ASK,TUS,1724,63
BID,TUS,1723,101
ASK,TUS,1721,30
BID,TUS,172,24
ASK,TUS,1721,83
BID,TUS,172,25
ASK,TUS,1721,86
BID,TUS,172,6
ASK,TUS,172,19
BID,TUS,1719,52
ASK,TUS,172,16
BID,TUS,1719,20
ASK,TUS,172,5
BID,TUS,1719,56
ASK,TUS,172,88
BID,TUS,1719,55
ASK,TUS,172,83
BID,TUS,1719,18
ASK,TUS,172,4
BID,TUS,1719,94
ASK,TUS,1719,66
BID,TUS,1718,63
ASK,TUS,1719,76
BID,TUS,1718,49
ASK,TUS,1718,98
BID,TUS,1717,45
ASK,TUS,1718,95
BID,TUS,1717,38
ASK,TUS,1718,83
BID,TUS,1717,67
ASK,TUS,1717,101
BID,TUS,1716,13
ASK,TUS,1716,34
BID,TUS,1715,82
ASK,TUS,1716,101
BID,TUS,1715,94
ASK,TUS,1714,34
BID,TUS,1713,4
ASK,TUS,1713,77
BID,TUS,1712,81
ASK,TUS,1713,66
BID,TUS,1712,93
ASK,TUS,1713,76
BID,TUS,1712,51
ASK,TUS,1711,26
BID,TUS,171,59
ASK,TUS,171,95
BID,TUS,1709,89
ASK,TUS,171,54
BID,TUS,1709,54
ASK,TUS,171,6
BID,TUS,1709,82
ASK,TUS,1709,15
BID,TUS,1708,34
ASK,TUS,1709,24
BID,TUS,1708,66
ASK,TUS,1707,66
BID,TUS,1706,95
ASK,TUS,1706,7
BID,TUS,1705,71
ASK,TUS,1705,13
BID,TUS,1704,35
ASK,TUS,1704,51
BID,TUS,1703,61
ASK,TUS,1704,75
BID,TUS,1703,87
ASK,TUS,1704,32
BID,TUS,1703,100
ASK,TUS,1703,14
BID,TUS,1702,93
ASK,TUS,1703,59
BID,TUS,1702,85
ASK,TUS,1703,45
BID,TUS,1702,44
ASK,TUS,1703,19
BID,TUS,1702,16
ASK,TUS,1701,91
BID,TUS,170,47
ASK,TUS,170,93
BID,TUS,1699,1
ASK,TUS,1699,90
BID,TUS,1698,102
ASK,TUS,1699,15
BID,TUS,1698,83
ASK,TUS,1697,75
BID,TUS,1696,96
ASK,TUS,1697,87
BID,TUS,1696,92
ASK,TUS,1697,91
BID,TUS,1696,82
ASK,TUS,1697,88
BID,TUS,1696,91
ASK,TUS,1696,83
BID,TUS,1695,26
ASK,TUS,1695,86
BID,TUS,1694,66
ASK,TUS,1695,40
BID,TUS,1694,98
ASK,TUS,1694,25
BID,TUS,1694,91
ASK,TUS,1693,97
BID,TUS,1692,30
ASK,TUS,1692,75
BID,TUS,1691,15
ASK,TUS,1692,67
BID,TUS,1691,16
ASK,TUS,1692,83
BID,TUS,1691,102
ASK,TUS,1692,86
BID,TUS,1691,45
ASK,TUS,1691,17
BID,TUS,169,69
ASK,TUS,1691,102
BID,TUS,169,16
ASK,TUS,169,62
BID,TUS,1689,17
ASK,TUS,169,47
BID,TUS,1689,21
ASK,TUS,1688,97
BID,TUS,1687,92
ASK,TUS,1688,29
BID,TUS,1687,53
ASK,TUS,1685,84
BID,TUS,1684,11
ASK,TUS,1684,57
BID,TUS,1683,50
ASK,TUS,1684,70
BID,TUS,1683,67
ASK,TUS,1683,90
BID,TUS,1682,26
ASK,TUS,1683,75
BID,TUS,1682,8
ASK,TUS,1683,19
BID,TUS,1682,100
ASK,TUS,1683,62
BID,TUS,1682,21
ASK,TUS,1682,41
BID,TUS,1681,32
ASK,TUS,1682,21
BID,TUS,1681,10
ASK,TUS,1681,41
BID,TUS,168,19
ASK,TUS,1681,77
BID,TUS,168,102
ASK,TUS,168,22
BID,TUS,1679,77
ASK,TUS,168,97
BID,TUS,1679,47
ASK,TUS,1679,3
BID,TUS,1678,69
ASK,TUS,1678,42
BID,TUS,1677,21
ASK,TUS,1678,35
BID,TUS,1677,101
ASK,TUS,1678,88
BID,TUS,1677,86
ASK,TUS,1678,98
BID,TUS,1677,38
ASK,TUS,1677,34
BID,TUS,1676,31
ASK,TUS,1676,51
BID,TUS,1675,13
ASK,TUS,1676,59
BID,TUS,1675,71
ASK,TUS,1675,57
BID,TUS,1674,40
ASK,TUS,1675,40
BID,TUS,1674,36
ASK,TUS,1673,102
BID,TUS,1672,52
ASK,TUS,1673,63
BID,TUS,1672,38
ASK,TUS,1672,80
BID,TUS,1671,39
ASK,TUS,1669,101
BID,TUS,1668,63
ASK,TUS,1667,63
BID,TUS,1666,52
ASK,TUS,1667,56
BID,TUS,1666,35
ASK,TUS,1666,101
BID,TUS,1665,57
ASK,TUS,1666,59
BID,TUS,1665,98
ASK,TUS,1663,70
BID,TUS,1662,47
ASK,TUS,1662,69
BID,TUS,1661,102
ASK,TUS,166,84
BID,TUS,1659,26
ASK,TUS,166,88
BID,TUS,1659,86
ASK,TUS,166,75
BID,TUS,1659,37
ASK,TUS,1659,55
BID,TUS,1658,1
ASK,TUS,1658,23
BID,TUS,1657,19
ASK,TUS,1657,45
BID,TUS,1656,32
ASK,TUS,1656,53
BID,TUS,1655,17
ASK,TUS,1656,59
BID,TUS,1655,69
ASK,TUS,1656,23
BID,TUS,1655,61
ASK,TUS,1655,17
BID,TUS,1654,64
ASK,TUS,1653,47
BID,TUS,1652,97
ASK,TUS,1653,73
BID,TUS,1652,35
ASK,TUS,1652,44
BID,TUS,1651,6
ASK,TUS,1651,11
BID,TUS,165,70
ASK,TUS,1649,84
BID,TUS,1648,14
ASK,TUS,1648,54
BID,TUS,1647,29
ASK,TUS,1648,101
BID,TUS,1647,9
ASK,TUS,1646,43
BID,TUS,1645,3
ASK,TUS,1646,42
BID,TUS,1645,88
ASK,TUS,1644,60
BID,TUS,1643,60
ASK,TUS,1643,21
BID,TUS,1642,69
ASK,TUS,1642,8
BID,TUS,1641,90
ASK,TUS,1641,33
BID,TUS,164,80
ASK,TUS,1641,42
BID,TUS,164,60
ASK,TUS,1641,72
BID,TUS,164,93
ASK,TUS,1639,70
BID,TUS,1638,6
ASK,TUS,1633,50
BID,TUS,1632,31
ASK,TUS,1631,31
BID,TUS,163,78
ASK,TUS,1631,59
BID,TUS,163,98
ASK,TUS,1631,56
BID,TUS,163,93
ASK,TUS,163,100
BID,TUS,1629,74
ASK,TUS,1626,90
BID,TUS,1625,98
ASK,TUS,1625,97
BID,TUS,1624,23
ASK,TUS,1624,52
BID,TUS,1623,3
ASK,TUS,1624,30
BID,TUS,1623,4
ASK,TUS,1622,55
BID,TUS,1621,55
ASK,TUS,1622,40
BID,TUS,1621,97
ASK,TUS,162,46
BID,TUS,1619,100
ASK,TUS,1618,26
BID,TUS,1617,45
ASK,TUS,1618,33
BID,TUS,1617,38
ASK,TUS,1618,45
BID,TUS,1617,4
ASK,TUS,1612,89
BID,TUS,1611,89
ASK,TUS,1612,95
BID,TUS,1611,19
ASK,TUS,1612,96
BID,TUS,1611,22
ASK,TUS,1612,81
BID,TUS,1611,56
ASK,TUS,1611,44
BID,TUS,161,60
ASK,TUS,161,48
BID,TUS,1609,79
ASK,TUS,161,41
BID,TUS,1609,88
ASK,TUS,161,18
BID,TUS,1609,36
ASK,TUS,1609,99
BID,TUS,1608,102
ASK,TUS,1607,76
BID,TUS,1606,41
ASK,TUS,1607,26
BID,TUS,1606,18
ASK,TUS,1607,68
BID,TUS,1606,36
ASK,TUS,1603,61
BID,TUS,1602,94
ASK,TUS,160,97
BID,TUS,1599,76
ASK,TUS,160,6
BID,TUS,1599,27
ASK,TUS,1596,52
BID,TUS,1595,37
ASK,TUS,1596,71
BID,TUS,1595,67
ASK,TUS,1594,31
BID,TUS,1593,53
ASK,TUS,1594,61
BID,TUS,1593,80
ASK,TUS,1593,24
BID,TUS,1592,55
ASK,TUS,1592,67
BID,TUS,1591,50
ASK,TUS,159,36
BID,TUS,1589,45
ASK,TUS,1589,36
BID,TUS,1588,14
ASK,TUS,1589,68
BID,TUS,1588,1
ASK,TUS,1588,65
BID,TUS,1587,87
ASK,TUS,1586,16
BID,TUS,1585,73
ASK,TUS,1585,74
BID,TUS,1584,91
ASK,TUS,1585,99
BID,TUS,1584,41
ASK,TUS,1583,31
BID,TUS,1582,88
ASK,TUS,1582,10
BID,TUS,1581,79
ASK,TUS,1582,35
BID,TUS,1581,12
ASK,TUS,158,96
BID,TUS,1579,26
ASK,TUS,1579,51
BID,TUS,1578,33
ASK,TUS,1577,61
BID,TUS,1576,96
ASK,TUS,1575,60
BID,TUS,1574,10
ASK,TUS,1575,87
BID,TUS,1574,64
ASK,TUS,1574,25
BID,TUS,1573,73
ASK,TUS,1574,61
BID,TUS,1573,99
ASK,TUS,157,41
BID,TUS,1569,101
ASK,TUS,1567,71
BID,TUS,1566,7
ASK,TUS,1567,80
BID,TUS,1566,58
ASK,TUS,1565,78
BID,TUS,1564,77
ASK,TUS,1565,95
BID,TUS,1564,83
ASK,TUS,1564,46
BID,TUS,1563,70
ASK,TUS,1563,70
BID,TUS,1562,95
ASK,TUS,1563,15
BID,TUS,1562,13
ASK,TUS,1561,86
BID,TUS,156,7
ASK,TUS,1561,62
BID,TUS,156,88
ASK,TUS,156,52
BID,TUS,1559,101
ASK,TUS,1558,71
BID,TUS,1557,65
ASK,TUS,1558,73
BID,TUS,1557,44
ASK,TUS,1558,79
BID,TUS,1557,41
ASK,TUS,1555,75
BID,TUS,1554,83
ASK,TUS,1554,2
BID,TUS,1553,30
ASK,TUS,1554,68
BID,TUS,1553,83
ASK,TUS,1552,86
BID,TUS,1551,32
ASK,TUS,1551,5
BID,TUS,155,8
ASK,TUS,1551,24
BID,TUS,155,6
ASK,TUS,1545,3
BID,TUS,1544,42
ASK,TUS,154,61
BID,TUS,1539,12
ASK,TUS,1539,54
BID,TUS,1538,22
ASK,TUS,1539,37
BID,TUS,1538,26
ASK,TUS,1537,67
BID,TUS,1536,87
ASK,TUS,1533,8
BID,TUS,1532,21
ASK,TUS,1531,37
BID,TUS,153,24
ASK,TUS,1531,14
BID,TUS,153,11
ASK,TUS,1527,86
BID,TUS,1526,5
ASK,TUS,1527,62
BID,TUS,1526,70
ASK,TUS,1525,52
BID,TUS,1524,76
ASK,TUS,1523,70
BID,TUS,1522,49
ASK,TUS,1523,84
BID,TUS,1522,88
ASK,TUS,1522,7
BID,TUS,1521,79
ASK,TUS,1521,92
BID,TUS,152,14
ASK,TUS,1519,93
BID,TUS,1518,57
ASK,TUS,1516,67
BID,TUS,1515,59
ASK,TUS,1514,16
BID,TUS,1513,33
ASK,TUS,1513,4
BID,TUS,1512,73
ASK,TUS,1513,26
BID,TUS,1512,98
ASK,TUS,1512,45
BID,TUS,1511,76
ASK,TUS,1512,81
BID,TUS,1511,62
ASK,TUS,1509,17
BID,TUS,1508,68
ASK,TUS,1507,7
BID,TUS,1506,85
ASK,TUS,1507,61
BID,TUS,1506,79
ASK,TUS,1503,4
BID,TUS,1502,45
ASK,TUS,1503,35
BID,TUS,1502,10
ASK,TUS,1501,76
BID,TUS,150,31
ASK,TUS,1501,20
BID,TUS,150,33
ASK,TUS,1496,14
BID,TUS,1495,76
ASK,TUS,1496,53
BID,TUS,1495,6
ASK,TUS,1495,95
BID,TUS,1494,6
ASK,TUS,1494,7
BID,TUS,1493,62
ASK,TUS,1491,43
BID,TUS,149,102
ASK,TUS,149,18
BID,TUS,1489,53
ASK,TUS,1488,65
BID,TUS,1487,91
ASK,TUS,1484,15
BID,TUS,1483,42
ASK,TUS,1483,73
BID,TUS,1482,39
ASK,TUS,1481,31
BID,TUS,148,63
ASK,TUS,148,87
BID,TUS,1479,99
ASK,TUS,1479,85
BID,TUS,1478,88
ASK,TUS,1479,23
BID,TUS,1478,52
ASK,TUS,1479,62
BID,TUS,1478,3
ASK,TUS,1478,17
BID,TUS,1477,99
ASK,TUS,1477,10
BID,TUS,1476,66
ASK,TUS,1474,15
BID,TUS,1473,100
ASK,TUS,1474,10
BID,TUS,1473,11
ASK,TUS,1469,23
BID,TUS,1468,41
ASK,TUS,1466,52
BID,TUS,1465,96
ASK,TUS,1465,63
BID,TUS,1464,88
ASK,TUS,1465,43
BID,TUS,1464,81
ASK,TUS,1465,50
BID,TUS,1464,4
ASK,TUS,1463,37
BID,TUS,1462,97
ASK,TUS,1462,27
BID,TUS,1461,62
ASK,TUS,1462,1
BID,TUS,1461,54
ASK,TUS,1462,55
BID,TUS,1461,59
ASK,TUS,146,81
BID,TUS,1459,72
ASK,TUS,1458,74
BID,TUS,1457,86
ASK,TUS,1453,46
BID,TUS,1452,84
ASK,TUS,1453,58
BID,TUS,1452,1
ASK,TUS,1451,74
BID,TUS,145,28
ASK,TUS,1451,45
BID,TUS,145,92
ASK,TUS,1448,35
BID,TUS,1447,99
ASK,TUS,1447,16
BID,TUS,1446,84
ASK,TUS,1445,55
BID,TUS,1444,19
ASK,TUS,1445,18
BID,TUS,1444,12
ASK,TUS,1445,22
BID,TUS,1444,3
ASK,TUS,1441,99
BID,TUS,144,97
ASK,TUS,1441,72
BID,TUS,144,92
ASK,TUS,1438,46
BID,TUS,1437,55
ASK,TUS,1437,64
BID,TUS,1436,39
ASK,TUS,1435,17
BID,TUS,1434,38
ASK,TUS,1433,24
BID,TUS,1432,88
ASK,TUS,1431,38
BID,TUS,143,99
ASK,TUS,1428,52
BID,TUS,1427,78
ASK,TUS,1427,43
BID,TUS,1426,75
ASK,TUS,1427,66
BID,TUS,1426,41
ASK,TUS,1422,1
BID,TUS,1421,71
ASK,TUS,1419,45
BID,TUS,1418,13
ASK,TUS,1418,80
BID,TUS,1417,82
ASK,TUS,1417,83
BID,TUS,1416,83
ASK,TUS,1415,46
BID,TUS,1414,68
ASK,TUS,1415,83
BID,TUS,1414,56
ASK,TUS,1411,34
BID,TUS,141,81
ASK,TUS,1411,8
BID,TUS,141,71
ASK,TUS,1411,68
BID,TUS,141,45
ASK,TUS,1409,28
BID,TUS,1408,57
ASK,TUS,1407,45
BID,TUS,1406,37
ASK,TUS,1402,1
BID,TUS,1401,66
ASK,TUS,1401,85
BID,TUS,140,18
ASK,TUS,1401,34
BID,TUS,140,78
ASK,TUS,1353,24
BID,TUS,1352,90
ASK,TUS,1345,34
BID,TUS,1344,13
